business_name,google_maps_url,website,phone,category,shard,slug,route,address_in_first_commit
"Abide Web Design","https://www.google.com/maps/place/Abide+Web+Design/@46.423669,-129.9427085,3z/data=!4m10!1m2!2m1!1sWeb+Design+and+Digital+Marketing+Albany+Oregon!3m6!1s0x405426c055581ed5:0x204a33e0c069ce21!8m2!3d44.6133844!4d-123.135721!15sCi5XZWIgRGVzaWduIGFuZCBEaWdpdGFsIE1hcmtldGluZyBBbGJhbnkgT3JlZ29uWjAiLndlYiBkZXNpZ24gYW5kIGRpZ2l0YWwgbWFya2V0aW5nIGFsYmFueSBvcmVnb26SARB3ZWJzaXRlX2Rlc2lnbmVymgEkQ2hkRFNVaE5NRzluUzBWSlEwRm5TVU5QZEU1VVR6UlJSUkFC4AEA-gEECAAQSQ!16s%2Fg%2F11b77q36kw?entry=ttu&g_ep=EgoyMDI2MDQyOS4wIKXMDSoASAFQAw%3D%3D","https://abidewebdesign.com/","(541) 2245048","Website designer","albany__business-professional-services","abide-web-design","/city/albany/business-professional-services/abide-web-design/",""
"Ashland Websites","https://www.google.com/maps/place/Ashland+Websites/@46.423669,-129.9427085,3z/data=!4m10!1m2!2m1!1sWeb+Design+and+Digital+Marketing+Albany+Oregon!3m6!1s0x54cf0ceb144dc18b:0x250809cbf33d5d8!8m2!3d42.468515!4d-122.791673!15sCi5XZWIgRGVzaWduIGFuZCBEaWdpdGFsIE1hcmtldGluZyBBbGJhbnkgT3JlZ29uWjAiLndlYiBkZXNpZ24gYW5kIGRpZ2l0YWwgbWFya2V0aW5nIGFsYmFueSBvcmVnb26SARB3ZWJzaXRlX2Rlc2lnbmVymgEkQ2hkRFNVaE5NRzluUzBWSlEwRm5TVU5DZFhaRFRUTlJSUkFC4AEA-gEFCNMCEEw!16s%2Fg%2F1q6cyhpmv?entry=ttu&g_ep=EgoyMDI2MDQyOS4wIKXMDSoASAFQAw%3D%3D","http://www.ashlandwebsites.com/","(541) 2921042","Website designer","albany__business-professional-services","ashland-websites","/city/albany/business-professional-services/ashland-websites/",""
"Cascade Online Design","https://www.google.com/maps/place/Cascade+Online+Design/@46.423669,-129.9427085,3z/data=!4m10!1m2!2m1!1sWeb+Design+and+Digital+Marketing+Albany+Oregon!3m6!1s0x47649128a368f819:0x4935df73d4715eb8!8m2!3d44.5020315!4d-123.159563!15sCi5XZWIgRGVzaWduIGFuZCBEaWdpdGFsIE1hcmtldGluZyBBbGJhbnkgT3JlZ29uWjAiLndlYiBkZXNpZ24gYW5kIGRpZ2l0YWwgbWFya2V0aW5nIGFsYmFueSBvcmVnb26SARB3ZWJzaXRlX2Rlc2lnbmVymgEkQ2hkRFNVaE5NRzluUzBWT1lYTnFiM1owZW5SMVpUSlJSUkFC4AEA-gEFCJgCEEM!16s%2Fg%2F11svd_g4sl?entry=ttu&g_ep=EgoyMDI2MDQyOS4wIKXMDSoASAFQAw%3D%3D","https://www.cascadeonlinedesign.com/","(541) 7406878","Website designer","albany__business-professional-services","cascade-online-design","/city/albany/business-professional-services/cascade-online-design/",""
"Cyber Scriber Website Design","https://www.google.com/maps/place/Cyber+Scriber+Website+Design/@46.423669,-129.9427085,3z/data=!4m10!1m2!2m1!1sWeb+Design+and+Digital+Marketing+Albany+Oregon!3m6!1s0x80ecc764ded8d4a5:0xe3152551a3072e00!8m2!3d44.7590935!4d-123.1034589!15sCi5XZWIgRGVzaWduIGFuZCBEaWdpdGFsIE1hcmtldGluZyBBbGJhbnkgT3JlZ29uWjAiLndlYiBkZXNpZ24gYW5kIGRpZ2l0YWwgbWFya2V0aW5nIGFsYmFueSBvcmVnb26SARB3ZWJzaXRlX2Rlc2lnbmVymgEkQ2hkRFNVaE5NRzluUzBWSlEwRm5TVU5NZVdGcFpYUlJSUkFC4AEA-gEECAAQRQ!16s%2Fg%2F1v41_sbc?entry=ttu&g_ep=EgoyMDI2MDQyOS4wIKXMDSoASAFQAw%3D%3D","https://cyber-scriber.com/","(541) 3275045","Website designer","albany__business-professional-services","cyber-scriber-website-design","/city/albany/business-professional-services/cyber-scriber-website-design/",""
"Deep River Digital","https://www.google.com/maps/place/Deep+River+Digital/@46.423669,-129.9427085,3z/data=!4m10!1m2!2m1!1sWeb+Design+and+Digital+Marketing+Albany+Oregon!3m6!1s0x6c81bdbff905fd85:0x71df0cc53cac52fd!8m2!3d44.8427409!4d-123.274041!15sCi5XZWIgRGVzaWduIGFuZCBEaWdpdGFsIE1hcmtldGluZyBBbGJhbnkgT3JlZ29uWjAiLndlYiBkZXNpZ24gYW5kIGRpZ2l0YWwgbWFya2V0aW5nIGFsYmFueSBvcmVnb26SARppbnRlcm5ldF9tYXJrZXRpbmdfc2VydmljZZoBJENoZERTVWhOTUc5blMwVlFYMEY1Y0VOU2JqbFBhVGxCUlJBQuABAPoBBQipAhBG!16s%2Fg%2F11x8z501kj?entry=ttu&g_ep=EgoyMDI2MDQyOS4wIKXMDSoASAFQAw%3D%3D","https://deepriverdigital.com/","(541) 2437047","Internet marketing service","albany__business-professional-services","deep-river-digital","/city/albany/business-professional-services/deep-river-digital/",""
"Digital Cloud Web Design","https://www.google.com/maps/place/Digital+Cloud+Web+Design/@46.423669,-129.9427085,3z/data=!4m10!1m2!2m1!1sWeb+Design+and+Digital+Marketing+Albany+Oregon!3m6!1s0x54c422b9da6d7525:0xc08b8376e4e832c0!8m2!3d43.116813!4d-123.1323136!15sCi5XZWIgRGVzaWduIGFuZCBEaWdpdGFsIE1hcmtldGluZyBBbGJhbnkgT3JlZ29uWjAiLndlYiBkZXNpZ24gYW5kIGRpZ2l0YWwgbWFya2V0aW5nIGFsYmFueSBvcmVnb26SARB3ZWJzaXRlX2Rlc2lnbmVymgEkQ2hkRFNVaE5NRzluUzBWSlEwRm5TVVJqTUUxVVl6UlJSUkFC4AEA-gEFCJEBEEk!16s%2Fg%2F11hbj7590r?entry=ttu&g_ep=EgoyMDI2MDQyOS4wIKXMDSoASAFQAw%3D%3D","https://digitalcloudnw.com/?utm_source=GMB&utm_medium=organic","(541) 3911038","Website designer","albany__business-professional-services","digital-cloud-web-design","/city/albany/business-professional-services/digital-cloud-web-design/",""
"Effective Web Solutions Albany","https://www.google.com/maps/place/Effective+Web+Solutions+-+Albany/@46.423669,-129.9427085,3z/data=!4m10!1m2!2m1!1sWeb+Design+and+Digital+Marketing+Albany+Oregon!3m6!1s0x54c06dd77e7c8103:0xb8c161c5d63b1820!8m2!3d44.62683!4d-123.0899359!15sCi5XZWIgRGVzaWduIGFuZCBEaWdpdGFsIE1hcmtldGluZyBBbGJhbnkgT3JlZ29uWjAiLndlYiBkZXNpZ24gYW5kIGRpZ2l0YWwgbWFya2V0aW5nIGFsYmFueSBvcmVnb26SARppbnRlcm5ldF9tYXJrZXRpbmdfc2VydmljZZoBI0NoWkRTVWhOTUc5blMwVkpRMEZuU1VSNmMxbEVSVVYzRUFF4AEA-gEFCMQBEEU!16s%2Fg%2F11fjmzz4nx?entry=ttu&g_ep=EgoyMDI2MDQyOS4wIKXMDSoASAFQAw%3D%3D","https://www.effectivewebsolutions.biz/","(503) 4456753","Internet marketing service","albany__business-professional-services","effective-web-solutions-albany","/city/albany/business-professional-services/effective-web-solutions-albany/",""
"Greatness Digital","https://www.google.com/maps/place/Greatness+Digital/@46.423669,-129.9427085,3z/data=!4m10!1m2!2m1!1sWeb+Design+and+Digital+Marketing+Albany+Oregon!3m6!1s0x54c0136eb0a77e6d:0x4670a916e987ca32!8m2!3d46.423669!4d-129.9427086!15sCi5XZWIgRGVzaWduIGFuZCBEaWdpdGFsIE1hcmtldGluZyBBbGJhbnkgT3JlZ29uWjAiLndlYiBkZXNpZ24gYW5kIGRpZ2l0YWwgbWFya2V0aW5nIGFsYmFueSBvcmVnb26SARBtYXJrZXRpbmdfYWdlbmN5mgEjQ2haRFNVaE5NRzluUzBWSlEwRm5TVVJvWDA5NmVXTm5FQUXgAQD6AQQIORA3!16s%2Fg%2F11jmx6xs73?entry=ttu&g_ep=EgoyMDI2MDQyOS4wIKXMDSoASAFQAw%3D%3D","https://greatnessdigital.com/","(503) 9144564","Marketing agency","albany__business-professional-services","greatness-digital","/city/albany/business-professional-services/greatness-digital/",""
"Hubcity Graphics","https://www.google.com/maps/place/Hubcity+Graphics/@46.423669,-129.9427085,3z/data=!4m10!1m2!2m1!1sWeb+Design+and+Digital+Marketing+Albany+Oregon!3m6!1s0x54c06cbf98700001:0xc5f5748fd317fc2d!8m2!3d46.423669!4d-129.9427086!15sCi5XZWIgRGVzaWduIGFuZCBEaWdpdGFsIE1hcmtldGluZyBBbGJhbnkgT3JlZ29uWjAiLndlYiBkZXNpZ24gYW5kIGRpZ2l0YWwgbWFya2V0aW5nIGFsYmFueSBvcmVnb26SARJjb21tZXJjaWFsX3ByaW50ZXKaASRDaGREU1VoTk1HOW5TMFZKUTBGblNVTXROamszUm05M1JSQULgAQD6AQUIswIQQw!16s%2Fg%2F11f55n79n0?entry=ttu&g_ep=EgoyMDI2MDQyOS4wIKXMDSoASAFQAw%3D%3D","http://hubcitygraphics.com/","(541) 6190596","Commercial printer","albany__business-professional-services","hubcity-graphics","/city/albany/business-professional-services/hubcity-graphics/",""
"Meraki Marketing Agency | Website Designer","https://www.google.com/maps/place/Meraki+Marketing+Agency+%7C+Website+Designer/@46.423669,-129.9427085,3z/data=!4m10!1m2!2m1!1sWeb+Design+and+Digital+Marketing+Albany+Oregon!3m6!1s0x54c053e430051165:0xbbc6896764f85ca1!8m2!3d51.3859739!4d-137.0838715!15sCi5XZWIgRGVzaWduIGFuZCBEaWdpdGFsIE1hcmtldGluZyBBbGJhbnkgT3JlZ29uWjAiLndlYiBkZXNpZ24gYW5kIGRpZ2l0YWwgbWFya2V0aW5nIGFsYmFueSBvcmVnb26SARBtYXJrZXRpbmdfYWdlbmN5mgEkQ2hkRFNVaE5NRzluUzBWSlEwRm5TVU5QTVU1aFRuWlJSUkFC4AEA-gEECEIQSw!16s%2Fg%2F11hmpqnpgx?entry=ttu&g_ep=EgoyMDI2MDQyOS4wIKXMDSoASAFQAw%3D%3D","http://www.merakidigitalmarketingagency.com/","(541) 6547896","Marketing agency","albany__business-professional-services","meraki-marketing-agency-website-designer","/city/albany/business-professional-services/meraki-marketing-agency-website-designer/",""
"Method Marketers","https://www.google.com/maps/place/Method+Marketers/@46.423669,-129.9427085,3z/data=!4m10!1m2!2m1!1sWeb+Design+and+Digital+Marketing+Albany+Oregon!3m6!1s0x5495578a820fd7ef:0x1ee6326d95361d40!8m2!3d44.1455904!4d-120.5834015!15sCi5XZWIgRGVzaWduIGFuZCBEaWdpdGFsIE1hcmtldGluZyBBbGJhbnkgT3JlZ29uWjAiLndlYiBkZXNpZ24gYW5kIGRpZ2l0YWwgbWFya2V0aW5nIGFsYmFueSBvcmVnb26SARB3ZWJzaXRlX2Rlc2lnbmVymgEkQ2hkRFNVaE5NRzluUzBWSlEwRm5TVVJrYUMxMkxYVkJSUkFC4AEA-gEECFAQSA!16s%2Fg%2F11hn6q_z45?entry=ttu&g_ep=EgoyMDI2MDQyOS4wIKXMDSoASAFQAw%3D%3D","https://www.wearemethod.co/","(971) 2398208","Website designer","albany__business-professional-services","method-marketers","/city/albany/business-professional-services/method-marketers/",""
"Micah Levason","https://www.google.com/maps/place/Micah+Levason/@46.423669,-129.9427085,3z/data=!4m10!1m2!2m1!1sWeb+Design+and+Digital+Marketing+Albany+Oregon!3m6!1s0x54c06df8a2a6488d:0x8b39960a1c33975a!8m2!3d40.1673945!4d-116.9470729!15sCi5XZWIgRGVzaWduIGFuZCBEaWdpdGFsIE1hcmtldGluZyBBbGJhbnkgT3JlZ29ukgEQd2Vic2l0ZV9kZXNpZ25lcuABAA!16s%2Fg%2F11hdy7dc39?entry=ttu&g_ep=EgoyMDI2MDQyOS4wIKXMDSoASAFQAw%3D%3D","http://www.micahlevason.com/","(971) 8082009","Website designer","albany__business-professional-services","micah-levason","/city/albany/business-professional-services/micah-levason/",""
"Off The Wall Media","https://www.google.com/maps/place/Off+The+Wall+Media/@46.423669,-129.9427085,3z/data=!4m10!1m2!2m1!1sWeb+Design+and+Digital+Marketing+Albany+Oregon!3m6!1s0x54950b7676ed8db7:0x3ce137a43ddcca17!8m2!3d45.3329604!4d-122.5687369!15sCi5XZWIgRGVzaWduIGFuZCBEaWdpdGFsIE1hcmtldGluZyBBbGJhbnkgT3JlZ29ukgEQd2Vic2l0ZV9kZXNpZ25lcuABAA!16s%2Fg%2F1tks60df?entry=ttu&g_ep=EgoyMDI2MDQyOS4wIKXMDSoASAFQAw%3D%3D","https://offthewallmedia.com/","(503) 4521082","Website designer","albany__business-professional-services","off-the-wall-media","/city/albany/business-professional-services/off-the-wall-media/",""
"Rogue Media Group","https://www.google.com/maps/place/Rogue+Media+Group/@46.423669,-129.9427085,3z/data=!4m10!1m2!2m1!1sWeb+Design+and+Digital+Marketing+Albany+Oregon!3m6!1s0x54cf73c19dce0035:0xc414e7493aded47f!8m2!3d42.320098!4d-123.0211896!15sCi5XZWIgRGVzaWduIGFuZCBEaWdpdGFsIE1hcmtldGluZyBBbGJhbnkgT3JlZ29uWjAiLndlYiBkZXNpZ24gYW5kIGRpZ2l0YWwgbWFya2V0aW5nIGFsYmFueSBvcmVnb26SAQ1kZXNpZ25fYWdlbmN5mgEjQ2haRFNVaE5NRzluUzBWSlEwRm5TVVJDTkdNM1pVbFJFQUXgAQD6AQQINBBH!16s%2Fg%2F11qp4c9804?entry=ttu&g_ep=EgoyMDI2MDQyOS4wIKXMDSoASAFQAw%3D%3D","http://roguemedia.group/","(541) 7083735","Design agency","albany__business-professional-services","rogue-media-group","/city/albany/business-professional-services/rogue-media-group/",""
"Rogue Visual Studios, LLC.","https://www.google.com/maps/place/Rogue+Visual+Studios,+LLC./@46.423669,-129.9427085,3z/data=!4m10!1m2!2m1!1sWeb+Design+and+Digital+Marketing+Albany+Oregon!3m6!1s0x41314fbba046de33:0xbfe81af4ddb80083!8m2!3d46.423669!4d-129.9427086!15sCi5XZWIgRGVzaWduIGFuZCBEaWdpdGFsIE1hcmtldGluZyBBbGJhbnkgT3JlZ29ukgEQZ3JhcGhpY19kZXNpZ25lcuABAA!16s%2Fg%2F11vjz5b7vf?entry=ttu&g_ep=EgoyMDI2MDQyOS4wIKXMDSoASAFQAw%3D%3D","https://roguevisualstudios.com/","(541) 7608643","Graphic designer","albany__business-professional-services","rogue-visual-studios-llc","/city/albany/business-professional-services/rogue-visual-studios-llc/",""
"SEO Web Design, LLC","https://www.google.com/maps/place/SEO+Web+Design,+LLC/@46.423669,-129.9427085,3z/data=!4m10!1m2!2m1!1sWeb+Design+and+Digital+Marketing+Albany+Oregon!3m6!1s0x54bfe383c8453789:0x8142deb2aff3b2b5!8m2!3d36.722161!4d-96.9408082!15sCi5XZWIgRGVzaWduIGFuZCBEaWdpdGFsIE1hcmtldGluZyBBbGJhbnkgT3JlZ29uWjAiLndlYiBkZXNpZ24gYW5kIGRpZ2l0YWwgbWFya2V0aW5nIGFsYmFueSBvcmVnb26SARppbnRlcm5ldF9tYXJrZXRpbmdfc2VydmljZeABAA!16s%2Fg%2F12vsc24jb?entry=ttu&g_ep=EgoyMDI2MDQyOS4wIKXMDSoASAFQAw%3D%3D","https://www.seowebdesignllc.com/","(541) 7990040","Internet marketing service","albany__business-professional-services","seo-web-design-llc","/city/albany/business-professional-services/seo-web-design-llc/",""
"Steele Inc.","https://www.google.com/maps/place/Steele+Inc./@46.423669,-129.9427085,3z/data=!4m10!1m2!2m1!1sWeb+Design+and+Digital+Marketing+Albany+Oregon!3m6!1s0x54c044363f2f5389:0xd53dd1af4821be6b!8m2!3d44.1455904!4d-120.5834015!15sCi5XZWIgRGVzaWduIGFuZCBEaWdpdGFsIE1hcmtldGluZyBBbGJhbnkgT3JlZ29ukgEZaW5kdXN0cmlhbF9kZXNpZ25fY29tcGFueeABAA!16s%2Fg%2F11cnbz3d4y?entry=ttu&g_ep=EgoyMDI2MDQyOS4wIKXMDSoASAFQAw%3D%3D","","(541) 5087432","Industrial design company","albany__business-professional-services","steele-inc","/city/albany/business-professional-services/steele-inc/",""
"Stern Design Co","https://www.google.com/maps/place/Stern+Design+Co/@46.423669,-129.9427085,3z/data=!4m10!1m2!2m1!1sWeb+Design+and+Digital+Marketing+Albany+Oregon!3m6!1s0x54cf8d3da67ca8e7:0xbb537e571542d798!8m2!3d42.4959444!4d-123.1623324!15sCi5XZWIgRGVzaWduIGFuZCBEaWdpdGFsIE1hcmtldGluZyBBbGJhbnkgT3JlZ29uWjAiLndlYiBkZXNpZ24gYW5kIGRpZ2l0YWwgbWFya2V0aW5nIGFsYmFueSBvcmVnb26SARB3ZWJzaXRlX2Rlc2lnbmVymgFEQ2k5RFFVbFJRVU52WkVOb2RIbGpSamx2VDJwb1QxSXhVa2RaYkZKRldUTlpNV0ZYTlZGYVJrb3hXbGhhUTFWclJSQULgAQD6AQQINxBM!16s%2Fg%2F11hz0g53qg?entry=ttu&g_ep=EgoyMDI2MDQyOS4wIKXMDSoASAFQAw%3D%3D","https://sterndesign.co/","(541) 8468655","Website designer","albany__business-professional-services","stern-design-co","/city/albany/business-professional-services/stern-design-co/",""
"Tao Websites & Graphic Design","https://www.google.com/maps/place/Tao+Websites+%26+Graphic+Design/@46.423669,-129.9427085,3z/data=!4m10!1m2!2m1!1sWeb+Design+and+Digital+Marketing+Albany+Oregon!3m6!1s0x2f6393627a88d5ad:0x5e73e810e4a7f35f!8m2!3d44.2967829!4d-123.402747!15sCi5XZWIgRGVzaWduIGFuZCBEaWdpdGFsIE1hcmtldGluZyBBbGJhbnkgT3JlZ29uWjAiLndlYiBkZXNpZ24gYW5kIGRpZ2l0YWwgbWFya2V0aW5nIGFsYmFueSBvcmVnb26SARB3ZWJzaXRlX2Rlc2lnbmVymgEjQ2haRFNVaE5NRzluUzBWSlEwRm5TVU5mTTNGVVZVRjNFQUXgAQD6AQQIKRBM!16s%2Fg%2F11ny3rf6rc?entry=ttu&g_ep=EgoyMDI2MDQyOS4wIKXMDSoASAFQAw%3D%3D","http://www.taowebsites.com/","(541) 6048290","Website designer","albany__business-professional-services","tao-websites-graphic-design","/city/albany/business-professional-services/tao-websites-graphic-design/",""
"Aladdin General ConstructionLLC","https://www.google.com/maps/place/Aladdin+General+ConstructionLLC/@46.423669,-129.9427085,3z/data=!4m10!1m2!2m1!1sConcrete+Contractors+Albany+Oregon!3m6!1s0x2c1090d2c334256b:0x241d2e3fc61c8c22!8m2!3d44.62683!4d-123.0899359!15sCiJDb25jcmV0ZSBDb250cmFjdG9ycyBBbGJhbnkgT3JlZ29uWiQiImNvbmNyZXRlIGNvbnRyYWN0b3JzIGFsYmFueSBvcmVnb26SARRjb25zdHJ1Y3Rpb25fY29tcGFueZoBJENoZERTVWhOTUc5blMwVkpRMEZuVFVOUmFYVnVRWFpuUlJBQuABAPoBBQiCARAs!16s%2Fg%2F11vr640n7b?entry=ttu&g_ep=EgoyMDI2MDQyOS4wIKXMDSoASAFQAw%3D%3D","https://www.aladdingeneralconstruction.com/","(541) 9908178","Construction company","albany__construction-home-services","aladdin-general-constructionllc","/city/albany/construction-home-services/aladdin-general-constructionllc/",""
"BCB Corvallis Concrete Contractor","https://www.google.com/maps/place/BCB+Corvallis+Concrete+Contractor/@46.423669,-129.9427085,3z/data=!4m10!1m2!2m1!1sConcrete+Contractors+Albany+Oregon!3m6!1s0xe302723477d243b:0x48c46969d5ee16b3!8m2!3d44.5020315!4d-123.0181835!15sCiJDb25jcmV0ZSBDb250cmFjdG9ycyBBbGJhbnkgT3JlZ29uWiQiImNvbmNyZXRlIGNvbnRyYWN0b3JzIGFsYmFueSBvcmVnb26SARNjb25jcmV0ZV9jb250cmFjdG9ymgEjQ2haRFNVaE5NRzluUzBWSlEwRm5TVVJ3WjFweWNVMTNFQUXgAQD6AQQIChAm!16s%2Fg%2F11vcmc1v_2?entry=ttu&g_ep=EgoyMDI2MDQyOS4wIKXMDSoASAFQAw%3D%3D","https://www.corvallisconcreteservices.com/","(541) 2048412","Concrete contractor","albany__construction-home-services","bcb-corvallis-concrete-contractor","/city/albany/construction-home-services/bcb-corvallis-concrete-contractor/",""
"Castro General Construction LLC","https://www.google.com/maps/place/Castro+General+Construction+LLC/@46.423669,-129.9427085,3z/data=!4m10!1m2!2m1!1sConcrete+Contractors+Albany+Oregon!3m6!1s0x60906354b554cb3:0xb11a73425b72e50f!8m2!3d44.7820102!4d-122.851896!15sCiJDb25jcmV0ZSBDb250cmFjdG9ycyBBbGJhbnkgT3JlZ29uWiQiImNvbmNyZXRlIGNvbnRyYWN0b3JzIGFsYmFueSBvcmVnb26SARNjb25jcmV0ZV9jb250cmFjdG9ymgEkQ2hkRFNVaE5NRzluUzBWSlEwRm5UVU5CY25FM05qUm5SUkFC4AEA-gEECAAQOA!16s%2Fg%2F11ybywdw0p?entry=ttu&g_ep=EgoyMDI2MDQyOS4wIKXMDSoASAFQAw%3D%3D","","(208) 4120806","Concrete contractor","albany__construction-home-services","castro-general-construction-llc","/city/albany/construction-home-services/castro-general-construction-llc/",""
"Chase Plumbing","https://www.google.com/maps/place/Chase+Plumbing/@44.6008285,-124.3164937,9z/data=!4m10!1m2!2m1!1sPlumbers+Albany+Oregon!3m6!1s0xad0084b64f5f46b1:0x916febba703492c8!8m2!3d44.5430145!4d-123.359194!15sChZQbHVtYmVycyBBbGJhbnkgT3JlZ29uWhgiFnBsdW1iZXJzIGFsYmFueSBvcmVnb26SAQdwbHVtYmVymgFEQ2k5RFFVbFJRVU52WkVOb2RIbGpSamx2VDJ0NFNWVnRkelJqUlZKMVl6RmFTazFGWkhWWk0wbzBWa2hrTVU5WFl4QULgAQD6AQQIZRBL!16s%2Fg%2F11rtq2t33l?entry=ttu&g_ep=EgoyMDI2MDQyOS4wIKXMDSoASAFQAw%3D%3D","http://chaseplumbingnow.com/","(541) 7609912","Plumber","albany__construction-home-services","chase-plumbing","/city/albany/construction-home-services/chase-plumbing/",""
"Cojo Excavation and Asphalt","https://www.google.com/maps/place/Cojo+Excavation+and+Asphalt/@46.423669,-129.9427085,3z/data=!4m10!1m2!2m1!1sConcrete+Contractors+Albany+Oregon!3m6!1s0x806dda3ec012a78d:0xc61f4d56c81c5750!8m2!3d44.820183!4d-122.904127!15sCiJDb25jcmV0ZSBDb250cmFjdG9ycyBBbGJhbnkgT3JlZ29uWiQiImNvbmNyZXRlIGNvbnRyYWN0b3JzIGFsYmFueSBvcmVnb26SARVleGNhdmF0aW5nX2NvbnRyYWN0b3KaASRDaGREU1VoTk1HOW5TMFZKUTBGblNVTkViRFZ1ZGpSblJSQULgAQD6AQQIABA2!16s%2Fg%2F11tfk7b1qw?entry=ttu&g_ep=EgoyMDI2MDQyOS4wIKXMDSoASAFQAw%3D%3D","https://cojoasphalt.com/","(541) 4099848","Excavating contractor","albany__construction-home-services","cojo-excavation-and-asphalt","/city/albany/construction-home-services/cojo-excavation-and-asphalt/",""
"Complete Plumbing Systems","https://www.google.com/maps/place/Complete+Plumbing+Systems/@44.6008285,-124.3164937,9z/data=!4m10!1m2!2m1!1sPlumbers+Albany+Oregon!3m6!1s0x54c01366eb5c3bf5:0x975b70468c3119db!8m2!3d44.816922!4d-122.960471!15sChZQbHVtYmVycyBBbGJhbnkgT3JlZ29ukgEHcGx1bWJlcuABAA!16s%2Fg%2F1thcmhpb?entry=ttu&g_ep=EgoyMDI2MDQyOS4wIKXMDSoASAFQAw%3D%3D","http://www.completeplumbingsystems.net/","(541) 7912100","Plumber","albany__construction-home-services","complete-plumbing-systems","/city/albany/construction-home-services/complete-plumbing-systems/",""
"Corvallis Plumbing Company, LLC","https://www.google.com/maps/place/Corvallis+Plumbing+Company,+LLC/@41.941093,-110.1293973,9z/data=!4m10!1m2!2m1!1sPlumbers+Albany+Oregon!3m6!1s0x906601907aac87b:0xdd82f921995a04d2!8m2!3d41.941093!4d-108.9099149!15sChZQbHVtYmVycyBBbGJhbnkgT3JlZ29uWhgiFnBsdW1iZXJzIGFsYmFueSBvcmVnb26SAQdwbHVtYmVymgEkQ2hkRFNVaE5NRzluUzBWSlEwRm5TVVJZZEVwNU5XbFJSUkFC4AEA-gEECAAQSQ!16s%2Fg%2F11ltw_k9ng?entry=ttu&g_ep=EgoyMDI2MDQyOS4wIKXMDSoASAFQAw%3D%3D","","","Plumber","albany__construction-home-services","corvallis-plumbing-company-llc","/city/albany/construction-home-services/corvallis-plumbing-company-llc/",""
"D&G Lawn Service","https://www.google.com/maps/place/D%26G+Lawn+Service/@44.6026138,-124.3553882,9z/data=!4m10!1m2!2m1!1sLandscaping+Albany+Oregon!3m6!1s0x54c06de7deea1487:0x5cdba27b66325ff6!8m2!3d44.62683!4d-123.0899359!15sChlMYW5kc2NhcGluZyBBbGJhbnkgT3JlZ29uWhsiGWxhbmRzY2FwaW5nIGFsYmFueSBvcmVnb26SARFsYXduX2NhcmVfc2VydmljZZoBI0NoWkRTVWhOTUc5blMwVkpRMEZuU1VOU2NtWklWazFSRUFF4AEA-gEECFEQJw!16s%2Fg%2F11fvpkldzr?entry=ttu&g_ep=EgoyMDI2MDQyOS4wIKXMDSoASAFQAw%3D%3D","","(503) 8854050","Lawn care service","albany__construction-home-services","d-g-lawn-service","/city/albany/construction-home-services/d-g-lawn-service/",""
"D Hart Plumbing","https://www.google.com/maps/place/D+Hart+Plumbing/@44.6008285,-124.3164937,9z/data=!4m10!1m2!2m1!1sPlumbers+Albany+Oregon!3m6!1s0x54c05fac4c61a0df:0x44afd2c067a4bafc!8m2!3d44.3613015!4d-122.981723!15sChZQbHVtYmVycyBBbGJhbnkgT3JlZ29ukgEHcGx1bWJlcuABAA!16s%2Fg%2F11cs1dj9k6?entry=ttu&g_ep=EgoyMDI2MDQyOS4wIKXMDSoASAFQAw%3D%3D","http://dhartplumbing.com/","(541) 4663108","Plumber","albany__construction-home-services","d-hart-plumbing","/city/albany/construction-home-services/d-hart-plumbing/",""
"Ditgen Construction","https://www.google.com/maps/place/Ditgen+Construction/@46.423669,-129.9427085,3z/data=!4m10!1m2!2m1!1sConcrete+Contractors+Albany+Oregon!3m6!1s0x54c041b1de54ad01:0xbc308b19719d9025!8m2!3d44.5020315!4d-123.135721!15sCiJDb25jcmV0ZSBDb250cmFjdG9ycyBBbGJhbnkgT3JlZ29uWiQiImNvbmNyZXRlIGNvbnRyYWN0b3JzIGFsYmFueSBvcmVnb26SARRjb25zdHJ1Y3Rpb25fY29tcGFueZoBJENoZERTVWhOTUc5blMwVk9hVzU0U2pKQmFUZEVSbnBCUlJBQuABAPoBBAgsEDs!16s%2Fg%2F11rb9lq036?entry=ttu&g_ep=EgoyMDI2MDQyOS4wIKXMDSoASAFQAw%3D%3D","http://ditgenconstruction.com/","(541) 2317093","Construction company","albany__construction-home-services","ditgen-construction","/city/albany/construction-home-services/ditgen-construction/",""
"DoneRite Plumbing and Drain, LLC","https://www.google.com/maps/place/DoneRite+Plumbing+and+Drain,+LLC/@44.6008285,-124.3164937,9z/data=!4m10!1m2!2m1!1sPlumbers+Albany+Oregon!3m6!1s0x54bffe9094f7d3db:0xace5e6b37bf69845!8m2!3d44.9769115!4d-122.7594175!15sChZQbHVtYmVycyBBbGJhbnkgT3JlZ29uWhgiFnBsdW1iZXJzIGFsYmFueSBvcmVnb26SAQdwbHVtYmVymgEjQ2haRFNVaE5NRzluUzBWSlEwRm5TVVEzYWt0SU9VaDNFQUXgAQD6AQQIABA7!16s%2Fg%2F11c7t2yxp1?entry=ttu&g_ep=EgoyMDI2MDQyOS4wIKXMDSoASAFQAw%3D%3D","https://www.doneriteplumbingsalem.com/","(503) 3642668","Plumber","albany__construction-home-services","donerite-plumbing-and-drain-llc","/city/albany/construction-home-services/donerite-plumbing-and-drain-llc/",""
"Eddie's Plumbing Service","https://www.google.com/maps/place/Eddie's+Plumbing+Service/@44.6008285,-124.3164937,9z/data=!4m10!1m2!2m1!1sPlumbers+Albany+Oregon!3m6!1s0x54c06df24f199843:0xf05a49422db63c81!8m2!3d44.615056!4d-123.1273009!15sChZQbHVtYmVycyBBbGJhbnkgT3JlZ29uWhgiFnBsdW1iZXJzIGFsYmFueSBvcmVnb26SAQdwbHVtYmVymgEjQ2haRFNVaE5NRzluUzBWSlEwRm5TVVF0ZW5VM1JHUm5FQUXgAQD6AQQIPRBB!16s%2Fg%2F11j907_hzg?entry=ttu&g_ep=EgoyMDI2MDQyOS4wIKXMDSoASAFQAw%3D%3D","","(541) 9812048","Plumber","albany__construction-home-services","eddie-s-plumbing-service","/city/albany/construction-home-services/eddie-s-plumbing-service/",""
"Empire Roofing","https://www.google.com/maps/place/Empire+Roofing/@43.7875664,-122.94288,7z/data=!4m10!1m2!2m1!1sRoofing+Contractor+Albany+Oregon!3m6!1s0x5194f44c24bd60b:0x4c4383eea8661bb2!8m2!3d44.8212019!4d-123.3054395!15sCiBSb29maW5nIENvbnRyYWN0b3IgQWxiYW55IE9yZWdvbloiIiByb29maW5nIGNvbnRyYWN0b3IgYWxiYW55IG9yZWdvbpIBEnJvb2ZpbmdfY29udHJhY3RvcpoBI0NoWkRTVWhOTUc5blMwVkpRMEZuU1VSaWFsQTNNVWhCRUFF4AEA-gEECAAQLw!16s%2Fg%2F11vrrfgbry?entry=ttu&g_ep=EgoyMDI2MDQyOS4wIKXMDSoASAFQAw%3D%3D","https://empireroofingor.com/","(971) 3811070","Roofing contractor","albany__construction-home-services","empire-roofing","/city/albany/construction-home-services/empire-roofing/",""
"Epik Plumbing","https://www.google.com/maps/place/Epik+Plumbing/@44.9451352,-124.2247551,9z/data=!4m10!1m2!2m1!1sPlumbers+Albany+Oregon!3m6!1s0x8f92bbb21925ca87:0x7699ce9d6704f922!8m2!3d44.3318815!4d-123.1076394!15sChZQbHVtYmVycyBBbGJhbnkgT3JlZ29uWhgiFnBsdW1iZXJzIGFsYmFueSBvcmVnb26SAQdwbHVtYmVymgFEQ2k5RFFVbFJRVU52WkVOb2RIbGpSamx2VDIxd1QxSldVak5SYWtadFpERldWRk5YZEdsaWVteENZWHBXVG1Nd1JSQULgAQD6AQUIhwEQIg!16s%2Fg%2F11x6z8zkhp?entry=ttu&g_ep=EgoyMDI2MDQyOS4wIKXMDSoASAFQAw%3D%3D","https://epikplumbing.jobbersites.com/","(541) 7436520","Plumber","albany__construction-home-services","epik-plumbing","/city/albany/construction-home-services/epik-plumbing/",""
"Fernandez Oak D Lawn Services LLC","https://www.google.com/maps/place/Fernandez+Oak+D+Lawn+Services+LLC/@44.7043941,-124.2510499,9z/data=!4m10!1m2!2m1!1sLandscaping+Albany+Oregon!3m6!1s0x54c06da171134145:0x4f2b521accd5dfd2!8m2!3d44.638817!4d-123.0738099!15sChlMYW5kc2NhcGluZyBBbGJhbnkgT3JlZ29uWhsiGWxhbmRzY2FwaW5nIGFsYmFueSBvcmVnb26SAQpsYW5kc2NhcGVymgFEQ2k5RFFVbFJRVU52WkVOb2RIbGpSamx2VDJzMGVsZHNhR3BPZWtwRFVUTkdUMlZ1Um5sVGFrNXJWak5TYTJRd1JSQULgAQD6AQQIABBK!16s%2Fg%2F11nrwks47_?entry=ttu&g_ep=EgoyMDI2MDQyOS4wIKXMDSoASAFQAw%3D%3D","https://albanylawnservice.com/","(541) 2201264","Landscaper","albany__construction-home-services","fernandez-oak-d-lawn-services-llc","/city/albany/construction-home-services/fernandez-oak-d-lawn-services-llc/",""
"Gardner 4 Hire","https://www.google.com/maps/place/Gardner+4+Hire/@44.7043941,-124.2510499,9z/data=!4m10!1m2!2m1!1sLandscaping+Albany+Oregon!3m6!1s0x54c06ca6e7e96e15:0x98c158d918bfed7d!8m2!3d44.62683!4d-123.0899359!15sChlMYW5kc2NhcGluZyBBbGJhbnkgT3JlZ29uWhsiGWxhbmRzY2FwaW5nIGFsYmFueSBvcmVnb26SARFsYXduX2NhcmVfc2VydmljZZoBI0NoWkRTVWhOTUc5blMwVkpRMEZuU1VOa05HOU1VbUpSRUFF4AEA-gEECAAQGg!16s%2Fg%2F11gbksp1bv?entry=ttu&g_ep=EgoyMDI2MDQyOS4wIKXMDSoASAFQAw%3D%3D","","(541) 9057890","Lawn care service","albany__construction-home-services","gardner-4-hire","/city/albany/construction-home-services/gardner-4-hire/",""
"Gold Star Plumbing LLC","https://www.google.com/maps/place/Gold+Star+Plumbing+LLC/@44.115921,-124.2185793,9z/data=!4m10!1m2!2m1!1sPlumbers+Albany+Oregon!3m6!1s0x80e8a698a4c30291:0xdee871cd4b7396c7!8m2!3d44.115921!4d-122.9990969!15sChZQbHVtYmVycyBBbGJhbnkgT3JlZ29uWhgiFnBsdW1iZXJzIGFsYmFueSBvcmVnb26SAQdwbHVtYmVymgFEQ2k5RFFVbFJRVU52WkVOb2RIbGpSamx2VDIxR2JHVnVjSGhqU0ZJelVsWlNhbUpGVmpGV2JsRjVZakF4Y0ZSdFl4QULgAQD6AQQIABAr!16s%2Fg%2F11m6mfyjt5?entry=ttu&g_ep=EgoyMDI2MDQyOS4wIKXMDSoASAFQAw%3D%3D","https://goldstarplumbingllc.com/","(541) 5255547","Plumber","albany__construction-home-services","gold-star-plumbing-llc","/city/albany/construction-home-services/gold-star-plumbing-llc/",""
"Greenpath Landscape","https://www.google.com/maps/place/Greenpath+Landscape/@44.6026138,-124.3553882,9z/data=!4m10!1m2!2m1!1sLandscaping+Albany+Oregon!3m6!1s0x2d5e5f7cc9cad3bd:0x24670f2d9d9f33b9!8m2!3d44.6082495!4d-122.805364!15sChlMYW5kc2NhcGluZyBBbGJhbnkgT3JlZ29uWhsiGWxhbmRzY2FwaW5nIGFsYmFueSBvcmVnb26SAQpsYW5kc2NhcGVymgEkQ2hkRFNVaE5NRzluUzBWSlEwRm5TVU51WDBwTGNYUlJSUkFC4AEA-gEECAAQTA!16s%2Fg%2F11s0vj4fml?entry=ttu&g_ep=EgoyMDI2MDQyOS4wIKXMDSoASAFQAw%3D%3D","https://greenpathlandscaping.com/","(541) 7048855","Landscaper","albany__construction-home-services","greenpath-landscape","/city/albany/construction-home-services/greenpath-landscape/",""
"Greenzone Landscape","https://www.google.com/maps/place/Greenzone+Landscape/@44.7043941,-124.2510499,9z/data=!4m10!1m2!2m1!1sLandscaping+Albany+Oregon!3m6!1s0x664f9d4be11508b3:0x3dc75a67e0747541!8m2!3d44.575152!4d-123.0499679!15sChlMYW5kc2NhcGluZyBBbGJhbnkgT3JlZ29uWhsiGWxhbmRzY2FwaW5nIGFsYmFueSBvcmVnb26SAQpsYW5kc2NhcGVymgEkQ2hkRFNVaE5NRzluUzBWSlEwRm5TVVJsYldFeWNURjNSUkFC4AEA-gEECAAQQQ!16s%2Fg%2F11s2hct610?entry=ttu&g_ep=EgoyMDI2MDQyOS4wIKXMDSoASAFQAw%3D%3D","https://www.greenzone-landscape.com/","(503) 6073047","Landscaper","albany__construction-home-services","greenzone-landscape","/city/albany/construction-home-services/greenzone-landscape/",""
"Hoyt Family Plumbing, LLC","https://www.google.com/maps/place/Hoyt+Family+Plumbing,+LLC/@44.6008285,-124.3164937,9z/data=!4m10!1m2!2m1!1sPlumbers+Albany+Oregon!3m6!1s0xa032fb9fb8df4d57:0x51e30a2d32bd1503!8m2!3d44.7590935!4d-123.089832!15sChZQbHVtYmVycyBBbGJhbnkgT3JlZ29uWhgiFnBsdW1iZXJzIGFsYmFueSBvcmVnb26SAQdwbHVtYmVymgEjQ2haRFNVaE5NRzluUzBWSlEwRm5TVVJhTkdKWVZFUkJFQUXgAQD6AQUIqAEQSg!16s%2Fg%2F11tckz7nmn?entry=ttu&g_ep=EgoyMDI2MDQyOS4wIKXMDSoASAFQAw%3D%3D","http://www.hoytfamilyplumbing.com/","(541) 9056632","Plumber","albany__construction-home-services","hoyt-family-plumbing-llc","/city/albany/construction-home-services/hoyt-family-plumbing-llc/",""
"Hub City Electric llc","https://www.google.com/maps/place/Hub+City+Electric+llc/@44.566266,-124.4114736,9z/data=!4m10!1m2!2m1!1sElectricians+Albany+Oregon!3m6!1s0x26b1a80208c601f5:0xd6bcc52d86d21e4f!8m2!3d44.5830885!4d-122.9943415!15sChpFbGVjdHJpY2lhbnMgQWxiYW55IE9yZWdvblocIhplbGVjdHJpY2lhbnMgYWxiYW55IG9yZWdvbpIBC2VsZWN0cmljaWFumgFEQ2k5RFFVbFJRVU52WkVOb2RIbGpSamx2VDI1U1UyTkZXWGRaVkdST1lrUkpkMlZHYUc1a00wcFlXbFpPVm1GdFl4QULgAQD6AQQIHhAh!16s%2Fg%2F11y21jmd1y?entry=ttu&g_ep=EgoyMDI2MDQyOS4wIKXMDSoASAFQAw%3D%3D","http://hubcityelectricllc.com/","(541) 2200295","Electrician","albany__construction-home-services","hub-city-electric-llc","/city/albany/construction-home-services/hub-city-electric-llc/",""
"Kelli’s Garden Design","https://www.google.com/maps/place/Kelli%E2%80%99s+Garden+Design/@44.6026138,-124.3553882,9z/data=!4m10!1m2!2m1!1sLandscaping+Albany+Oregon!3m6!1s0x54c007b162016e37:0x60f84dc3864facfd!8m2!3d44.932202!4d-123.0051029!15sChlMYW5kc2NhcGluZyBBbGJhbnkgT3JlZ29uWhsiGWxhbmRzY2FwaW5nIGFsYmFueSBvcmVnb26SARJsYW5kc2NhcGVfZGVzaWduZXKaASRDaGREU1VoTk1HOW5TMFZKUTBGblRVUkphemxVTWpOUlJSQULgAQD6AQQIbRA6!16s%2Fg%2F11j8xzrjxp?entry=ttu&g_ep=EgoyMDI2MDQyOS4wIKXMDSoASAFQAw%3D%3D","https://kellisgardendesign.com/","(503) 3839173","Landscape designer","albany__construction-home-services","kelli-s-garden-design","/city/albany/construction-home-services/kelli-s-garden-design/",""
"L&F Lawn Service","https://www.google.com/maps/place/L%26F+Lawn+Service/@44.6026138,-124.3553882,9z/data=!4m10!1m2!2m1!1sLandscaping+Albany+Oregon!3m6!1s0x54c06b237b71adc5:0xc89148abe6eff00d!8m2!3d44.7590935!4d-123.1034589!15sChlMYW5kc2NhcGluZyBBbGJhbnkgT3JlZ29ukgERbGF3bl9jYXJlX3NlcnZpY2XgAQA!16s%2Fg%2F11mqw1qlnw?entry=ttu&g_ep=EgoyMDI2MDQyOS4wIKXMDSoASAFQAw%3D%3D","","(541) 2551581","Lawn care service","albany__construction-home-services","l-f-lawn-service","/city/albany/construction-home-services/l-f-lawn-service/",""
"Legion Concrete LLC","https://www.google.com/maps/place/Legion+Concrete+LLC/@46.423669,-129.9427085,3z/data=!4m10!1m2!2m1!1sConcrete+Contractors+Albany+Oregon!3m6!1s0x2e334edc15a110d9:0x2b9ca8d54344c81a!8m2!3d42.969053!4d-122.031454!15sCiJDb25jcmV0ZSBDb250cmFjdG9ycyBBbGJhbnkgT3JlZ29uWiQiImNvbmNyZXRlIGNvbnRyYWN0b3JzIGFsYmFueSBvcmVnb26SARNjb25jcmV0ZV9jb250cmFjdG9ymgEjQ2haRFNVaE5NRzluUzBWSlEwRm5TVVF0TTA4M01rUjNFQUXgAQD6AQQIbBBG!16s%2Fg%2F11sb0wyrh2?entry=ttu&g_ep=EgoyMDI2MDQyOS4wIKXMDSoASAFQAw%3D%3D","http://legionconcrete.com/","(541) 6600504","Concrete contractor","albany__construction-home-services","legion-concrete-llc","/city/albany/construction-home-services/legion-concrete-llc/",""
"Liberty Concrete","https://www.google.com/maps/place/Liberty+Concrete/@46.423669,-129.9427085,3z/data=!4m10!1m2!2m1!1sConcrete+Contractors+Albany+Oregon!3m6!1s0x54bfff6f2949b8cd:0x3ede38b5d237d57a!8m2!3d44.8704464!4d-123.125118!15sCiJDb25jcmV0ZSBDb250cmFjdG9ycyBBbGJhbnkgT3JlZ29uWiQiImNvbmNyZXRlIGNvbnRyYWN0b3JzIGFsYmFueSBvcmVnb26SARNjb25jcmV0ZV9jb250cmFjdG9ymgFEQ2k5RFFVbFJRVU52WkVOb2RIbGpSamx2VDIxMFdtRnVaR3hpTVZac1lVaGFWVm94U1RCWk1uTXdZakJrVFUxV1JSQULgAQD6AQQIFRBC!16s%2Fg%2F1vcq79yl?entry=ttu&g_ep=EgoyMDI2MDQyOS4wIKXMDSoASAFQAw%3D%3D","https://makingordinaryconcreteextraordinary.com/?utm_source=google&utm_medium=organic&utm_campaign=gbp-listing","(503) 5098560","Concrete contractor","albany__construction-home-services","liberty-concrete","/city/albany/construction-home-services/liberty-concrete/",""
"M2 MINI LLC","https://www.google.com/maps/place/M2+MINI+LLC/@46.423669,-129.9427085,3z/data=!4m10!1m2!2m1!1sConcrete+Contractors+Albany+Oregon!3m6!1s0xa47371242ca0f4ff:0x2c297b376d2abaad!8m2!3d46.423669!4d-129.9427086!15sCiJDb25jcmV0ZSBDb250cmFjdG9ycyBBbGJhbnkgT3JlZ29uWiQiImNvbmNyZXRlIGNvbnRyYWN0b3JzIGFsYmFueSBvcmVnb26SARNjb25jcmV0ZV9jb250cmFjdG9ymgEjQ2haRFNVaE5NRzluUzBWSlEwRm5UVU52ZVZrdGJrbFJFQUXgAQD6AQQIWBBB!16s%2Fg%2F11vcxpcg98?entry=ttu&g_ep=EgoyMDI2MDQyOS4wIKXMDSoASAFQAw%3D%3D","https://m2mini.com/","(541) 9907365","Concrete contractor","albany__construction-home-services","m2-mini-llc","/city/albany/construction-home-services/m2-mini-llc/",""
"Mr. Hammer Roofing Company LLC","https://www.google.com/maps/place/Mr.+Hammer+Roofing+Company+LLC/@44.5020315,-128.3550621,7z/data=!4m10!1m2!2m1!1sRoofing+Contractor+Albany+Oregon!3m6!1s0x54c06dd053b07da7:0x61373d801253ea95!8m2!3d44.5020315!4d-123.4771324!15sCiBSb29maW5nIENvbnRyYWN0b3IgQWxiYW55IE9yZWdvbloiIiByb29maW5nIGNvbnRyYWN0b3IgYWxiYW55IG9yZWdvbpIBEnJvb2ZpbmdfY29udHJhY3RvcpoBRENpOURRVWxSUVVOdlpFTm9kSGxqUmpsdlQydDRjV1JHV2tka2VtaHVWVVpTU0ZKWVpHMU9SMDQxV1ZjMU5rNXNSUkFC4AEA-gEECAAQQg!16s%2Fg%2F11h4ycrx3l?entry=ttu&g_ep=EgoyMDI2MDQyOS4wIKXMDSoASAFQAw%3D%3D","http://mrhammerroofingllc.com/","(541) 9790798","Roofing contractor","albany__construction-home-services","mr-hammer-roofing-company-llc","/city/albany/construction-home-services/mr-hammer-roofing-company-llc/",""
"Mr. Rooter Plumbing of Albany","https://www.google.com/maps/place/Mr.+Rooter+Plumbing+of+Albany/@44.926401,-122.960471,9z/data=!4m10!1m2!2m1!1sPlumbers+Albany+Oregon!3m6!1s0x54c06bffa50f3c47:0xee82ab9e6a7d97a5!8m2!3d44.6033524!4d-123.0288045!15sChZQbHVtYmVycyBBbGJhbnkgT3JlZ29uWhgiFnBsdW1iZXJzIGFsYmFueSBvcmVnb26SAQdwbHVtYmVymgEkQ2hkRFNVaE5NRzluUzBWSlEwRm5TVU5FTTNWcVRXNUJSUkFC4AEA-gEECAAQQw!16s%2Fg%2F11h2frlsbb?entry=ttu&g_ep=EgoyMDI2MDQyOS4wIKXMDSoASAFQAw%3D%3D","https://www.mrrooter.com/albany-or/?cid=LSTL_MRR000199&utm_source=gmb&utm_campaign=local&utm_medium=organic","(541) 5277785","Plumber","albany__construction-home-services","mr-rooter-plumbing-of-albany","/city/albany/construction-home-services/mr-rooter-plumbing-of-albany/",""
"Northwest Valley Landscape & Maintenance","https://www.google.com/maps/place/Northwest+Valley+Landscape+%26+Maintenance/@44.7043941,-124.2510499,9z/data=!4m10!1m2!2m1!1sLandscaping+Albany+Oregon!3m6!1s0x66336dca330e0eb1:0xf30e2ac356c9fda0!8m2!3d44.7590935!4d-123.113674!15sChlMYW5kc2NhcGluZyBBbGJhbnkgT3JlZ29uWhsiGWxhbmRzY2FwaW5nIGFsYmFueSBvcmVnb26SAQpsYW5kc2NhcGVymgEkQ2hkRFNVaE5NRzluUzBWSlEwRm5UVU5SYjJKdVZtdFJSUkFC4AEA-gEFCLcBEEQ!16s%2Fg%2F11sppbsqhf?entry=ttu&g_ep=EgoyMDI2MDQyOS4wIKXMDSoASAFQAw%3D%3D","https://www.nwvlandscape.com/","(541) 2281707","Landscaper","albany__construction-home-services","northwest-valley-landscape-maintenance","/city/albany/construction-home-services/northwest-valley-landscape-maintenance/",""
"Oregon Best General Construction, LLC","https://www.google.com/maps/place/Oregon+Best+General+Construction,+LLC/@44.6784973,-127.9321365,7z/data=!4m10!1m2!2m1!1sRoofing+Contractor+Albany+Oregon!3m6!1s0x485fd4eed04817cd:0xf44a6a06857efe34!8m2!3d44.1455904!4d-120.5834015!15sCiBSb29maW5nIENvbnRyYWN0b3IgQWxiYW55IE9yZWdvbloiIiByb29maW5nIGNvbnRyYWN0b3IgYWxiYW55IG9yZWdvbpIBEnJvb2ZpbmdfY29udHJhY3RvcpoBI0NoWkRTVWhOTUc5blMwVkpRMEZuVFVObk1EZDFTVkZSRUFF4AEA-gEFCMMBEEY!16s%2Fg%2F11y3q3hyw9?entry=ttu&g_ep=EgoyMDI2MDQyOS4wIKXMDSoASAFQAw%3D%3D","","(503) 9519558","Roofing contractor","albany__construction-home-services","oregon-best-general-construction-llc","/city/albany/construction-home-services/oregon-best-general-construction-llc/",""
"Peterson Landscape Services, Inc","https://www.google.com/maps/place/Peterson+Landscape+Services,+Inc/@44.7043941,-124.2510499,9z/data=!4m10!1m2!2m1!1sLandscaping+Albany+Oregon!3m6!1s0x54c040cae3607061:0x844d8608d426468e!8m2!3d44.5547104!4d-123.389513!15sChlMYW5kc2NhcGluZyBBbGJhbnkgT3JlZ29ukgESbGFuZHNjYXBlX2Rlc2lnbmVy4AEA!16s%2Fg%2F1wrgjw_b?entry=ttu&g_ep=EgoyMDI2MDQyOS4wIKXMDSoASAFQAw%3D%3D","https://petersonlandscape.com/","(541) 7530724","Landscape designer","albany__construction-home-services","peterson-landscape-services-inc","/city/albany/construction-home-services/peterson-landscape-services-inc/",""
"Prime Plumbing","https://www.google.com/maps/place/Prime+Plumbing/@42.7235775,-115.5161954,9z/data=!4m10!1m2!2m1!1sPlumbers+Albany+Oregon!3m6!1s0x3fe7162dd627a11:0xa430cca342d0031b!8m2!3d42.7235775!4d-114.296713!15sChZQbHVtYmVycyBBbGJhbnkgT3JlZ29uWhgiFnBsdW1iZXJzIGFsYmFueSBvcmVnb26SAQdwbHVtYmVymgEjQ2haRFNVaE5NRzluUzBWSlEwRm5TVU42TlRSeGVGaDNFQUXgAQD6AQQIABA6!16s%2Fg%2F11rjks64t9?entry=ttu&g_ep=EgoyMDI2MDQyOS4wIKXMDSoASAFQAw%3D%3D","http://primeplumbingrepairs.com/","(503) 5598512","Plumber","albany__construction-home-services","prime-plumbing","/city/albany/construction-home-services/prime-plumbing/",""
"R&R Roof And Gutter Cleaning","https://www.google.com/maps/place/R%26R+Roof+And+Gutter+Cleaning/@44.5020315,-128.3550621,7z/data=!4m10!1m2!2m1!1sRoofing+Contractor+Albany+Oregon!3m6!1s0x8c996b7d2b7c02c7:0xd6f691f14536faed!8m2!3d44.462717!4d-123.1273009!15sCiBSb29maW5nIENvbnRyYWN0b3IgQWxiYW55IE9yZWdvbloiIiByb29maW5nIGNvbnRyYWN0b3IgYWxiYW55IG9yZWdvbpIBF2d1dHRlcl9jbGVhbmluZ19zZXJ2aWNlmgFEQ2k5RFFVbFJRVU52WkVOb2RIbGpSamx2VDIweGFGWnFTVFJSYkRreFUyeGtSMko2U25CV2JrNVRUVzV2ZVZveFJSQULgAQD6AQQIORBB!16s%2Fg%2F11vr9cw1rv?entry=ttu&g_ep=EgoyMDI2MDQyOS4wIKXMDSoASAFQAw%3D%3D","http://www.rrroofandguttercleaning.com/","(541) 9719626","Gutter cleaning service","albany__construction-home-services","r-r-roof-and-gutter-cleaning","/city/albany/construction-home-services/r-r-roof-and-gutter-cleaning/",""
"Reliable Plumbing, Inc","https://www.google.com/maps/place/Reliable+Plumbing,+Inc/@44.115921,-124.2185793,9z/data=!4m10!1m2!2m1!1sPlumbers+Albany+Oregon!3m6!1s0x54bffda6ec71a3a1:0x9b522ca141579ab2!8m2!3d44.9752294!4d-123.0001156!15sChZQbHVtYmVycyBBbGJhbnkgT3JlZ29uWhgiFnBsdW1iZXJzIGFsYmFueSBvcmVnb26SAQdwbHVtYmVymgEjQ2haRFNVaE5NRzluUzBWSlEwRm5TVVJLYWpacFRFSjNFQUXgAQD6AQQIJRBC!16s%2Fg%2F11j8ktnxw9?entry=ttu&g_ep=EgoyMDI2MDQyOS4wIKXMDSoASAFQAw%3D%3D","http://reliableplumbingco.com/","(503) 3905634","Plumber","albany__construction-home-services","reliable-plumbing-inc","/city/albany/construction-home-services/reliable-plumbing-inc/",""
"River Roc Yard Maintenance","https://www.google.com/maps/place/River+Roc+Yard+Maintenance/@44.7043941,-124.2510499,9z/data=!4m10!1m2!2m1!1sLandscaping+Albany+Oregon!3m6!1s0x54c041fdd1f64a5f:0xc958a4e64959b17!8m2!3d44.497181!4d-122.5889059!15sChlMYW5kc2NhcGluZyBBbGJhbnkgT3JlZ29uWhsiGWxhbmRzY2FwaW5nIGFsYmFueSBvcmVnb26SAQpsYW5kc2NhcGVymgEkQ2hkRFNVaE5NRzluUzBWSlEwRm5UVU5CZDAxTFV6WlJSUkFC4AEA-gEECAAQSg!16s%2Fg%2F11j6_2xz_9?entry=ttu&g_ep=EgoyMDI2MDQyOS4wIKXMDSoASAFQAw%3D%3D","https://www.riverrocyardmaintenance.com/","(541) 2241588","Landscaper","albany__construction-home-services","river-roc-yard-maintenance","/city/albany/construction-home-services/river-roc-yard-maintenance/",""
"Ron Knight Plumbing","https://www.google.com/maps/place/Ron+Knight+Plumbing/@44.6008285,-124.3164937,9z/data=!4m10!1m2!2m1!1sPlumbers+Albany+Oregon!3m6!1s0x54c01380f0ded063:0xca2291ad4d022679!8m2!3d44.62683!4d-123.0899359!15sChZQbHVtYmVycyBBbGJhbnkgT3JlZ29uWhgiFnBsdW1iZXJzIGFsYmFueSBvcmVnb26SAQdwbHVtYmVymgEjQ2haRFNVaE5NRzluUzBWSlEwRm5TVU5HY0RWcFdtWjNFQUXgAQD6AQQIJhA4!16s%2Fg%2F1vfp3c12?entry=ttu&g_ep=EgoyMDI2MDQyOS4wIKXMDSoASAFQAw%3D%3D","https://ronknightplumbing.com/","(541) 9287279","Plumber","albany__construction-home-services","ron-knight-plumbing","/city/albany/construction-home-services/ron-knight-plumbing/",""
"RotoRooter Plumbing & Drain Service","https://www.google.com/maps/place/Roto-Rooter+Plumbing+%26+Drain+Service/@44.6008285,-124.3164937,9z/data=!4m10!1m2!2m1!1sPlumbers+Albany+Oregon!3m6!1s0x54c06b74944f6231:0xb418adf742327455!8m2!3d44.497181!4d-122.805364!15sChZQbHVtYmVycyBBbGJhbnkgT3JlZ29uWhgiFnBsdW1iZXJzIGFsYmFueSBvcmVnb26SAQdwbHVtYmVymgFEQ2k5RFFVbFJRVU52WkVOb2RIbGpSamx2VDIxT2NrOUlSa0pWUkd4WlpEQndNMWxYZDNSamVrVXlWVEpPWm1OVlJSQULgAQD6AQQIYBA-!16s%2Fg%2F1tf_n0gt?entry=ttu&g_ep=EgoyMDI2MDQyOS4wIKXMDSoASAFQAw%3D%3D","http://www.rotorooter.com/albanyor/","(541) 9263775","Plumber","albany__construction-home-services","rotorooter-plumbing-drain-service","/city/albany/construction-home-services/rotorooter-plumbing-drain-service/",""
"Ruelas landscaping,Inc","https://www.google.com/maps/place/Ruelas+landscaping,Inc/@44.1455904,-121.8028839,9z/data=!4m10!1m2!2m1!1sLandscaping+Albany+Oregon!3m6!1s0x6e15ef68964ab021:0x1719ace3f200eda7!8m2!3d44.1455904!4d-120.5834015!15sChlMYW5kc2NhcGluZyBBbGJhbnkgT3JlZ29ukgESbGFuZHNjYXBlX2Rlc2lnbmVy4AEA!16s%2Fg%2F11z5q2r6_8?entry=ttu&g_ep=EgoyMDI2MDQyOS4wIKXMDSoASAFQAw%3D%3D","","(541) 9795785","Landscape designer","albany__construction-home-services","ruelas-landscaping-inc","/city/albany/construction-home-services/ruelas-landscaping-inc/",""
"Ruiz Roofing","https://www.google.com/maps/place/Ruiz+Roofing/@43.7875664,-122.94288,7z/data=!4m10!1m2!2m1!1sRoofing+Contractor+Albany+Oregon!3m6!1s0x54c06cab2121f355:0x3703e639f68c979f!8m2!3d44.5638459!4d-122.969172!15sCiBSb29maW5nIENvbnRyYWN0b3IgQWxiYW55IE9yZWdvbloiIiByb29maW5nIGNvbnRyYWN0b3IgYWxiYW55IG9yZWdvbpIBEnJvb2ZpbmdfY29udHJhY3RvcpoBI0NoWkRTVWhOTUc5blMwVkpRMEZuU1VSNExYTllWbFpCRUFF4AEA-gEECD8QSg!16s%2Fg%2F1td6xvnq?entry=ttu&g_ep=EgoyMDI2MDQyOS4wIKXMDSoASAFQAw%3D%3D","http://ruizroofing.com/","(541) 9059913","Roofing contractor","albany__construction-home-services","ruiz-roofing","/city/albany/construction-home-services/ruiz-roofing/",""
"Sherpa Landscape Design","https://www.google.com/maps/place/Sherpa+Landscape+Design/@44.6026138,-124.3553882,9z/data=!4m10!1m2!2m1!1sLandscaping+Albany+Oregon!3m6!1s0x264eeab64466b4b7:0x6858ea2780dbd6ab!8m2!3d45.2520596!4d-122.7974691!15sChlMYW5kc2NhcGluZyBBbGJhbnkgT3JlZ29uWhsiGWxhbmRzY2FwaW5nIGFsYmFueSBvcmVnb26SAQpsYW5kc2NhcGVymgEkQ2hkRFNVaE5NRzluUzBWSlEwRm5TVVJxT1daTFNXbFJSUkFC4AEA-gEECD4QSA!16s%2Fg%2F11y2mtcr05?entry=ttu&g_ep=EgoyMDI2MDQyOS4wIKXMDSoASAFQAw%3D%3D","https://www.sherpalandscapes.com/","(503) 9912391","Landscaper","albany__construction-home-services","sherpa-landscape-design","/city/albany/construction-home-services/sherpa-landscape-design/",""
"Six Point Plumbing","https://www.google.com/maps/place/Six+Point+Plumbing/@44.6008285,-124.3164937,9z/data=!4m10!1m2!2m1!1sPlumbers+Albany+Oregon!3m6!1s0x54c07337b12f87f5:0x48ccfc196842ce39!8m2!3d44.6242015!4d-123.110704!15sChZQbHVtYmVycyBBbGJhbnkgT3JlZ29uWhgiFnBsdW1iZXJzIGFsYmFueSBvcmVnb26SAQdwbHVtYmVymgFEQ2k5RFFVbFJRVU52WkVOb2RIbGpSamx2VDJwQ2RsVnJSbkpSVlVaRVlXcFdVVlF6VWtOVE1teDBUMFZGTUZFell4QULgAQD6AQQISRAx!16s%2Fg%2F11lm5n1rs_?entry=ttu&g_ep=EgoyMDI2MDQyOS4wIKXMDSoASAFQAw%3D%3D","https://sixpointplumbingco.com/","(541) 9902966","Plumber","albany__construction-home-services","six-point-plumbing","/city/albany/construction-home-services/six-point-plumbing/",""
"Spectrum Plumbing","https://www.google.com/maps/place/Spectrum+Plumbing/@41.519696,-116.8826229,9z/data=!4m10!1m2!2m1!1sPlumbers+Albany+Oregon!3m6!1s0x4d6d9b190311d089:0xa33980a8f0c6b957!8m2!3d41.519696!4d-115.6631405!15sChZQbHVtYmVycyBBbGJhbnkgT3JlZ29uWhgiFnBsdW1iZXJzIGFsYmFueSBvcmVnb26SAQdwbHVtYmVymgEkQ2hkRFNVaE5NRzluUzBWSlEwRm5UVU52Y0hOVFFsOUJSUkFC4AEA-gEFCMcBEEM!16s%2Fg%2F11x7mp5m_s?entry=ttu&g_ep=EgoyMDI2MDQyOS4wIKXMDSoASAFQAw%3D%3D","http://spectrumplumbingllc.com/","(503) 9173259","Plumber","albany__construction-home-services","spectrum-plumbing","/city/albany/construction-home-services/spectrum-plumbing/",""
"Straight Edge Painting and Remodeling LLC CCB#231846","https://www.google.com/maps/place/Straight+Edge+Painting+and+Remodeling+LLC+CCB%23231846/@44.6784973,-127.9321365,7z/data=!4m10!1m2!2m1!1sRoofing+Contractor+Albany+Oregon!3m6!1s0x54c06bcb325e4771:0x891df1ed93dfc3c5!8m2!3d44.7623285!4d-123.0433935!15sCiBSb29maW5nIENvbnRyYWN0b3IgQWxiYW55IE9yZWdvbloiIiByb29maW5nIGNvbnRyYWN0b3IgYWxiYW55IG9yZWdvbpIBFGNvbnN0cnVjdGlvbl9jb21wYW55mgEkQ2hkRFNVaE5NRzluUzBWSlEwRm5TVU01YUhSTU5taEJSUkFC4AEA-gEFCIQBEDo!16s%2Fg%2F11lx0b29c3?entry=ttu&g_ep=EgoyMDI2MDQyOS4wIKXMDSoASAFQAw%3D%3D","http://usestraightedge.com/","(541) 4979967","Construction company","albany__construction-home-services","straight-edge-painting-and-remodeling-llc-ccb-231846","/city/albany/construction-home-services/straight-edge-painting-and-remodeling-llc-ccb-231846/",""
"Swell Plumbing","https://www.google.com/maps/place/Swell+Plumbing/@44.6008285,-124.3164937,9z/data=!4m10!1m2!2m1!1sPlumbers+Albany+Oregon!3m6!1s0x220d71b7d6cb59ed:0x9066da98d703edb3!8m2!3d44.8934055!4d-122.5411574!15sChZQbHVtYmVycyBBbGJhbnkgT3JlZ29uWhgiFnBsdW1iZXJzIGFsYmFueSBvcmVnb26SAQdwbHVtYmVymgEkQ2hkRFNVaE5NRzluUzBWSlEwRm5TVVJrYW5STU56aDNSUkFC4AEA-gEECAAQQQ!16s%2Fg%2F11v411y6zm?entry=ttu&g_ep=EgoyMDI2MDQyOS4wIKXMDSoASAFQAw%3D%3D","https://swellplumbingco.com/?utm_source=google&utm_medium=organic&utm_campaign=gmb-profile-salem","(503) 8844072","Plumber","albany__construction-home-services","swell-plumbing","/city/albany/construction-home-services/swell-plumbing/",""
"Tornado Roofing LLC","https://www.google.com/maps/place/Tornado+Roofing+LLC/@44.5020315,-128.3550621,7z/data=!4m10!1m2!2m1!1sRoofing+Contractor+Albany+Oregon!3m6!1s0x8c2f3224b9db8e4d:0xab888eb67adb411d!8m2!3d43.4202005!4d-122.890833!15sCiBSb29maW5nIENvbnRyYWN0b3IgQWxiYW55IE9yZWdvbloiIiByb29maW5nIGNvbnRyYWN0b3IgYWxiYW55IG9yZWdvbpIBEnJvb2ZpbmdfY29udHJhY3RvcpoBRENpOURRVWxSUVVOdlpFTm9kSGxqUmpsdlQycFdlR0ZyUm1oa1JYaEtZMnBTUjJGVVozUlhWWE0wV0RJNU0xWkdSUkFC4AEA-gEECAAQRA!16s%2Fg%2F11xclxn4zf?entry=ttu&g_ep=EgoyMDI2MDQyOS4wIKXMDSoASAFQAw%3D%3D","https://tornadoroofingllc.com/","(541) 5705720","Roofing contractor","albany__construction-home-services","tornado-roofing-llc","/city/albany/construction-home-services/tornado-roofing-llc/",""
"TRUE CLEEN, LLC","https://www.google.com/maps/place/TRUE+CLEEN,+LLC/@42.0117964,-115.2430631,7z/data=!4m10!1m2!2m1!1sRoofing+Contractor+Albany+Oregon!3m6!1s0x54c06dcb22dd245d:0x323044dff541c926!8m2!3d42.0117964!4d-110.3651334!15sCiBSb29maW5nIENvbnRyYWN0b3IgQWxiYW55IE9yZWdvbpIBEmdlbmVyYWxfY29udHJhY3RvcuABAA!16s%2Fg%2F11gdt08r1w?entry=ttu&g_ep=EgoyMDI2MDQyOS4wIKXMDSoASAFQAw%3D%3D","","(541) 2203860","General contractor","albany__construction-home-services","true-cleen-llc","/city/albany/construction-home-services/true-cleen-llc/",""
"Up a Creek Plumbing LLC","https://www.google.com/maps/place/Up+a+Creek+Plumbing+LLC/@44.6008285,-124.3164937,9z/data=!4m10!1m2!2m1!1sPlumbers+Albany+Oregon!3m6!1s0x54c0077326524ef9:0x7858bbd3ec2298a1!8m2!3d45.071944!4d-122.850016!15sChZQbHVtYmVycyBBbGJhbnkgT3JlZ29uWhgiFnBsdW1iZXJzIGFsYmFueSBvcmVnb26SAQdwbHVtYmVymgEjQ2haRFNVaE5NRzluUzBWSlEwRm5UVVJCYmpkaE9VRm5FQUXgAQD6AQQILBA6!16s%2Fg%2F1yfdqyfz6?entry=ttu&g_ep=EgoyMDI2MDQyOS4wIKXMDSoASAFQAw%3D%3D","https://upacreekplumbing.net/","(503) 9991847","Plumber","albany__construction-home-services","up-a-creek-plumbing-llc","/city/albany/construction-home-services/up-a-creek-plumbing-llc/",""
"Valley Brothers Roofing, LLC","https://www.google.com/maps/place/Valley+Brothers+Roofing,+LLC/@43.7875664,-122.94288,7z/data=!4m10!1m2!2m1!1sRoofing+Contractor+Albany+Oregon!3m6!1s0x54c06dacbf172b59:0xaeee323e1096d370!8m2!3d44.816922!4d-122.960471!15sCiBSb29maW5nIENvbnRyYWN0b3IgQWxiYW55IE9yZWdvbloiIiByb29maW5nIGNvbnRyYWN0b3IgYWxiYW55IG9yZWdvbpIBEnJvb2ZpbmdfY29udHJhY3RvcpoBI0NoWkRTVWhOTUc5blMwVkpRMEZuU1VST2Qxb3lSRkJuRUFF4AEA-gEECAAQGQ!16s%2Fg%2F11gv0wnhbx?entry=ttu&g_ep=EgoyMDI2MDQyOS4wIKXMDSoASAFQAw%3D%3D","http://www.roofingcontractoralbany.com/","(541) 9745854","Roofing contractor","albany__construction-home-services","valley-brothers-roofing-llc","/city/albany/construction-home-services/valley-brothers-roofing-llc/",""
"Vaughan Construction Inc.","https://www.google.com/maps/place/Vaughan+Construction+Inc./@44.6784973,-127.9321365,7z/data=!4m10!1m2!2m1!1sRoofing+Contractor+Albany+Oregon!3m6!1s0x54c06b3ae0993eb1:0x72e91bfd1cd7d477!8m2!3d44.5058795!4d-123.5093945!15sCiBSb29maW5nIENvbnRyYWN0b3IgQWxiYW55IE9yZWdvbloiIiByb29maW5nIGNvbnRyYWN0b3IgYWxiYW55IG9yZWdvbpIBEnJvb2ZpbmdfY29udHJhY3RvcpoBI0NoWkRTVWhOTUc5blMwVkpRMEZuU1VSYWMzQjJObEZuRUFF4AEA-gEFCJcBECc!16s%2Fg%2F11h035381j?entry=ttu&g_ep=EgoyMDI2MDQyOS4wIKXMDSoASAFQAw%3D%3D","https://rooftopexp.com/","(541) 9365980","Roofing contractor","albany__construction-home-services","vaughan-construction-inc","/city/albany/construction-home-services/vaughan-construction-inc/",""
"Willamette Landscaping & Tree Services","https://www.google.com/maps/place/Willamette+Landscaping+%26+Tree+Services/@44.7043941,-124.2510499,9z/data=!4m10!1m2!2m1!1sLandscaping+Albany+Oregon!3m6!1s0x4408469e54acbfcf:0x347f64c1d5153d27!8m2!3d44.554925!4d-122.9943415!15sChlMYW5kc2NhcGluZyBBbGJhbnkgT3JlZ29uWhsiGWxhbmRzY2FwaW5nIGFsYmFueSBvcmVnb26SAQpsYW5kc2NhcGVymgFEQ2k5RFFVbFJRVU52WkVOb2RIbGpSamx2VDJ0U1IyTXhUWFJSYkZGNldWZHdibEpWTVZSVk0zQk5VbXRrZG1OclJSQULgAQD6AQUIjgMQOA!16s%2Fg%2F11y1fxxcrg?entry=ttu&g_ep=EgoyMDI2MDQyOS4wIKXMDSoASAFQAw%3D%3D","https://willamette-landtree.com/","(541) 9790570","Landscaper","albany__construction-home-services","willamette-landscaping-tree-services","/city/albany/construction-home-services/willamette-landscaping-tree-services/",""
"Winsome Landscape LLC","https://www.google.com/maps/place/Winsome+Landscape+LLC/@44.6026138,-124.3553882,9z/data=!4m10!1m2!2m1!1sLandscaping+Albany+Oregon!3m6!1s0x2264b4044102993:0x5f9688b57ce0b6a!8m2!3d44.9492745!4d-123.3112481!15sChlMYW5kc2NhcGluZyBBbGJhbnkgT3JlZ29uWhsiGWxhbmRzY2FwaW5nIGFsYmFueSBvcmVnb26SAQpsYW5kc2NhcGVymgFEQ2k5RFFVbFJRVU52WkVOb2RIbGpSamx2VDJ4YWNGRlZXbk5OVkVKWVpIcFNiMlZXWXpCaVYzTjZaREZTVTAxV1JSQULgAQD6AQQIABBL!16s%2Fg%2F11sgf0db9h?entry=ttu&g_ep=EgoyMDI2MDQyOS4wIKXMDSoASAFQAw%3D%3D","https://winsomelandscape.com/","(971) 7011117","Landscaper","albany__construction-home-services","winsome-landscape-llc","/city/albany/construction-home-services/winsome-landscape-llc/",""
"Rebecca Winters, Attorney at Law","https://www.google.com/maps/place/Rebecca+Winters,+Attorney+at+Law/@44.497181,-122.8148912,16z/data=!4m10!1m2!2m1!1sLaw+Firms+Albany+Oregon!3m6!1s0x54c06b5537d6e5f5:0x807f73b2c20d2fb3!8m2!3d44.497181!4d-122.805364!15sChdMYXcgRmlybXMgQWxiYW55IE9yZWdvbloZIhdsYXcgZmlybXMgYWxiYW55IG9yZWdvbpIBDmxlZ2FsX3NlcnZpY2VzmgEjQ2haRFNVaE5NRzluUzBWSlEwRm5TVU01TFhCcWNXWkJFQUXgAQD6AQUI8wIQKg!16s%2Fg%2F11c60jx8k2?entry=ttu&g_ep=EgoyMDI2MDQyOS4wIKXMDSoASAFQAw%3D%3D","https://www.rebeccawinters.com/","(541) 2433821","Legal services","albany__legal-services","rebecca-winters-attorney-at-law","/city/albany/legal-services/rebecca-winters-attorney-at-law/",""
"Arkie Media","https://www.google.com/maps/place/Arkie+Media/@51.2072,-157.5885976,3z/data=!4m10!1m2!2m1!1sWeb+Design+and+Digital+Marketing+Ashland+Oregon!3m6!1s0x54cf7a24fd153671:0x9a4c474bcafaeb89!8m2!3d42.4616905!4d-123.0545295!15sCi9XZWIgRGVzaWduIGFuZCBEaWdpdGFsIE1hcmtldGluZyBBc2hsYW5kIE9yZWdvbloxIi93ZWIgZGVzaWduIGFuZCBkaWdpdGFsIG1hcmtldGluZyBhc2hsYW5kIG9yZWdvbpIBEG1hcmtldGluZ19hZ2VuY3maAURDaTlEUVVsUlFVTnZaRU5vZEhsalJqbHZUMnBuZVU5SFdtRk5XRXBXVVc1V1ptSkdaSFJQVkZKS1VqTnNjbFJIWXhBQuABAPoBBAgAECo!16s%2Fg%2F11cnbx40vv?entry=ttu&g_ep=EgoyMDI2MDQyOS4wIKXMDSoASAFQAw%3D%3D","https://www.arkiemedia.com/","(541) 6304330","Marketing agency","ashland__business-professional-services","arkie-media","/city/ashland/business-professional-services/arkie-media/",""
"Earl’s Digital Solutions","https://www.google.com/maps/place/Earl%E2%80%99s+Digital+Solutions/@51.2072,-157.5885976,3z/data=!4m10!1m2!2m1!1sWeb+Design+and+Digital+Marketing+Ashland+Oregon!3m6!1s0xa32b13b46a35fb61:0xfe3c80f09b8a10a2!8m2!3d51.2072!4d-79.5417226!15sCi9XZWIgRGVzaWduIGFuZCBEaWdpdGFsIE1hcmtldGluZyBBc2hsYW5kIE9yZWdvbloxIi93ZWIgZGVzaWduIGFuZCBkaWdpdGFsIG1hcmtldGluZyBhc2hsYW5kIG9yZWdvbpIBEGdyYXBoaWNfZGVzaWduZXLgAQA!16s%2Fg%2F11p6nl0zy8?entry=ttu&g_ep=EgoyMDI2MDQyOS4wIKXMDSoASAFQAw%3D%3D","https://earlgibson.net/","(541) 2929595","Graphic designer","ashland__business-professional-services","earl-s-digital-solutions","/city/ashland/business-professional-services/earl-s-digital-solutions/",""
"epicShops EPIC","https://www.google.com/maps/place/epicShops+-+EPIC/@42.1915525,159.2596114,3z/data=!4m10!1m2!2m1!1sWeb+Design+and+Digital+Marketing+Ashland+Oregon!3m6!1s0x54cf0c87312a15cd:0xc9c676e2f84aa11c!8m2!3d42.1915525!4d-122.6935136!15sCi9XZWIgRGVzaWduIGFuZCBEaWdpdGFsIE1hcmtldGluZyBBc2hsYW5kIE9yZWdvbloxIi93ZWIgZGVzaWduIGFuZCBkaWdpdGFsIG1hcmtldGluZyBhc2hsYW5kIG9yZWdvbpIBEHdlYnNpdGVfZGVzaWduZXKaASRDaGREU1VoTk1HOW5TMFZKUTBGblNVTlBYMkoxYldoblJSQULgAQD6AQQIbxBJ!16s%2Fg%2F11ck3_jn03?entry=ttu&g_ep=EgoyMDI2MDQyOS4wIKXMDSoASAFQAw%3D%3D","https://www.epicshops.com/","(888) 4985361","Website designer","ashland__business-professional-services","epicshops-epic","/city/ashland/business-professional-services/epicshops-epic/",""
"EThrive Marketing","https://www.google.com/maps/place/EThrive+Marketing/@43.132478,159.6357165,3z/data=!4m10!1m2!2m1!1sWeb+Design+and+Digital+Marketing+Ashland+Oregon!3m6!1s0x54cf0d3ed9dd81e1:0x74e8c50a2aaaeaac!8m2!3d43.132478!4d-122.3174085!15sCi9XZWIgRGVzaWduIGFuZCBEaWdpdGFsIE1hcmtldGluZyBBc2hsYW5kIE9yZWdvbloxIi93ZWIgZGVzaWduIGFuZCBkaWdpdGFsIG1hcmtldGluZyBhc2hsYW5kIG9yZWdvbpIBEG1hcmtldGluZ19hZ2VuY3ngAQA!16s%2Fg%2F11fld097bq?entry=ttu&g_ep=EgoyMDI2MDQyOS4wIKXMDSoASAFQAw%3D%3D","https://ethrivemarketing.com/","(541) 8405375","Marketing agency","ashland__business-professional-services","ethrive-marketing","/city/ashland/business-professional-services/ethrive-marketing/",""
"Good Creations Web Design & Marketing","https://www.google.com/maps/place/Good+Creations+Web+Design+%26+Marketing/@51.2072,-157.5885976,3z/data=!4m10!1m2!2m1!1sWeb+Design+and+Digital+Marketing+Ashland+Oregon!3m6!1s0x54c575b26f8fa375:0x4986c9bac4ee530c!8m2!3d43.0626705!4d-122.031454!15sCi9XZWIgRGVzaWduIGFuZCBEaWdpdGFsIE1hcmtldGluZyBBc2hsYW5kIE9yZWdvbloxIi93ZWIgZGVzaWduIGFuZCBkaWdpdGFsIG1hcmtldGluZyBhc2hsYW5kIG9yZWdvbpIBEHdlYnNpdGVfZGVzaWduZXKaASRDaGREU1VoTk1HOW5TMFZKUTBGblNVUkNiRGxtVXpSUlJSQULgAQD6AQQIUhA-!16s%2Fg%2F11fll6hkxd?entry=ttu&g_ep=EgoyMDI2MDQyOS4wIKXMDSoASAFQAw%3D%3D","https://goodcreations.com/","(541) 2268087","Website designer","ashland__business-professional-services","good-creations-web-design-marketing","/city/ashland/business-professional-services/good-creations-web-design-marketing/",""
"Humm House Art + Design","https://www.google.com/maps/place/Humm+House+Art+%2B+Design/@51.2072,-157.5885976,3z/data=!4m10!1m2!2m1!1sWeb+Design+and+Digital+Marketing+Ashland+Oregon!3m6!1s0x54cf0fb079459d57:0xa682b5ecefd606fd!8m2!3d37.0528275!4d-121.949418!15sCi9XZWIgRGVzaWduIGFuZCBEaWdpdGFsIE1hcmtldGluZyBBc2hsYW5kIE9yZWdvbloxIi93ZWIgZGVzaWduIGFuZCBkaWdpdGFsIG1hcmtldGluZyBhc2hsYW5kIG9yZWdvbpIBD2JyYW5kaW5nX2FnZW5jeZoBJENoZERTVWhOTUc5blMwVkpXRFpzY0hWNmJXRnVSblpSUlJBQuABAPoBBAhfEEo!16s%2Fg%2F11ny9myj60?entry=ttu&g_ep=EgoyMDI2MDQyOS4wIKXMDSoASAFQAw%3D%3D","http://www.hummhouse.com/","","Branding agency","ashland__business-professional-services","humm-house-art-design","/city/ashland/business-professional-services/humm-house-art-design/",""
"Ikusa","https://www.google.com/maps/place/Ikusa/@46.423669,152.0104164,3z/data=!4m10!1m2!2m1!1sWeb+Design+and+Digital+Marketing+Ashland+Oregon!3m6!1s0x54cf735c718bf6bf:0x401336fc904641fd!8m2!3d46.423669!4d-129.9427086!15sCi9XZWIgRGVzaWduIGFuZCBEaWdpdGFsIE1hcmtldGluZyBBc2hsYW5kIE9yZWdvbloxIi93ZWIgZGVzaWduIGFuZCBkaWdpdGFsIG1hcmtldGluZyBhc2hsYW5kIG9yZWdvbpIBFG1hcmtldGluZ19jb25zdWx0YW50mgFEQ2k5RFFVbFJRVU52WkVOb2RIbGpSamx2VDJzeFIyRllhRUphYXpCNFlsUkpkMDR4UWxsbFZqazBWV3M1ZVZZell4QULgAQD6AQUIngIQRQ!16s%2Fg%2F11g7z801kc?entry=ttu&g_ep=EgoyMDI2MDQyOS4wIKXMDSoASAFQAw%3D%3D","https://ikusamarketing.com/","(541) 7198736","Marketing consultant","ashland__business-professional-services","ikusa","/city/ashland/business-professional-services/ikusa/",""
"Major Fluke","https://www.google.com/maps/place/Major+Fluke/@51.2072,-157.5885976,3z/data=!4m10!1m2!2m1!1sWeb+Design+and+Digital+Marketing+Ashland+Oregon!3m6!1s0xae87e923e53b19df:0x2a03bbb772236d7b!8m2!3d42.4959444!4d-123.1623324!15sCi9XZWIgRGVzaWduIGFuZCBEaWdpdGFsIE1hcmtldGluZyBBc2hsYW5kIE9yZWdvbloxIi93ZWIgZGVzaWduIGFuZCBkaWdpdGFsIG1hcmtldGluZyBhc2hsYW5kIG9yZWdvbpIBFG1hcmtldGluZ19jb25zdWx0YW50mgFEQ2k5RFFVbFJRVU52WkVOb2RIbGpSamx2VDJ0T1VVNHdTblpqYWxwQ1pWVXhhMlF3VmxCT01sVXpXa1JPWVU5SVl4QULgAQD6AQQIABAd!16s%2Fg%2F11yb1pycft?entry=ttu&g_ep=EgoyMDI2MDQyOS4wIKXMDSoASAFQAw%3D%3D","https://majorfluke.com/?utm_source=google&utm_medium=organic&utm_campaign=GBP","(541) 2248169","Marketing consultant","ashland__business-professional-services","major-fluke","/city/ashland/business-professional-services/major-fluke/",""
"Rogue Media Solutions","https://www.google.com/maps/place/Rogue+Media+Solutions/@51.2072,-157.5885976,3z/data=!4m10!1m2!2m1!1sWeb+Design+and+Digital+Marketing+Ashland+Oregon!3m6!1s0x6f01711af468434d:0x11e25675dc2d9ec2!8m2!3d42.4959444!4d-123.1623324!15sCi9XZWIgRGVzaWduIGFuZCBEaWdpdGFsIE1hcmtldGluZyBBc2hsYW5kIE9yZWdvbloxIi93ZWIgZGVzaWduIGFuZCBkaWdpdGFsIG1hcmtldGluZyBhc2hsYW5kIG9yZWdvbpIBEHdlYnNpdGVfZGVzaWduZXKaAURDaTlEUVVsUlFVTnZaRU5vZEhsalJqbHZUMjA1ZEZaWE5IbFBXR2h0VkRFNWQxTXpUazlOTTBKdlkyMUpOV0ZIWXhBQuABAPoBBAhKEEM!16s%2Fg%2F11zjktc4sx?entry=ttu&g_ep=EgoyMDI2MDQyOS4wIKXMDSoASAFQAw%3D%3D","https://www.roguemediasolutions.com/","(541) 2189358","Website designer","ashland__business-professional-services","rogue-media-solutions","/city/ashland/business-professional-services/rogue-media-solutions/",""
"Sphinx Design & Marketing","https://www.google.com/maps/place/Sphinx+Design+%26+Marketing/@51.2072,-157.5885976,3z/data=!4m10!1m2!2m1!1sWeb+Design+and+Digital+Marketing+Ashland+Oregon!3m6!1s0x54cf7542cdee7ba7:0xc1f3f297f4b54c72!8m2!3d46.423669!4d-129.9427086!15sCi9XZWIgRGVzaWduIGFuZCBEaWdpdGFsIE1hcmtldGluZyBBc2hsYW5kIE9yZWdvbpIBEHdlYnNpdGVfZGVzaWduZXLgAQA!16s%2Fg%2F11hzkdnzqx?entry=ttu&g_ep=EgoyMDI2MDQyOS4wIKXMDSoASAFQAw%3D%3D","","(805) 8891168","Website designer","ashland__business-professional-services","sphinx-design-marketing","/city/ashland/business-professional-services/sphinx-design-marketing/",""
"SyncPLUS","https://www.google.com/maps/place/SyncPLUS/@51.2072,-157.5885976,3z/data=!4m10!1m2!2m1!1sWeb+Design+and+Digital+Marketing+Ashland+Oregon!3m6!1s0x635f4d0d2e1fe47f:0xbdd1fe3f42b54078!8m2!3d46.423669!4d-129.9427086!15sCi9XZWIgRGVzaWduIGFuZCBEaWdpdGFsIE1hcmtldGluZyBBc2hsYW5kIE9yZWdvbloxIi93ZWIgZGVzaWduIGFuZCBkaWdpdGFsIG1hcmtldGluZyBhc2hsYW5kIG9yZWdvbpIBEHdlYnNpdGVfZGVzaWduZXKaAURDaTlEUVVsUlFVTnZaRU5vZEhsalJqbHZUMjVHVDFKNU1WTlBWVmw1VkZoc1ExZEVSbFJrUkU1RllrWndWRTlZWXhBQuABAPoBBAghECI!16s%2Fg%2F11mss37cm8?entry=ttu&g_ep=EgoyMDI2MDQyOS4wIKXMDSoASAFQAw%3D%3D","https://syncplus.net/","(971) 2176010","Website designer","ashland__business-professional-services","syncplus","/city/ashland/business-professional-services/syncplus/",""
"Table Rock Marketing","https://www.google.com/maps/place/Table+Rock+Marketing/@42.2851051,158.9316926,3z/data=!4m10!1m2!2m1!1sWeb+Design+and+Digital+Marketing+Ashland+Oregon!3m6!1s0x54cf7d231206c4a9:0x6accd5e4c0d4db53!8m2!3d42.2851051!4d-123.0214324!15sCi9XZWIgRGVzaWduIGFuZCBEaWdpdGFsIE1hcmtldGluZyBBc2hsYW5kIE9yZWdvbloxIi93ZWIgZGVzaWduIGFuZCBkaWdpdGFsIG1hcmtldGluZyBhc2hsYW5kIG9yZWdvbpIBEHdlYnNpdGVfZGVzaWduZXLgAQA!16s%2Fg%2F11b5vx6tq9?entry=ttu&g_ep=EgoyMDI2MDQyOS4wIKXMDSoASAFQAw%3D%3D","https://tablerockmarketing.com/","(541) 6017746","Website designer","ashland__business-professional-services","table-rock-marketing","/city/ashland/business-professional-services/table-rock-marketing/",""
"Two Loon Software & Web Development","https://www.google.com/maps/place/Two+Loon+Software+%26+Web+Development/@43.132478,159.6357165,3z/data=!4m10!1m2!2m1!1sWeb+Design+and+Digital+Marketing+Ashland+Oregon!3m6!1s0x54cf740b54c8f09b:0xe3102e060f236438!8m2!3d46.423669!4d-129.9427086!15sCi9XZWIgRGVzaWduIGFuZCBEaWdpdGFsIE1hcmtldGluZyBBc2hsYW5kIE9yZWdvbloxIi93ZWIgZGVzaWduIGFuZCBkaWdpdGFsIG1hcmtldGluZyBhc2hsYW5kIG9yZWdvbpIBEHdlYnNpdGVfZGVzaWduZXKaASNDaFpEU1VoTk1HOW5TMFZKUTBGblNVUlNMVFJVZDFCbkVBReABAPoBBQizBRA1!16s%2Fg%2F11bwgwcb4d?entry=ttu&g_ep=EgoyMDI2MDQyOS4wIKXMDSoASAFQAw%3D%3D","http://www.twoloonsoftware.com/","(541) 7081488","Website designer","ashland__business-professional-services","two-loon-software-web-development","/city/ashland/business-professional-services/two-loon-software-web-development/",""
"Whetstone Creative Agency Photo. Video. Design. Marketing.","https://www.google.com/maps/place/Whetstone+Creative+Agency+-+Photo.+Video.+Design.+Marketing./@51.2072,-157.5885976,3z/data=!4m10!1m2!2m1!1sWeb+Design+and+Digital+Marketing+Ashland+Oregon!3m6!1s0x8b3c7c85c749db61:0x3ff78935fa3fc947!8m2!3d39.542946!4d-121.629023!15sCi9XZWIgRGVzaWduIGFuZCBEaWdpdGFsIE1hcmtldGluZyBBc2hsYW5kIE9yZWdvbloxIi93ZWIgZGVzaWduIGFuZCBkaWdpdGFsIG1hcmtldGluZyBhc2hsYW5kIG9yZWdvbpIBDHBob3RvZ3JhcGhlcpoBJENoZERTVWhOTUc5blMwVkpRMEZuU1VOcU0ySklTV3AzUlJBQuABAPoBBAgAED8!16s%2Fg%2F11tjwg5c0z?entry=ttu&g_ep=EgoyMDI2MDQyOS4wIKXMDSoASAFQAw%3D%3D","http://www.wearewhetstone.com/","(541) 7275252","Photographer","ashland__business-professional-services","whetstone-creative-agency-photo-video-design-marketing","/city/ashland/business-professional-services/whetstone-creative-agency-photo-video-design-marketing/",""
"Zia Tierra Design","https://www.google.com/maps/place/Zia+Tierra+Design/@51.2072,-157.5885976,3z/data=!4m10!1m2!2m1!1sWeb+Design+and+Digital+Marketing+Ashland+Oregon!3m6!1s0x54cf0df15c502b99:0x619eea1231af3f30!8m2!3d39.6845782!4d-129.9427086!15sCi9XZWIgRGVzaWduIGFuZCBEaWdpdGFsIE1hcmtldGluZyBBc2hsYW5kIE9yZWdvbpIBEHdlYnNpdGVfZGVzaWduZXLgAQA!16s%2Fg%2F11h412qcdm?entry=ttu&g_ep=EgoyMDI2MDQyOS4wIKXMDSoASAFQAw%3D%3D","","(541) 6135305","Website designer","ashland__business-professional-services","zia-tierra-design","/city/ashland/business-professional-services/zia-tierra-design/",""
"24/8 Concrete Construction","https://www.google.com/maps/place/24%2F8+Concrete+Construction/@42.4999394,-127.6349342,7z/data=!4m10!1m2!2m1!1sConcrete+Contractors+Ashland+Oregon!3m6!1s0x54cf7b98af0b275f:0x3d45449f99277e0!8m2!3d42.320098!4d-123.0211896!15sCiNDb25jcmV0ZSBDb250cmFjdG9ycyBBc2hsYW5kIE9yZWdvblolIiNjb25jcmV0ZSBjb250cmFjdG9ycyBhc2hsYW5kIG9yZWdvbpIBE2NvbmNyZXRlX2NvbnRyYWN0b3KaASRDaGREU1VoTk1HOW5TMFZKUTBGblNVTlNkbVF5UVY5UlJSQULgAQD6AQUIywIQLQ!16s%2Fg%2F11ft_cj3_x?entry=ttu&g_ep=EgoyMDI2MDQyOS4wIKXMDSoASAFQAw%3D%3D","https://248concreteconstruction.godaddysites.com/","(541) 2004875","Concrete contractor","ashland__construction-home-services","24-8-concrete-construction","/city/ashland/construction-home-services/24-8-concrete-construction/",""
"3A's Construction & Demolition LLC","https://www.google.com/maps/place/3A's+Construction+%26+Demolition+LLC/@42.1799232,-127.546745,7z/data=!4m10!1m2!2m1!1sRoofing+Contractor+Ashland+Oregon!3m6!1s0x489359d62ae18491:0xd6a3867b7f2fd61b!8m2!3d42.3895775!4d-123.3465235!15sCiFSb29maW5nIENvbnRyYWN0b3IgQXNobGFuZCBPcmVnb25aIyIhcm9vZmluZyBjb250cmFjdG9yIGFzaGxhbmQgb3JlZ29ukgESZ2VuZXJhbF9jb250cmFjdG9ymgEkQ2hkRFNVaE5NRzluUzBWT1ZHeHpORTlCTFc4M2JqQjNSUkFC4AEA-gEECEQQSw!16s%2Fg%2F11x6z806j9?entry=ttu&g_ep=EgoyMDI2MDQyOS4wIKXMDSoASAFQAw%3D%3D","https://www.3asconstructionanddemo.com/","(541) 8413275","General contractor","ashland__construction-home-services","3a-s-construction-demolition-llc","/city/ashland/construction-home-services/3a-s-construction-demolition-llc/",""
"Action Irrigation","https://www.google.com/maps/place/Action+Irrigation/@42.191783,-132.4746594,6z/data=!4m10!1m2!2m1!1sLandscaping+Ashland+Oregon!3m6!1s0x2038e84239ba94ff:0xc92b24e2ce8f819f!8m2!3d42.4999394!4d-122.7570045!15sChpMYW5kc2NhcGluZyBBc2hsYW5kIE9yZWdvblocIhpsYW5kc2NhcGluZyBhc2hsYW5kIG9yZWdvbpIBCmxhbmRzY2FwZXKaASNDaFpEU1VoTk1HOW5TMFZKUjFkc04ySkVjMlJNZVdWUkVBReABAPoBBAhvEEY!16s%2Fg%2F11rz7hd64h?entry=ttu&g_ep=EgoyMDI2MDQyOS4wIKXMDSoASAFQAw%3D%3D","https://actionirrigationllc.jobbersites.com/","(541) 9511944","Landscaper","ashland__construction-home-services","action-irrigation","/city/ashland/construction-home-services/action-irrigation/",""
"Ahimsa Gardens LLC","https://www.google.com/maps/place/Ahimsa+Gardens+LLC/@42.191783,-132.4746594,6z/data=!4m10!1m2!2m1!1sLandscaping+Ashland+Oregon!3m6!1s0x85081cf4dd75b0a7:0xcb7cf3459ab9dc89!8m2!3d42.20993!4d-122.7233666!15sChpMYW5kc2NhcGluZyBBc2hsYW5kIE9yZWdvblocIhpsYW5kc2NhcGluZyBhc2hsYW5kIG9yZWdvbpIBCmxhbmRzY2FwZXKaASRDaGREU1VoTk1HOW5TMFZKUTBGblNVTklkMGxZV1RKQlJSQULgAQD6AQQIABBK!16s%2Fg%2F11kc4dd5h6?entry=ttu&g_ep=EgoyMDI2MDQyOS4wIKXMDSoASAFQAw%3D%3D","http://www.ahimsagardens.com/","(541) 3248461","Landscaper","ashland__construction-home-services","ahimsa-gardens-llc","/city/ashland/construction-home-services/ahimsa-gardens-llc/",""
"All Mountain Fence and Deck","https://www.google.com/maps/place/All+Mountain+Fence+and+Deck/@42.4999394,-127.6349342,7z/data=!4m10!1m2!2m1!1sConcrete+Contractors+Ashland+Oregon!3m6!1s0x54cf0b07a6bfb0e3:0xc45db9653e9c6a2c!8m2!3d42.2827856!4d-122.8196926!15sCiNDb25jcmV0ZSBDb250cmFjdG9ycyBBc2hsYW5kIE9yZWdvblolIiNjb25jcmV0ZSBjb250cmFjdG9ycyBhc2hsYW5kIG9yZWdvbpIBEGZlbmNlX2NvbnRyYWN0b3KaASNDaFpEU1VoTk1HOW5TMFZKUTBGblNVUm1iRFF6WWtaUkVBReABAPoBBAhEEEI!16s%2Fg%2F11h2n_wr_4?entry=ttu&g_ep=EgoyMDI2MDQyOS4wIKXMDSoASAFQAw%3D%3D","http://allmountainfencedeck.com/","(541) 8160405","Fence contractor","ashland__construction-home-services","all-mountain-fence-and-deck","/city/ashland/construction-home-services/all-mountain-fence-and-deck/",""
"Alpine Irrigation and Landscape Maintenance LLC","https://www.google.com/maps/place/Alpine+Irrigation+and+Landscape+Maintenance+LLC/@42.191783,-132.4746594,6z/data=!4m10!1m2!2m1!1sLandscaping+Ashland+Oregon!3m6!1s0x54cf7ba17e1aa08f:0xc3074d29439cc1a5!8m2!3d42.3271176!4d-122.8196926!15sChpMYW5kc2NhcGluZyBBc2hsYW5kIE9yZWdvblocIhpsYW5kc2NhcGluZyBhc2hsYW5kIG9yZWdvbpIBIGxhd25fc3ByaW5rbGVyX3N5c3RlbV9jb250cmFjdG9ymgEjQ2haRFNVaE5NRzluUzBWSlEwRm5UVVJ2ZGsxUGVWZDNFQUXgAQD6AQUI1QIQIQ!16s%2Fg%2F11kmwmrjj2?entry=ttu&g_ep=EgoyMDI2MDQyOS4wIKXMDSoASAFQAw%3D%3D","","(541) 3247643","Lawn sprinkler system contractor","ashland__construction-home-services","alpine-irrigation-and-landscape-maintenance-llc","/city/ashland/construction-home-services/alpine-irrigation-and-landscape-maintenance-llc/",""
"Ashland & Medford Landscaping","https://www.google.com/maps/place/Ashland+%26+Medford+Landscaping/@42.191783,-132.4746594,6z/data=!4m10!1m2!2m1!1sLandscaping+Ashland+Oregon!3m6!1s0xa7170f78e00b0f45:0xd762fa858907d7f5!8m2!3d42.3074515!4d-122.8619641!15sChpMYW5kc2NhcGluZyBBc2hsYW5kIE9yZWdvblocIhpsYW5kc2NhcGluZyBhc2hsYW5kIG9yZWdvbpIBCmxhbmRzY2FwZXKaASRDaGREU1VoTk1HOW5TMFZKUTBGblNVTjJlamg2Umw5QlJSQULgAQD6AQQIVRBH!16s%2Fg%2F11w8twx908?entry=ttu&g_ep=EgoyMDI2MDQyOS4wIKXMDSoASAFQAw%3D%3D","","(541) 5317745","Landscaper","ashland__construction-home-services","ashland-medford-landscaping","/city/ashland/construction-home-services/ashland-medford-landscaping/",""
"Ashland","https://www.google.com/maps/place/Ashland,+OR+97520/@42.1915897,-122.7714523,13z/data=!3m1!4b1!4m10!1m2!2m1!1sElectricians+Ashland+Oregon!3m6!1s0x54cf628cb4eedb55:0x9b3b1fb8782df1ad!8m2!3d42.1967113!4d-122.7139216!15sChtFbGVjdHJpY2lhbnMgQXNobGFuZCBPcmVnb26SAQhsb2NhbGl0eeABAA!16zL20vMGp2NWo?entry=ttu&g_ep=EgoyMDI2MDQyOS4wIKXMDSoASAFQAw%3D%3D","","","Electricians","ashland__construction-home-services","ashland","/city/ashland/construction-home-services/ashland/",""
"Bear Creek Electric Inc","https://www.google.com/maps/place/Bear+Creek+Electric+Inc/@42.210695,-125.1586056,8z/data=!4m10!1m2!2m1!1sElectricians+Ashland+Oregon!3m6!1s0x54cf0cef1c7785d5:0x718553e52046f6f3!8m2!3d42.1769625!4d-122.499172!15sChtFbGVjdHJpY2lhbnMgQXNobGFuZCBPcmVnb25aHSIbZWxlY3RyaWNpYW5zIGFzaGxhbmQgb3JlZ29ukgELZWxlY3RyaWNpYW6aASNDaFpEU1VoTk1HOW5TMFZKUTBGblNVTnFjVjl1Ym1OQkVBReABAPoBBAgAECI!16s%2Fg%2F1tgq6cjc?entry=ttu&g_ep=EgoyMDI2MDQyOS4wIKXMDSoASAFQAw%3D%3D","http://www.bearcreekelectric.com/","(541) 4882799","Electrician","ashland__construction-home-services","bear-creek-electric-inc","/city/ashland/construction-home-services/bear-creek-electric-inc/",""
"Black Oak Roofing","https://www.google.com/maps/place/Black+Oak+Roofing/@42.1799232,-127.546745,7z/data=!4m10!1m2!2m1!1sRoofing+Contractor+Ashland+Oregon!3m6!1s0x54cf79fe0a77d553:0xc9b1af58c0909250!8m2!3d42.969053!4d-122.031454!15sCiFSb29maW5nIENvbnRyYWN0b3IgQXNobGFuZCBPcmVnb25aIyIhcm9vZmluZyBjb250cmFjdG9yIGFzaGxhbmQgb3JlZ29ukgEScm9vZmluZ19jb250cmFjdG9ymgFEQ2k5RFFVbFJRVU52WkVOb2RIbGpSamx2VDIxYWVXVkhSbWxUYXpGV1dqTk9TMUZyYkVOVlIwWnVWbTFzZFU1WVl4QULgAQD6AQQIaxAz!16s%2Fg%2F11k6l97jfl?entry=ttu&g_ep=EgoyMDI2MDQyOS4wIKXMDSoASAFQAw%3D%3D","https://www.blackoakroofingpro.com/","(541) 7783636","Roofing contractor","ashland__construction-home-services","black-oak-roofing","/city/ashland/construction-home-services/black-oak-roofing/",""
"Brooks Farms and Gardens Landscape Design and Consultation","https://www.google.com/maps/place/Brooks+Farms+and+Gardens+Landscape+Design+and+Consultation/@42.191783,-132.4746594,6z/data=!4m10!1m2!2m1!1sLandscaping+Ashland+Oregon!3m6!1s0x54c56534d4a13405:0xe73452f9ef289b27!8m2!3d42.3895775!4d-123.3465235!15sChpMYW5kc2NhcGluZyBBc2hsYW5kIE9yZWdvblocIhpsYW5kc2NhcGluZyBhc2hsYW5kIG9yZWdvbpIBEmxhbmRzY2FwZV9kZXNpZ25lcpoBJENoZERTVWhOTUc5blMwVkpRMEZuU1VSNmEyRk1MVFYzUlJBQuABAPoBBQjDBhAm!16s%2Fg%2F1vfzdxd0?entry=ttu&g_ep=EgoyMDI2MDQyOS4wIKXMDSoASAFQAw%3D%3D","http://brooksfarmsandgardens.com/?utm_source=google&utm_medium=organic&utm_campaign=googlemybusiness","(541) 6590489","Landscape designer","ashland__construction-home-services","brooks-farms-and-gardens-landscape-design-and-consultation","/city/ashland/construction-home-services/brooks-farms-and-gardens-landscape-design-and-consultation/",""
"Build The Block Construction","https://www.google.com/maps/place/Build+The+Block+Construction/@42.1799232,-127.546745,7z/data=!4m10!1m2!2m1!1sRoofing+Contractor+Ashland+Oregon!3m6!1s0x20bd23b0e67a376f:0xa96c864c61dc27d1!8m2!3d42.4959444!4d-123.1623324!15sCiFSb29maW5nIENvbnRyYWN0b3IgQXNobGFuZCBPcmVnb25aIyIhcm9vZmluZyBjb250cmFjdG9yIGFzaGxhbmQgb3JlZ29ukgEScm9vZmluZ19jb250cmFjdG9ymgFEQ2k5RFFVbFJRVU52WkVOb2RIbGpSamx2VDIweGFWRXhXazlWVldodVVrWlZlbGxxV1hwaE0wWk5ZMGhaTkZNeFJSQULgAQD6AQQIABBM!16s%2Fg%2F11w3zfnyr2?entry=ttu&g_ep=EgoyMDI2MDQyOS4wIKXMDSoASAFQAw%3D%3D","https://buildtheblockconstruction.com/?utm_source=google&utm_medium=organic&utm_campaign=GoogleBusinessProfile","(541) 8161833","Roofing contractor","ashland__construction-home-services","build-the-block-construction","/city/ashland/construction-home-services/build-the-block-construction/",""
"Clear Path Sewer And Drain Solutions","https://www.google.com/maps/place/Clear+Path+Sewer+And+Drain+Solutions/@42.3271176,-122.8959103,13z/data=!4m10!1m2!2m1!1sElectricians+Ashland+Oregon!3m6!1s0x63713c754bb8887d:0xe13b3fc74afd1242!8m2!3d42.3271176!4d-122.8196926!15sChtFbGVjdHJpY2lhbnMgQXNobGFuZCBPcmVnb25aHSIbZWxlY3RyaWNpYW5zIGFzaGxhbmQgb3JlZ29ukgEHcGx1bWJlcpoBI0NoWkRTVWhOTUc5blMwVkpRMEZuVFVSbmFEVkhaMUYzRUFF4AEA-gEECAAQMw!16s%2Fg%2F11yc717cw3?entry=ttu&g_ep=EgoyMDI2MDQyOS4wIKXMDSoASAFQAw%3D%3D","https://www.clearpathsewer.com/","(541) 9512967","Plumber","ashland__construction-home-services","clear-path-sewer-and-drain-solutions","/city/ashland/construction-home-services/clear-path-sewer-and-drain-solutions/",""
"Clint Sager Contracting Services","https://www.google.com/maps/place/Clint+Sager+Contracting+Services/@42.4999394,-127.6349342,7z/data=!4m10!1m2!2m1!1sConcrete+Contractors+Ashland+Oregon!3m6!1s0x265150255a994f55:0x6091119cbea0b17a!8m2!3d42.391898!4d-123.160333!15sCiNDb25jcmV0ZSBDb250cmFjdG9ycyBBc2hsYW5kIE9yZWdvblolIiNjb25jcmV0ZSBjb250cmFjdG9ycyBhc2hsYW5kIG9yZWdvbpIBCmNvbnRyYWN0b3KaAURDaTlEUVVsUlFVTnZaRU5vZEhsalJqbHZUMnhzYVZrelVsWk5SelZZVldwV1VtVlViRXRZTUc5MFVrZEtkMDFJWXhBQuABAPoBBAg8EEE!16s%2Fg%2F11rzg_vb7h?entry=ttu&g_ep=EgoyMDI2MDQyOS4wIKXMDSoASAFQAw%3D%3D","https://clintsagercontracting.com/","(541) 4509736","Contractor","ashland__construction-home-services","clint-sager-contracting-services","/city/ashland/construction-home-services/clint-sager-contracting-services/",""
"Cloud Landscape Maintenance","https://www.google.com/maps/place/Cloud+Landscape+Maintenance/@42.191783,-132.4746594,6z/data=!4m10!1m2!2m1!1sLandscaping+Ashland+Oregon!3m6!1s0x54c6081d8449d4a9:0xa180319580fff088!8m2!3d42.384457!4d-122.7902155!15sChpMYW5kc2NhcGluZyBBc2hsYW5kIE9yZWdvblocIhpsYW5kc2NhcGluZyBhc2hsYW5kIG9yZWdvbpIBCmxhbmRzY2FwZXKaAURDaTlEUVVsUlFVTnZaRU5vZEhsalJqbHZUMjVhV2s1cmFHdE5WRTU1VVd0V1VXTnVXbFJOU0VwS1ZFWk9kMUpzUlJBQuABAPoBBAgmECo!16s%2Fg%2F1tdc9jqx?entry=ttu&g_ep=EgoyMDI2MDQyOS4wIKXMDSoASAFQAw%3D%3D","http://clirrigation.com/","","Landscaper","ashland__construction-home-services","cloud-landscape-maintenance","/city/ashland/construction-home-services/cloud-landscape-maintenance/",""
"Cortes Concrete Solutions, LLC","https://www.google.com/maps/place/Cortes+Concrete+Solutions,+LLC/@42.4999394,-127.6349342,7z/data=!4m10!1m2!2m1!1sConcrete+Contractors+Ashland+Oregon!3m6!1s0x4104282360bd4f9b:0x526ab613625b4fdc!8m2!3d42.3271176!4d-122.8619641!15sCiNDb25jcmV0ZSBDb250cmFjdG9ycyBBc2hsYW5kIE9yZWdvblolIiNjb25jcmV0ZSBjb250cmFjdG9ycyBhc2hsYW5kIG9yZWdvbpIBE2NvbmNyZXRlX2NvbnRyYWN0b3KaAURDaTlEUVVsUlFVTnZaRU5vZEhsalJqbHZUMnRTVlZJeU5WQlRhazQxV1d4T05HUklaRTFYYkVKeFpHNU9jMWd6WXhBQuABAPoBBAggEDY!16s%2Fg%2F11q4bwdqb2?entry=ttu&g_ep=EgoyMDI2MDQyOS4wIKXMDSoASAFQAw%3D%3D","https://cortesconcretesolutionsllc.com/","(541) 6468730","Concrete contractor","ashland__construction-home-services","cortes-concrete-solutions-llc","/city/ashland/construction-home-services/cortes-concrete-solutions-llc/",""
"Custom Concrete & Masonry","https://www.google.com/maps/place/Custom+Concrete+%26+Masonry/@42.4999394,-127.6349342,7z/data=!4m10!1m2!2m1!1sConcrete+Contractors+Ashland+Oregon!3m6!1s0x54c57af8084aa589:0xdddca42cac980e5a!8m2!3d42.346771!4d-123.2233785!15sCiNDb25jcmV0ZSBDb250cmFjdG9ycyBBc2hsYW5kIE9yZWdvbpIBE2NvbmNyZXRlX2NvbnRyYWN0b3LgAQA!16s%2Fg%2F1tdx3w1x?entry=ttu&g_ep=EgoyMDI2MDQyOS4wIKXMDSoASAFQAw%3D%3D","https://www.facebook.com/CCM.DLR","(541) 4761591","Concrete contractor","ashland__construction-home-services","custom-concrete-masonry","/city/ashland/construction-home-services/custom-concrete-masonry/",""
"CV Landscape Maintenance LLC","https://www.google.com/maps/place/CV+Landscape+Maintenance+LLC/@42.191783,-132.4746594,6z/data=!4m10!1m2!2m1!1sLandscaping+Ashland+Oregon!3m6!1s0x4f0dce5c706251c5:0x23f29671d54053a4!8m2!3d42.3271176!4d-122.8196926!15sChpMYW5kc2NhcGluZyBBc2hsYW5kIE9yZWdvblocIhpsYW5kc2NhcGluZyBhc2hsYW5kIG9yZWdvbpIBCmxhbmRzY2FwZXKaASNDaFpEU1VoTk1HOW5TMFZKUTBGblNVUlFOWFpJVkdabkVBReABAPoBBAgAEEo!16s%2Fg%2F11tp493xn3?entry=ttu&g_ep=EgoyMDI2MDQyOS4wIKXMDSoASAFQAw%3D%3D","http://www.cvlandscapemaintenance.com/","(541) 6138535","Landscaper","ashland__construction-home-services","cv-landscape-maintenance-llc","/city/ashland/construction-home-services/cv-landscape-maintenance-llc/",""
"D.C.QUALITY CONCRETE LLC. LIC# 222639","https://www.google.com/maps/place/D.C.QUALITY+CONCRETE+LLC.+LIC%23+222639/@42.4999394,-127.6349342,7z/data=!4m10!1m2!2m1!1sConcrete+Contractors+Ashland+Oregon!3m6!1s0x54c57bf8e4bc65bf:0x71aa69dc34ea83bb!8m2!3d42.391898!4d-123.160333!15sCiNDb25jcmV0ZSBDb250cmFjdG9ycyBBc2hsYW5kIE9yZWdvbpIBE2NvbmNyZXRlX2NvbnRyYWN0b3LgAQA!16s%2Fg%2F11gxht0t5l?entry=ttu&g_ep=EgoyMDI2MDQyOS4wIKXMDSoASAFQAw%3D%3D","","(541) 6609478","Concrete contractor","ashland__construction-home-services","d-c-quality-concrete-llc-lic-222639","/city/ashland/construction-home-services/d-c-quality-concrete-llc-lic-222639/",""
"D & D Plumbing","https://www.google.com/maps/place/D+%26+D+Plumbing/@42.4959444,-125.6012972,8z/data=!4m10!1m2!2m1!1sPlumbers+Ashland+Oregon!3m6!1s0x54cf7bd24442f847:0x2699db0d5201e498!8m2!3d42.4999394!4d-122.7570045!15sChdQbHVtYmVycyBBc2hsYW5kIE9yZWdvbloZIhdwbHVtYmVycyBhc2hsYW5kIG9yZWdvbpIBB3BsdW1iZXKaASNDaFpEU1VoTk1HOW5TMFZKUTBGblNVTldhMlp0YmxCbkVBReABAPoBBAg7EEg!16s%2Fg%2F1tdklz4_?entry=ttu&g_ep=EgoyMDI2MDQyOS4wIKXMDSoASAFQAw%3D%3D","","(541) 7722111","Plumber","ashland__construction-home-services","d-d-plumbing","/city/ashland/construction-home-services/d-d-plumbing/",""
"DIG Landscape DesignBuild","https://www.google.com/maps/place/DIG+Landscape+Design-Build/@42.191783,-132.4746594,6z/data=!4m10!1m2!2m1!1sLandscaping+Ashland+Oregon!3m6!1s0x54cf63080da1a861:0x75fb42be0cebd19!8m2!3d42.39993!4d-122.9172706!15sChpMYW5kc2NhcGluZyBBc2hsYW5kIE9yZWdvblocIhpsYW5kc2NhcGluZyBhc2hsYW5kIG9yZWdvbpIBEmxhbmRzY2FwZV9kZXNpZ25lcpoBRENpOURRVWxSUVVOdlpFTm9kSGxqUmpsdlQycG9iMVZHVWtKWWVrSjJZVlZTUTFwVlpERlpWV2hNVWxSa2VsWXpZeEFC4AEA-gEFCK8CEEM!16s%2Fg%2F11fpnl2zdn?entry=ttu&g_ep=EgoyMDI2MDQyOS4wIKXMDSoASAFQAw%3D%3D","http://www.roguelandscape.com/","(541) 8909201","Landscape designer","ashland__construction-home-services","dig-landscape-designbuild","/city/ashland/construction-home-services/dig-landscape-designbuild/",""
"Electrical Excellence","https://www.google.com/maps/place/Electrical+Excellence/@42.210695,-125.1586056,8z/data=!4m10!1m2!2m1!1sElectricians+Ashland+Oregon!3m6!1s0x54cf0c15b27ab777:0x77f64f4bc56ecbce!8m2!3d42.2827856!4d-122.7811111!15sChtFbGVjdHJpY2lhbnMgQXNobGFuZCBPcmVnb25aHSIbZWxlY3RyaWNpYW5zIGFzaGxhbmQgb3JlZ29ukgEfZWxlY3RyaWNhbF9pbnN0YWxsYXRpb25fc2VydmljZZoBI0NoWkRTVWhOTUc5blMwVkpRMEZuU1VOb09EVmhkRU5uRUFF4AEA-gEECE4QJA!16s%2Fg%2F1hc2w4n49?entry=ttu&g_ep=EgoyMDI2MDQyOS4wIKXMDSoASAFQAw%3D%3D","","(541) 5176565","Electrical installation service","ashland__construction-home-services","electrical-excellence","/city/ashland/construction-home-services/electrical-excellence/",""
"Element Landscape Maintenance","https://www.google.com/maps/place/Element+Landscape+Maintenance/@42.191783,-132.4746594,6z/data=!4m10!1m2!2m1!1sLandscaping+Ashland+Oregon!3m6!1s0xb1f65bac32c2d99:0x4a10150e2b40fc27!8m2!3d42.384457!4d-123.0558236!15sChpMYW5kc2NhcGluZyBBc2hsYW5kIE9yZWdvblocIhpsYW5kc2NhcGluZyBhc2hsYW5kIG9yZWdvbpIBCmxhbmRzY2FwZXKaASNDaFpEU1VoTk1HOW5TMFZKUTBGblNVTnlORFkyVlZSQkVBReABAPoBBAgAEDk!16s%2Fg%2F11vxjpdw3x?entry=ttu&g_ep=EgoyMDI2MDQyOS4wIKXMDSoASAFQAw%3D%3D","https://elementlandscape.us/","(541) 2009413","Landscaper","ashland__construction-home-services","element-landscape-maintenance","/city/ashland/construction-home-services/element-landscape-maintenance/",""
"Erik's Landscape Maintenance","https://www.google.com/maps/place/Erik's+Landscape+Maintenance/@42.191783,-132.4746594,6z/data=!4m10!1m2!2m1!1sLandscaping+Ashland+Oregon!3m6!1s0x434587ecd9e64bf9:0x1065631d765ec462!8m2!3d42.3271176!4d-122.8619641!15sChpMYW5kc2NhcGluZyBBc2hsYW5kIE9yZWdvblocIhpsYW5kc2NhcGluZyBhc2hsYW5kIG9yZWdvbpIBEWxhd25fY2FyZV9zZXJ2aWNlmgEjQ2haRFNVaE5NRzluUzBWSlEwRm5TVU5pWjNGVVFrRm5FQUXgAQD6AQQIRRBG!16s%2Fg%2F11vrphfxn9?entry=ttu&g_ep=EgoyMDI2MDQyOS4wIKXMDSoASAFQAw%3D%3D","http://erikslandscapemaintenance.com/","(541) 8798979","Lawn care service","ashland__construction-home-services","erik-s-landscape-maintenance","/city/ashland/construction-home-services/erik-s-landscape-maintenance/",""
"Family Custom Concrete, LLC","https://www.google.com/maps/place/Family+Custom+Concrete,+LLC/@42.4999394,-127.6349342,7z/data=!4m10!1m2!2m1!1sConcrete+Contractors+Ashland+Oregon!3m6!1s0x4348f0fa6c6b0abb:0x600c487093f89fbb!8m2!3d42.3075305!4d-122.9172706!15sCiNDb25jcmV0ZSBDb250cmFjdG9ycyBBc2hsYW5kIE9yZWdvblolIiNjb25jcmV0ZSBjb250cmFjdG9ycyBhc2hsYW5kIG9yZWdvbpIBE2NvbmNyZXRlX2NvbnRyYWN0b3KaASNDaFpEU1VoTk1HOW5TMFZKUTBGblNVUTVjRFl0ZWtWUkVBReABAPoBBAhhEBY!16s%2Fg%2F11t75_qn2r?entry=ttu&g_ep=EgoyMDI2MDQyOS4wIKXMDSoASAFQAw%3D%3D","https://familycustomconcretellc.com/","(541) 8411021","Concrete contractor","ashland__construction-home-services","family-custom-concrete-llc","/city/ashland/construction-home-services/family-custom-concrete-llc/",""
"Faucet Brothers Plumbing, LLC","https://www.google.com/maps/place/Faucet+Brothers+Plumbing,+LLC/@42.4959444,-125.6012972,8z/data=!4m10!1m2!2m1!1sPlumbers+Ashland+Oregon!3m6!1s0x54cf7be9d43a5411:0x8ee2db3c5a65df1a!8m2!3d42.3788539!4d-122.9099775!15sChdQbHVtYmVycyBBc2hsYW5kIE9yZWdvbloZIhdwbHVtYmVycyBhc2hsYW5kIG9yZWdvbpIBB3BsdW1iZXKaASRDaGREU1VoTk1HOW5TMFZKUTBGblNVTktkVXhQV1hWblJSQULgAQD6AQQIABBA!16s%2Fg%2F11f69ws03p?entry=ttu&g_ep=EgoyMDI2MDQyOS4wIKXMDSoASAFQAw%3D%3D","","(541) 8405258","Plumber","ashland__construction-home-services","faucet-brothers-plumbing-llc","/city/ashland/construction-home-services/faucet-brothers-plumbing-llc/",""
"Flow State Plumbing","https://www.google.com/maps/place/Flow+State+Plumbing/@42.210695,-125.1586056,8z/data=!4m10!1m2!2m1!1sElectricians+Ashland+Oregon!3m6!1s0xaf285721670e1e81:0x68ff49f85d88dceb!8m2!3d42.2163225!4d-122.594921!15sChtFbGVjdHJpY2lhbnMgQXNobGFuZCBPcmVnb25aHSIbZWxlY3RyaWNpYW5zIGFzaGxhbmQgb3JlZ29ukgEHcGx1bWJlcpoBI0NoWkRTVWhOTUc5blMwVkpRMEZuU1VOZk5YVjFVMWhSRUFF4AEA-gEECHwQSQ!16s%2Fg%2F11wnnpxdfl?entry=ttu&g_ep=EgoyMDI2MDQyOS4wIKXMDSoASAFQAw%3D%3D","https://www.flowstateplumbing.com/?utm_source=gbp&utm_medium=organic&utm_campaign=gbp-listing","(541) 6314842","Plumber","ashland__construction-home-services","flow-state-plumbing","/city/ashland/construction-home-services/flow-state-plumbing/",""
"Gary Krause Landscaping and Design","https://www.google.com/maps/place/Gary+Krause+Landscaping+and+Design/@42.191783,-132.4746594,6z/data=!4m10!1m2!2m1!1sLandscaping+Ashland+Oregon!3m6!1s0x54cf9b15dcd72a43:0x27545cb25724903b!8m2!3d42.4959444!4d-123.1230249!15sChpMYW5kc2NhcGluZyBBc2hsYW5kIE9yZWdvblocIhpsYW5kc2NhcGluZyBhc2hsYW5kIG9yZWdvbpIBEmxhbmRzY2FwZV9kZXNpZ25lcpoBRENpOURRVWxSUVVOdlpFTm9kSGxqUmpsdlQydGFOVlZ1UmpKVFJ6VlBXak53ZGxkVlJtcFZWbkI0VGxocmVtTXpZeEFC4AEA-gEECEsQPQ!16s%2Fg%2F124yp5n6b?entry=ttu&g_ep=EgoyMDI2MDQyOS4wIKXMDSoASAFQAw%3D%3D","https://garykrauselandscaping.com/","(541) 8997643","Landscape designer","ashland__construction-home-services","gary-krause-landscaping-and-design","/city/ashland/construction-home-services/gary-krause-landscaping-and-design/",""
"GB Home Improvement","https://www.google.com/maps/place/GB+Home+Improvement/@42.1799232,-127.546745,7z/data=!4m10!1m2!2m1!1sRoofing+Contractor+Ashland+Oregon!3m6!1s0x43b6d4b8fc9cad1:0xe04997c233c2878e!8m2!3d42.3375885!4d-123.4949009!15sCiFSb29maW5nIENvbnRyYWN0b3IgQXNobGFuZCBPcmVnb25aIyIhcm9vZmluZyBjb250cmFjdG9yIGFzaGxhbmQgb3JlZ29ukgESZ2VuZXJhbF9jb250cmFjdG9ymgFEQ2k5RFFVbFJRVU52WkVOb2RIbGpSamx2VDJ4dmRGcHVhRVJoTUVwV1YydHNTazVFYkRCUFJWVjZXREE1YW1KRlJSQULgAQD6AQUIiAEQQA!16s%2Fg%2F11x8_fj3n1?entry=ttu&g_ep=EgoyMDI2MDQyOS4wIKXMDSoASAFQAw%3D%3D","https://gbhomepdx.com/","(541) 2613299","General contractor","ashland__construction-home-services","gb-home-improvement","/city/ashland/construction-home-services/gb-home-improvement/",""
"H&R Environmental Landscaping LLC","https://www.google.com/maps/place/H%26R+Environmental+Landscaping+LLC/@42.191783,-132.4746594,6z/data=!4m10!1m2!2m1!1sLandscaping+Ashland+Oregon!3m6!1s0x3ddb55ac87f7fd:0x448350e9683508bc!8m2!3d42.3075305!4d-122.9172706!15sChpMYW5kc2NhcGluZyBBc2hsYW5kIE9yZWdvblocIhpsYW5kc2NhcGluZyBhc2hsYW5kIG9yZWdvbpIBEmxhbmRzY2FwZV9kZXNpZ25lcpoBRENpOURRVWxSUVVOdlpFTm9kSGxqUmpsdlQyMUdXVlpIWnpGVE1FbDNWMnBLU21KWFVrUlZSMFpOWWtkUmQyTnVZeEFC4AEA-gEFCJ0BEEw!16s%2Fg%2F11z42bz8ft?entry=ttu&g_ep=EgoyMDI2MDQyOS4wIKXMDSoASAFQAw%3D%3D","https://hrenvironmentallandscaping.com/","(541) 3243926","Landscape designer","ashland__construction-home-services","h-r-environmental-landscaping-llc","/city/ashland/construction-home-services/h-r-environmental-landscaping-llc/",""
"Hawthorne Landscaping NW","https://www.google.com/maps/place/Hawthorne+Landscaping+NW/@42.191783,-132.4746594,6z/data=!4m10!1m2!2m1!1sLandscaping+Ashland+Oregon!3m6!1s0xa1614537de9ef505:0xc3d2dfbcc0fba892!8m2!3d42.264776!4d-123.5411761!15sChpMYW5kc2NhcGluZyBBc2hsYW5kIE9yZWdvblocIhpsYW5kc2NhcGluZyBhc2hsYW5kIG9yZWdvbpIBCmxhbmRzY2FwZXKaAURDaTlEUVVsUlFVTnZaRU5vZEhsalJqbHZUMnRXYkdSRVRYUldla2sxWkd0T2FGZHJOVUpNV0ZKdVlVaGtTMVpXUlJBQuABAPoBBQiUBRA4!16s%2Fg%2F11k9dgjk58?entry=ttu&g_ep=EgoyMDI2MDQyOS4wIKXMDSoASAFQAw%3D%3D","http://hawthornelandscapingnw.com/","(541) 4509616","Landscaper","ashland__construction-home-services","hawthorne-landscaping-nw","/city/ashland/construction-home-services/hawthorne-landscaping-nw/",""
"Herb Brower Concrete & Masonry, Inc.","https://www.google.com/maps/place/Herb+Brower+Concrete+%26+Masonry,+Inc./@42.4999394,-127.6349342,7z/data=!4m10!1m2!2m1!1sConcrete+Contractors+Ashland+Oregon!3m6!1s0x54cf79bfd551b8fb:0xadda1901281cb79!8m2!3d42.4999394!4d-122.7570045!15sCiNDb25jcmV0ZSBDb250cmFjdG9ycyBBc2hsYW5kIE9yZWdvblolIiNjb25jcmV0ZSBjb250cmFjdG9ycyBhc2hsYW5kIG9yZWdvbpIBE2NvbmNyZXRlX2NvbnRyYWN0b3KaASNDaFpEU1VoTk1HOW5TMFZKUTBGblNVTjZkMDE1TUZabkVBReABAPoBBAgmEDc!16s%2Fg%2F1tw_mzn9?entry=ttu&g_ep=EgoyMDI2MDQyOS4wIKXMDSoASAFQAw%3D%3D","http://hbrowerconcrete.com/","(541) 6211770","Concrete contractor","ashland__construction-home-services","herb-brower-concrete-masonry-inc","/city/ashland/construction-home-services/herb-brower-concrete-masonry-inc/",""
"Hhh Construction","https://www.google.com/maps/place/Hhh+Construction/@42.4999394,-127.6349342,7z/data=!4m10!1m2!2m1!1sConcrete+Contractors+Ashland+Oregon!3m6!1s0x54cf7c475a6eea13:0x3a243703aa7fd6d3!8m2!3d42.8048475!4d-122.4608939!15sCiNDb25jcmV0ZSBDb250cmFjdG9ycyBBc2hsYW5kIE9yZWdvblolIiNjb25jcmV0ZSBjb250cmFjdG9ycyBhc2hsYW5kIG9yZWdvbpIBFGNvbnN0cnVjdGlvbl9jb21wYW55mgEjQ2haRFNVaE5NRzluUzBWSlEwRm5TVVJVY0RsSWMwTjNFQUXgAQD6AQQIWBA5!16s%2Fg%2F11fll61zj4?entry=ttu&g_ep=EgoyMDI2MDQyOS4wIKXMDSoASAFQAw%3D%3D","https://www.hhhconstructionoregon.com/","(541) 7278757","Construction company","ashland__construction-home-services","hhh-construction","/city/ashland/construction-home-services/hhh-construction/",""
"HyTech Electric Inc","https://www.google.com/maps/place/Hy-Tech+Electric+Inc/@42.210695,-125.1586056,8z/data=!4m10!1m2!2m1!1sElectricians+Ashland+Oregon!3m6!1s0x54c57f316cb2fbcf:0x920cbaf256f45604!8m2!3d42.391898!4d-123.160333!15sChtFbGVjdHJpY2lhbnMgQXNobGFuZCBPcmVnb25aHSIbZWxlY3RyaWNpYW5zIGFzaGxhbmQgb3JlZ29ukgELZWxlY3RyaWNpYW6aASRDaGREU1VoTk1HOW5TMFZKUTBGblNVTlBiSEJFTkRkUlJSQULgAQD6AQUIjwIQNw!16s%2Fg%2F11bbwp88s7?entry=ttu&g_ep=EgoyMDI2MDQyOS4wIKXMDSoASAFQAw%3D%3D","http://hy-techelectric.com/","(541) 2100327","Electrician","ashland__construction-home-services","hytech-electric-inc","/city/ashland/construction-home-services/hytech-electric-inc/",""
"J&A Concrete Construction LLC","https://www.google.com/maps/place/J%26A+Concrete+Construction+LLC/@42.4999394,-127.6349342,7z/data=!4m10!1m2!2m1!1sConcrete+Contractors+Ashland+Oregon!3m6!1s0xa5997962211588d:0xd5e431cbcc5e5fa4!8m2!3d42.6383101!4d-123.356985!15sCiNDb25jcmV0ZSBDb250cmFjdG9ycyBBc2hsYW5kIE9yZWdvblolIiNjb25jcmV0ZSBjb250cmFjdG9ycyBhc2hsYW5kIG9yZWdvbpIBE2NvbmNyZXRlX2NvbnRyYWN0b3KaASRDaGREU1VoTk1HOW5TMFZKUTBGblNVUnFMUzFRVHpCQlJSQULgAQD6AQUI4gcQKQ!16s%2Fg%2F11sh4yvmnq?entry=ttu&g_ep=EgoyMDI2MDQyOS4wIKXMDSoASAFQAw%3D%3D","https://www.jandaconcreteconstruction.com/about-us","(541) 9514009","Concrete contractor","ashland__construction-home-services","j-a-concrete-construction-llc","/city/ashland/construction-home-services/j-a-concrete-construction-llc/",""
"Madrona Craft Landscape","https://www.google.com/maps/place/Madrona+Craft+Landscape/@42.191783,-132.4746594,6z/data=!4m10!1m2!2m1!1sLandscaping+Ashland+Oregon!3m6!1s0x6c279af7b83b8b1d:0xaff034fe8a03a843!8m2!3d42.320098!4d-123.0211896!15sChpMYW5kc2NhcGluZyBBc2hsYW5kIE9yZWdvblocIhpsYW5kc2NhcGluZyBhc2hsYW5kIG9yZWdvbpIBEmxhbmRzY2FwZV9kZXNpZ25lcpoBRENpOURRVWxSUVVOdlpFTm9kSGxqUmpsdlQyNXNlR0pZYkU1UFZXY3lZekphUWxreFFYZFRSazVRWTBkc1ExSlZSUkFC4AEA-gEFCMkCEEM!16s%2Fg%2F11z23tvl9y?entry=ttu&g_ep=EgoyMDI2MDQyOS4wIKXMDSoASAFQAw%3D%3D","https://madronacraft.com/","(541) 7870572","Landscape designer","ashland__construction-home-services","madrona-craft-landscape","/city/ashland/construction-home-services/madrona-craft-landscape/",""
"MAGA Electric & Plumbing","https://www.google.com/maps/place/MAGA+Electric+%26+Plumbing/@42.3271176,-122.9934883,13z/data=!4m10!1m2!2m1!1sElectricians+Ashland+Oregon!3m6!1s0x54cf7bf31e2c3637:0xfbe254cb2a395ae3!8m2!3d42.3271176!4d-122.9172706!15sChtFbGVjdHJpY2lhbnMgQXNobGFuZCBPcmVnb25aHSIbZWxlY3RyaWNpYW5zIGFzaGxhbmQgb3JlZ29ukgEHcGx1bWJlcpoBI0NoWkRTVWhOTUc5blMwVkpRMEZuU1VSQ2JEUmxWVTlSRUFF4AEA-gEECAAQMw!16s%2Fg%2F11qt2kkd6g?entry=ttu&g_ep=EgoyMDI2MDQyOS4wIKXMDSoASAFQAw%3D%3D","https://magaelectric.com/","(541) 9005790","Plumber","ashland__construction-home-services","maga-electric-plumbing","/city/ashland/construction-home-services/maga-electric-plumbing/",""
"Medford Concrete","https://www.google.com/maps/place/Medford+Concrete/@42.4999394,-127.6349342,7z/data=!4m10!1m2!2m1!1sConcrete+Contractors+Ashland+Oregon!3m6!1s0x54cf7a96114f7909:0x4d77e68136bbf3dc!8m2!3d42.3271176!4d-122.8196926!15sCiNDb25jcmV0ZSBDb250cmFjdG9ycyBBc2hsYW5kIE9yZWdvblolIiNjb25jcmV0ZSBjb250cmFjdG9ycyBhc2hsYW5kIG9yZWdvbpIBE2NvbmNyZXRlX2NvbnRyYWN0b3KaAURDaTlEUVVsUlFVTnZaRU5vZEhsalJqbHZUMjAxY1U1SGNHMVdNalZIWVZkc01GUlRNVUppVjNoT1UwVkdObGRGUlJBQuABAPoBBQihARBD!16s%2Fg%2F11gbcwgnj9?entry=ttu&g_ep=EgoyMDI2MDQyOS4wIKXMDSoASAFQAw%3D%3D","http://www.medfordconcrete.co/","(541) 5023839","Concrete contractor","ashland__construction-home-services","medford-concrete","/city/ashland/construction-home-services/medford-concrete/",""
"Morris Concrete & Construction","https://www.google.com/maps/place/Morris+Concrete+%26+Construction/@42.4999394,-127.6349342,7z/data=!4m10!1m2!2m1!1sConcrete+Contractors+Ashland+Oregon!3m6!1s0x64fb42eb95d9bd9f:0xe0f09ee1d687bcf3!8m2!3d42.39993!4d-123.0211896!15sCiNDb25jcmV0ZSBDb250cmFjdG9ycyBBc2hsYW5kIE9yZWdvblolIiNjb25jcmV0ZSBjb250cmFjdG9ycyBhc2hsYW5kIG9yZWdvbpIBEmdlbmVyYWxfY29udHJhY3RvcpoBRENpOURRVWxSUVVOdlpFTm9kSGxqUmpsdlQyeEJkMU5JY0hwTk1teFBWMVU1VUdKVVJYbE5iWEJtVldwU1QwNUhZeEFC4AEA-gEECAAQIw!16s%2Fg%2F11n41123sz?entry=ttu&g_ep=EgoyMDI2MDQyOS4wIKXMDSoASAFQAw%3D%3D","https://www.instagram.com/morrisconcreteconstruction/","(541) 2619763","General contractor","ashland__construction-home-services","morris-concrete-construction","/city/ashland/construction-home-services/morris-concrete-construction/",""
"Mr. Rooter Plumbing of Josephine & Jackson Counties","https://www.google.com/maps/place/Mr.+Rooter+Plumbing+of+Josephine+%26+Jackson+Counties/@41.9944939,-122.7439884,8z/data=!4m10!1m2!2m1!1sPlumbers+Ashland+Oregon!3m6!1s0x54c579fcb632546d:0xedd06a4ddd819c3b!8m2!3d42.4959444!4d-123.1623324!15sChdQbHVtYmVycyBBc2hsYW5kIE9yZWdvbloZIhdwbHVtYmVycyBhc2hsYW5kIG9yZWdvbpIBB3BsdW1iZXKaASNDaFpEU1VoTk1HOW5TMFZKUTBGblNVUkljV1pVUldOQkVBReABAPoBBQidAxBA!16s%2Fg%2F1tlmn161?entry=ttu&g_ep=EgoyMDI2MDQyOS4wIKXMDSoASAFQAw%3D%3D","https://www.mrrooter.com/josephine-jackson-counties/?cid=LSTL_MRR000199&utm_source=gmb&utm_campaign=local&utm_medium=organic","(541) 2105437","Plumber","ashland__construction-home-services","mr-rooter-plumbing-of-josephine-jackson-counties","/city/ashland/construction-home-services/mr-rooter-plumbing-of-josephine-jackson-counties/",""
"My Garden Landscape Maintenance Inc","https://www.google.com/maps/place/My+Garden+Landscape+Maintenance+Inc/@42.191783,-132.4746594,6z/data=!4m10!1m2!2m1!1sLandscaping+Ashland+Oregon!3m6!1s0x4546f30d0f365ccf:0x612d8f2816f1865e!8m2!3d42.3271176!4d-122.8196926!15sChpMYW5kc2NhcGluZyBBc2hsYW5kIE9yZWdvblocIhpsYW5kc2NhcGluZyBhc2hsYW5kIG9yZWdvbpIBCmxhbmRzY2FwZXKaASNDaFpEU1VoTk1HOW5TMFZNZWsxcmRWOUxhbk0zV0V4M0VBReABAPoBBQjcAhBG!16s%2Fg%2F11krb3r_1h?entry=ttu&g_ep=EgoyMDI2MDQyOS4wIKXMDSoASAFQAw%3D%3D","https://mygardenlandscape.com/","(541) 5316377","Landscaper","ashland__construction-home-services","my-garden-landscape-maintenance-inc","/city/ashland/construction-home-services/my-garden-landscape-maintenance-inc/",""
"Next Gen Contracting","https://www.google.com/maps/place/Next+Gen+Contracting/@42.1799232,-127.546745,7z/data=!4m10!1m2!2m1!1sRoofing+Contractor+Ashland+Oregon!3m6!1s0x2230f3aeab5216d3:0x1629bdd8caa3f88f!8m2!3d42.4697225!4d-122.9153861!15sCiFSb29maW5nIENvbnRyYWN0b3IgQXNobGFuZCBPcmVnb25aIyIhcm9vZmluZyBjb250cmFjdG9yIGFzaGxhbmQgb3JlZ29ukgEKY29udHJhY3RvcpoBRENpOURRVWxSUVVOdlpFTm9kSGxqUmpsdlQyMXJlR1JxYUV4VGJEbGFZa1ZLUW1WRVpGWmFWWEJ2VjIxTmVFNUdSUkFC4AEA-gEECCsQLg!16s%2Fg%2F11zk3t25cc?entry=ttu&g_ep=EgoyMDI2MDQyOS4wIKXMDSoASAFQAw%3D%3D","https://www.ngcbuilder.com/?utm_source=gbp&utm_medium=organic&utm_campaign=gbp-listing","(541) 5000488","Contractor","ashland__construction-home-services","next-gen-contracting","/city/ashland/construction-home-services/next-gen-contracting/",""
"On It Plumbing","https://www.google.com/maps/place/On+It+Plumbing/@42.359194,-123.2995962,13z/data=!4m10!1m2!2m1!1sElectricians+Ashland+Oregon!3m6!1s0x54c565d292012d69:0xb487a69ce06be1a4!8m2!3d42.359194!4d-123.2233785!15sChtFbGVjdHJpY2lhbnMgQXNobGFuZCBPcmVnb25aHSIbZWxlY3RyaWNpYW5zIGFzaGxhbmQgb3JlZ29ukgEHcGx1bWJlcpoBRENpOURRVWxSUVVOdlpFTm9kSGxqUmpsdlQya3hSMU5FU2xKUFJHaE9WakJGZDFJd1ozcFplbHAyVWpOb1Nsb3pZeEFC4AEA-gEECH4QNw!16s%2Fg%2F11tfytt3kz?entry=ttu&g_ep=EgoyMDI2MDQyOS4wIKXMDSoASAFQAw%3D%3D","http://www.onitplumbing.net/","(541) 7871999","Plumber","ashland__construction-home-services","on-it-plumbing","/city/ashland/construction-home-services/on-it-plumbing/",""
"Peak Plumbing LLC","https://www.google.com/maps/place/Peak+Plumbing+LLC/@42.4959444,-125.6012972,8z/data=!4m10!1m2!2m1!1sPlumbers+Ashland+Oregon!3m6!1s0x54cf778343eb4005:0xb462cd4d6bf5ade1!8m2!3d42.3435856!4d-122.8441566!15sChdQbHVtYmVycyBBc2hsYW5kIE9yZWdvbloZIhdwbHVtYmVycyBhc2hsYW5kIG9yZWdvbpIBB3BsdW1iZXKaASNDaFpEU1VoTk1HOW5TMFZKUTBGblNVUkNYMk5VWlZOQkVBReABAPoBBAgAEDE!16s%2Fg%2F11j91gn5ws?entry=ttu&g_ep=EgoyMDI2MDQyOS4wIKXMDSoASAFQAw%3D%3D","https://www.peakplumbingmedford.com/","(541) 2936710","Plumber","ashland__construction-home-services","peak-plumbing-llc","/city/ashland/construction-home-services/peak-plumbing-llc/",""
"Platinum Roofing & Gutters, LLC","https://www.google.com/maps/place/Platinum+Roofing+%26+Gutters,+LLC/@42.1799232,-127.546745,7z/data=!4m10!1m2!2m1!1sRoofing+Contractor+Ashland+Oregon!3m6!1s0x54cf79ef2921b83f:0xcf061699d2cd6c2d!8m2!3d42.4959444!4d-123.1623324!15sCiFSb29maW5nIENvbnRyYWN0b3IgQXNobGFuZCBPcmVnb25aIyIhcm9vZmluZyBjb250cmFjdG9yIGFzaGxhbmQgb3JlZ29ukgEScm9vZmluZ19jb250cmFjdG9ymgEkQ2hkRFNVaE5NRzluUzBWSlEwRm5TVU5hZHpkeFUzTkJSUkFC4AEA-gEECCMQOw!16s%2Fg%2F1tf2rz8h?entry=ttu&g_ep=EgoyMDI2MDQyOS4wIKXMDSoASAFQAw%3D%3D","http://www.platinumroofingllc.com/","(541) 3265015","Roofing contractor","ashland__construction-home-services","platinum-roofing-gutters-llc","/city/ashland/construction-home-services/platinum-roofing-gutters-llc/",""
"PNW Concrete Concepts LLC","https://www.google.com/maps/place/PNW+Concrete+Concepts+LLC/@42.4999394,-127.6349342,7z/data=!4m10!1m2!2m1!1sConcrete+Contractors+Ashland+Oregon!3m6!1s0x49282dcd8314016b:0x23f68ed21df2e57f!8m2!3d42.969053!4d-122.031454!15sCiNDb25jcmV0ZSBDb250cmFjdG9ycyBBc2hsYW5kIE9yZWdvblolIiNjb25jcmV0ZSBjb250cmFjdG9ycyBhc2hsYW5kIG9yZWdvbpIBE2NvbmNyZXRlX2NvbnRyYWN0b3KaASNDaFpEU1VoTk1HOW5TMFZKUTBGblNVUnFiSFpxWmt0M0VBReABAPoBBQiDARA1!16s%2Fg%2F11sscp_smz?entry=ttu&g_ep=EgoyMDI2MDQyOS4wIKXMDSoASAFQAw%3D%3D","https://www.pnwconcreteconcepts.com/","(541) 8416367","Concrete contractor","ashland__construction-home-services","pnw-concrete-concepts-llc","/city/ashland/construction-home-services/pnw-concrete-concepts-llc/",""
"Pro Edge Concrete & Excavation","https://www.google.com/maps/place/Pro+Edge+Concrete+%26+Excavation/@42.4999394,-127.6349342,7z/data=!4m10!1m2!2m1!1sConcrete+Contractors+Ashland+Oregon!3m6!1s0x54cf7b1013d25d6d:0xde9d0601d7a226c3!8m2!3d42.9689125!4d-122.791673!15sCiNDb25jcmV0ZSBDb250cmFjdG9ycyBBc2hsYW5kIE9yZWdvblolIiNjb25jcmV0ZSBjb250cmFjdG9ycyBhc2hsYW5kIG9yZWdvbpIBE2NvbmNyZXRlX2NvbnRyYWN0b3KaAURDaTlEUVVsUlFVTnZaRU5vZEhsalJqbHZUMjVaZWxGcldqTldWR2cyV1RBNGVGZEliRWRsYld4cVVrZE9XRmRyUlJBQuABAPoBBAgAEEA!16s%2Fg%2F11f6573q1w?entry=ttu&g_ep=EgoyMDI2MDQyOS4wIKXMDSoASAFQAw%3D%3D","https://pro-edgeconcrete.com/","(541) 4997627","Concrete contractor","ashland__construction-home-services","pro-edge-concrete-excavation","/city/ashland/construction-home-services/pro-edge-concrete-excavation/",""
"Quality StoneWorks, LLC","https://www.google.com/maps/place/Quality+StoneWorks,+LLC/@42.4999394,-127.6349342,7z/data=!4m10!1m2!2m1!1sConcrete+Contractors+Ashland+Oregon!3m6!1s0x66efeb1f56d45b75:0x44f0fdd4bea662d9!8m2!3d42.3271176!4d-123.0211896!15sCiNDb25jcmV0ZSBDb250cmFjdG9ycyBBc2hsYW5kIE9yZWdvblolIiNjb25jcmV0ZSBjb250cmFjdG9ycyBhc2hsYW5kIG9yZWdvbpIBE2NvbmNyZXRlX2NvbnRyYWN0b3KaASNDaFpEU1VoTk1HOW5TMFZKUTBGblNVUnVOM0IyTUZabkVBReABAPoBBAhAEDc!16s%2Fg%2F11wfljssch?entry=ttu&g_ep=EgoyMDI2MDQyOS4wIKXMDSoASAFQAw%3D%3D","https://www.qualitystoneworksllc.com/","(541) 3011719","Concrete contractor","ashland__construction-home-services","quality-stoneworks-llc","/city/ashland/construction-home-services/quality-stoneworks-llc/",""
"Robinson's Quality Roofing","https://www.google.com/maps/place/Robinson's+Quality+Roofing/@42.1799232,-127.546745,7z/data=!4m10!1m2!2m1!1sRoofing+Contractor+Ashland+Oregon!3m6!1s0x54cf7373daca64e3:0xf40d4dc469432f3e!8m2!3d43.1497775!4d-122.929824!15sCiFSb29maW5nIENvbnRyYWN0b3IgQXNobGFuZCBPcmVnb25aIyIhcm9vZmluZyBjb250cmFjdG9yIGFzaGxhbmQgb3JlZ29ukgEScm9vZmluZ19jb250cmFjdG9ymgFEQ2k5RFFVbFJRVU52WkVOb2RIbGpSamx2VDJ0MGNsSnJNVTVqUm1OM1pXdEtVMkZYYkVabFZFSkdUMWhHZDJSc1JSQULgAQD6AQUI4QEQOQ!16s%2Fg%2F1tsr2ygl?entry=ttu&g_ep=EgoyMDI2MDQyOS4wIKXMDSoASAFQAw%3D%3D","","(541) 5353050","Roofing contractor","ashland__construction-home-services","robinson-s-quality-roofing","/city/ashland/construction-home-services/robinson-s-quality-roofing/",""
"Rocca Concrete Construction","https://www.google.com/maps/place/Rocca+Concrete+Construction/@42.4999394,-127.6349342,7z/data=!4m10!1m2!2m1!1sConcrete+Contractors+Ashland+Oregon!3m6!1s0x54cf7b0b8c7425e7:0xd62c0aec9ca0f6ba!8m2!3d42.4959444!4d-123.1623324!15sCiNDb25jcmV0ZSBDb250cmFjdG9ycyBBc2hsYW5kIE9yZWdvblolIiNjb25jcmV0ZSBjb250cmFjdG9ycyBhc2hsYW5kIG9yZWdvbpIBE2NvbmNyZXRlX2NvbnRyYWN0b3KaASRDaGREU1VoTk1HOW5TMFZKUTBGblRVTm5jV05sVm5aUlJSQULgAQD6AQQIPxBE!16s%2Fg%2F11gcnl69ck?entry=ttu&g_ep=EgoyMDI2MDQyOS4wIKXMDSoASAFQAw%3D%3D","https://www.roccaconcreteconstruction.com/","(541) 7784378","Concrete contractor","ashland__construction-home-services","rocca-concrete-construction","/city/ashland/construction-home-services/rocca-concrete-construction/",""
"Rogue Concrete","https://www.google.com/maps/place/Rogue+Concrete/@42.4999394,-127.6349342,7z/data=!4m10!1m2!2m1!1sConcrete+Contractors+Ashland+Oregon!3m6!1s0x494c1fbe96cb09b5:0xb54e89dbf49c55f3!8m2!3d42.2827856!4d-122.8196926!15sCiNDb25jcmV0ZSBDb250cmFjdG9ycyBBc2hsYW5kIE9yZWdvblolIiNjb25jcmV0ZSBjb250cmFjdG9ycyBhc2hsYW5kIG9yZWdvbpIBE2NvbmNyZXRlX2NvbnRyYWN0b3KaASNDaFpEU1VoTk1HOW5TMFZKUTBGblNVUXpOblZ5VlU1QkVBReABAPoBBAgAEDw!16s%2Fg%2F11ldpdb2m5?entry=ttu&g_ep=EgoyMDI2MDQyOS4wIKXMDSoASAFQAw%3D%3D","https://www.rogueconcretellc.com/","(541) 2004800","Concrete contractor","ashland__construction-home-services","rogue-concrete","/city/ashland/construction-home-services/rogue-concrete/",""
"Rogue Home Repair LLC","https://www.google.com/maps/place/Rogue+Home+Repair+LLC/@42.1799232,-127.546745,7z/data=!4m10!1m2!2m1!1sRoofing+Contractor+Ashland+Oregon!3m6!1s0x54cf0cbd4fcdad6d:0x2b6807a4cf84d26!8m2!3d42.320098!4d-123.0211896!15sCiFSb29maW5nIENvbnRyYWN0b3IgQXNobGFuZCBPcmVnb25aIyIhcm9vZmluZyBjb250cmFjdG9yIGFzaGxhbmQgb3JlZ29ukgEKY29udHJhY3RvcpoBRENpOURRVWxSUVVOdlpFTm9kSGxqUmpsdlQya3hUMk5VVWtwYVZ6RmFXbXRaZVZsclJURk5SV014VmtWNGEwOVdSUkFC4AEA-gEECAAQFw!16s%2Fg%2F11bzzwzb64?entry=ttu&g_ep=EgoyMDI2MDQyOS4wIKXMDSoASAFQAw%3D%3D","","(541) 6253786","Contractor","ashland__construction-home-services","rogue-home-repair-llc","/city/ashland/construction-home-services/rogue-home-repair-llc/",""
"Roof Maxx of East Medford, OR","https://www.google.com/maps/place/Roof+Maxx+of+East+Medford,+OR/@42.1799232,-127.546745,7z/data=!4m10!1m2!2m1!1sRoofing+Contractor+Ashland+Oregon!3m6!1s0xd2643179c6d7e7f:0x8a2cd4d90cfaf442!8m2!3d42.946701!4d-122.1766676!15sCiFSb29maW5nIENvbnRyYWN0b3IgQXNobGFuZCBPcmVnb25aIyIhcm9vZmluZyBjb250cmFjdG9yIGFzaGxhbmQgb3JlZ29ukgEScm9vZmluZ19jb250cmFjdG9ymgFEQ2k5RFFVbFJRVU52WkVOb2RIbGpSamx2VDIxMFMxcHNiSEpTUkdSRVZucEdVMDFHY0ZoV1IzaFBUbXBrZVZreVl4QULgAQD6AQQIexBK!16s%2Fg%2F11stntzgrj?entry=ttu&g_ep=EgoyMDI2MDQyOS4wIKXMDSoASAFQAw%3D%3D","https://www.soroofrejuvenators.com/","(541) 4505887","Roofing contractor","ashland__construction-home-services","roof-maxx-of-east-medford-or","/city/ashland/construction-home-services/roof-maxx-of-east-medford-or/",""
"Scape Goats Home and Garden","https://www.google.com/maps/place/Scape+Goats+Home+and+Garden/@42.191783,-132.4746594,6z/data=!4m10!1m2!2m1!1sLandscaping+Ashland+Oregon!3m6!1s0x6e49bbda3e6aa199:0x29f8418ff52666e7!8m2!3d43.8409635!4d-120.5834015!15sChpMYW5kc2NhcGluZyBBc2hsYW5kIE9yZWdvbpIBCmxhbmRzY2FwZXLgAQA!16s%2Fg%2F11p6pd8zpm?entry=ttu&g_ep=EgoyMDI2MDQyOS4wIKXMDSoASAFQAw%3D%3D","","(541) 8702711","Landscaper","ashland__construction-home-services","scape-goats-home-and-garden","/city/ashland/construction-home-services/scape-goats-home-and-garden/",""
"shark bait and sons landscape and concrete llc","https://www.google.com/maps/place/shark+bait+and+sons+landscape+and+concrete+llc/@42.191783,-132.4746594,6z/data=!4m10!1m2!2m1!1sLandscaping+Ashland+Oregon!3m6!1s0x1f11b5ad3ab198d:0x5ba343a64d9a9e14!8m2!3d42.39993!4d-123.048756!15sChpMYW5kc2NhcGluZyBBc2hsYW5kIE9yZWdvblocIhpsYW5kc2NhcGluZyBhc2hsYW5kIG9yZWdvbpIBEWxhd25fY2FyZV9zZXJ2aWNlmgEjQ2haRFNVaE5NRzluUzBWTFNFbDVXVEkxYm5BMlEwOW5FQUXgAQD6AQQIABA9!16s%2Fg%2F11x975c0z9?entry=ttu&g_ep=EgoyMDI2MDQyOS4wIKXMDSoASAFQAw%3D%3D","http://sharkbaitandsons.com/","(541) 9410553","Lawn care service","ashland__construction-home-services","shark-bait-and-sons-landscape-and-concrete-llc","/city/ashland/construction-home-services/shark-bait-and-sons-landscape-and-concrete-llc/",""
"Smith Five Electric LLC","https://www.google.com/maps/place/Smith+Five+Electric+LLC/@42.210695,-125.1586056,8z/data=!4m10!1m2!2m1!1sElectricians+Ashland+Oregon!3m6!1s0x41ceae179bea5ebd:0x7469b1f843bd7ec5!8m2!3d42.7851576!4d-123.092022!15sChtFbGVjdHJpY2lhbnMgQXNobGFuZCBPcmVnb25aHSIbZWxlY3RyaWNpYW5zIGFzaGxhbmQgb3JlZ29ukgELZWxlY3RyaWNpYW6aASNDaFpEU1VoTk1HOW5TMFZKUTBGblNVUjRaMDl5UjBoQkVBReABAPoBBAgAEDQ!16s%2Fg%2F11rq8m__lx?entry=ttu&g_ep=EgoyMDI2MDQyOS4wIKXMDSoASAFQAw%3D%3D","http://smithfiveelectric.com/","(541) 7610857","Electrician","ashland__construction-home-services","smith-five-electric-llc","/city/ashland/construction-home-services/smith-five-electric-llc/",""
"Southern Oregon Concrete & Design","https://www.google.com/maps/place/Southern+Oregon+Concrete+%26+Design/@42.4999394,-127.6349342,7z/data=!4m10!1m2!2m1!1sConcrete+Contractors+Ashland+Oregon!3m6!1s0x54cf7b1998662649:0x9ef50f17bab09fa1!8m2!3d42.4999394!4d-122.7570045!15sCiNDb25jcmV0ZSBDb250cmFjdG9ycyBBc2hsYW5kIE9yZWdvblolIiNjb25jcmV0ZSBjb250cmFjdG9ycyBhc2hsYW5kIG9yZWdvbpIBE2NvbmNyZXRlX2NvbnRyYWN0b3KaASNDaFpEU1VoTk1HOW5TMFZKUTBGblRVTlpiRTVxWlZOUkVBReABAPoBBAgfEDE!16s%2Fg%2F11mmnqzc11?entry=ttu&g_ep=EgoyMDI2MDQyOS4wIKXMDSoASAFQAw%3D%3D","","(541) 8216155","Concrete contractor","ashland__construction-home-services","southern-oregon-concrete-design","/city/ashland/construction-home-services/southern-oregon-concrete-design/",""
"Southern Oregon Concrete, LLC","https://www.google.com/maps/place/Southern+Oregon+Concrete,+LLC/@42.4999394,-127.6349342,7z/data=!4m10!1m2!2m1!1sConcrete+Contractors+Ashland+Oregon!3m6!1s0x814f81527f2c183f:0xaa30060b657ba01c!8m2!3d42.969053!4d-122.031454!15sCiNDb25jcmV0ZSBDb250cmFjdG9ycyBBc2hsYW5kIE9yZWdvblolIiNjb25jcmV0ZSBjb250cmFjdG9ycyBhc2hsYW5kIG9yZWdvbpIBE2NvbmNyZXRlX2NvbnRyYWN0b3KaAURDaTlEUVVsUlFVTnZaRU5vZEhsalJqbHZUMnBvYldOV2NFTlZNRTR6WWxWU1RHVnNUbmhYU0VwRVlWaFNiMVZYWXhBQuABAPoBBAgAEB8!16s%2Fg%2F11kc8r_19t?entry=ttu&g_ep=EgoyMDI2MDQyOS4wIKXMDSoASAFQAw%3D%3D","https://soconcretellc.com/","(541) 9510156","Concrete contractor","ashland__construction-home-services","southern-oregon-concrete-llc","/city/ashland/construction-home-services/southern-oregon-concrete-llc/",""
"Southern Oregon Electric, llc","https://www.google.com/maps/place/Southern+Oregon+Electric,+llc/@42.210695,-125.1586056,8z/data=!4m10!1m2!2m1!1sElectricians+Ashland+Oregon!3m6!1s0x3180d067df184ad:0xbc0eb8434325612e!8m2!3d42.969053!4d-122.031454!15sChtFbGVjdHJpY2lhbnMgQXNobGFuZCBPcmVnb25aHSIbZWxlY3RyaWNpYW5zIGFzaGxhbmQgb3JlZ29ukgELZWxlY3RyaWNpYW6aAURDaTlEUVVsUlFVTnZaRU5vZEhsalJqbHZUMnRKTkZaVlZqSlBWMVphVTBWS1QxZHVWbTVWVlVrd1lrVjBSVlZWUlJBQuABAPoBBAhDEEY!16s%2Fg%2F11shd0zmpm?entry=ttu&g_ep=EgoyMDI2MDQyOS4wIKXMDSoASAFQAw%3D%3D","http://www.southernoregonelectric.com/","(541) 6014715","Electrician","ashland__construction-home-services","southern-oregon-electric-llc","/city/ashland/construction-home-services/southern-oregon-electric-llc/",""
"Southern Oregon Landscape and Maintenance","https://www.google.com/maps/place/Southern+Oregon+Landscape+and+Maintenance/@42.191783,-132.4746594,6z/data=!4m10!1m2!2m1!1sLandscaping+Ashland+Oregon!3m6!1s0x4e97d928d74f5a0b:0x467bc04f400548a2!8m2!3d42.2827856!4d-122.7928566!15sChpMYW5kc2NhcGluZyBBc2hsYW5kIE9yZWdvblocIhpsYW5kc2NhcGluZyBhc2hsYW5kIG9yZWdvbpIBCmxhbmRzY2FwZXKaASRDaGREU1VoTk1HOW5TMFZKUTBGblNVUkliRkJxY21kblJSQULgAQD6AQUIoQMQQA!16s%2Fg%2F11w36z24c6?entry=ttu&g_ep=EgoyMDI2MDQyOS4wIKXMDSoASAFQAw%3D%3D","https://www.southernoregonlandscapemaintenance.com/","(541) 6318062","Landscaper","ashland__construction-home-services","southern-oregon-landscape-and-maintenance","/city/ashland/construction-home-services/southern-oregon-landscape-and-maintenance/",""
"Sprague Plumbing","https://www.google.com/maps/place/Sprague+Plumbing/@41.9944939,-122.7439884,8z/data=!4m10!1m2!2m1!1sPlumbers+Ashland+Oregon!3m6!1s0x54cf7359c8bcee0b:0x78cced73cec2889a!8m2!3d41.994494!4d-122.582584!15sChdQbHVtYmVycyBBc2hsYW5kIE9yZWdvbpIBB3BsdW1iZXLgAQA!16s%2Fg%2F1tflxmdj?entry=ttu&g_ep=EgoyMDI2MDQyOS4wIKXMDSoASAFQAw%3D%3D","","(541) 4828189","Plumber","ashland__construction-home-services","sprague-plumbing","/city/ashland/construction-home-services/sprague-plumbing/",""
"Table Rock Plumbing Solutions","https://www.google.com/maps/place/Table+Rock+Plumbing+Solutions/@42.4959444,-125.6012972,8z/data=!4m10!1m2!2m1!1sPlumbers+Ashland+Oregon!3m6!1s0xaa392dc1ada02161:0xe6bb27a5622cbc12!8m2!3d42.4114574!4d-122.9389364!15sChdQbHVtYmVycyBBc2hsYW5kIE9yZWdvbloZIhdwbHVtYmVycyBhc2hsYW5kIG9yZWdvbpIBB3BsdW1iZXKaAURDaTlEUVVsUlFVTnZaRU5vZEhsalJqbHZUMnBuZDAwemNGQlZWV3hUVEZaQ1MxUXpZek5NVldoUllraFZOVTlGUlJBQuABAPoBBAgPEEk!16s%2Fg%2F11yz8xrvfx?entry=ttu&g_ep=EgoyMDI2MDQyOS4wIKXMDSoASAFQAw%3D%3D","https://www.tablerockplumbingsolutions.com/","(541) 8004444","Plumber","ashland__construction-home-services","table-rock-plumbing-solutions","/city/ashland/construction-home-services/table-rock-plumbing-solutions/",""
"Talent Plumbing","https://www.google.com/maps/place/Talent+Plumbing/@42.4959444,-125.6012972,8z/data=!4m10!1m2!2m1!1sPlumbers+Ashland+Oregon!3m6!1s0x8208ab95f193f9c7:0x8e78f5e24267e246!8m2!3d42.4959444!4d-123.1623324!15sChdQbHVtYmVycyBBc2hsYW5kIE9yZWdvbloZIhdwbHVtYmVycyBhc2hsYW5kIG9yZWdvbpIBB3BsdW1iZXKaASRDaGREU1VoTk1HOW5TMFZKUTBGblNVTlVhSFJMYWw5QlJSQULgAQD6AQUI4QMQSw!16s%2Fg%2F11y315cwxy?entry=ttu&g_ep=EgoyMDI2MDQyOS4wIKXMDSoASAFQAw%3D%3D","http://talentplumbing.com/","(541) 4014196","Plumber","ashland__construction-home-services","talent-plumbing","/city/ashland/construction-home-services/talent-plumbing/",""
"U.S. Lawns Medford OR","https://www.google.com/maps/place/U.S.+Lawns+-+Medford+OR/@42.191783,-132.4746594,6z/data=!4m10!1m2!2m1!1sLandscaping+Ashland+Oregon!3m6!1s0x54cf7dbdd7a0c0a7:0x45d2e0f974ab9475!8m2!3d42.4959444!4d-123.1623324!15sChpMYW5kc2NhcGluZyBBc2hsYW5kIE9yZWdvblocIhpsYW5kc2NhcGluZyBhc2hsYW5kIG9yZWdvbpIBCmxhbmRzY2FwZXKaASRDaGREU1VoTk1HOW5TMFZKUTBGblNVTlVibHBmU21oQlJSQULgAQD6AQQIOBBC!16s%2Fg%2F11d_20mw1t?entry=ttu&g_ep=EgoyMDI2MDQyOS4wIKXMDSoASAFQAw%3D%3D","https://uslawns.com/locations/or/medford/","(541) 5008650","Landscaper","ashland__construction-home-services","u-s-lawns-medford-or","/city/ashland/construction-home-services/u-s-lawns-medford-or/",""
"White Mountain Concrete & Construction","https://www.google.com/maps/place/White+Mountain+Concrete+%26+Construction/@42.4999394,-127.6349342,7z/data=!4m10!1m2!2m1!1sConcrete+Contractors+Ashland+Oregon!3m6!1s0x7d1c065ba6f7ea3:0x9f2e18ccd13cbd10!8m2!3d42.969053!4d-122.031454!15sCiNDb25jcmV0ZSBDb250cmFjdG9ycyBBc2hsYW5kIE9yZWdvbpIBE2NvbmNyZXRlX2NvbnRyYWN0b3LgAQA!16s%2Fg%2F11z22y353c?entry=ttu&g_ep=EgoyMDI2MDQyOS4wIKXMDSoASAFQAw%3D%3D","https://www.whitemountainconcrete.com/","(541) 8408823","Concrete contractor","ashland__construction-home-services","white-mountain-concrete-construction","/city/ashland/construction-home-services/white-mountain-concrete-construction/",""
"ZZ Electric, LLC","https://www.google.com/maps/place/ZZ+Electric,+LLC/@42.210695,-125.1586056,8z/data=!4m10!1m2!2m1!1sElectricians+Ashland+Oregon!3m6!1s0x54cf7a1955b61171:0x6b353ca40c93d665!8m2!3d42.39993!4d-122.8196926!15sChtFbGVjdHJpY2lhbnMgQXNobGFuZCBPcmVnb25aHSIbZWxlY3RyaWNpYW5zIGFzaGxhbmQgb3JlZ29ukgELZWxlY3RyaWNpYW6aASRDaGREU1VoTk1HOW5TMFZKUTBGblNVTXROWFo2VXpoUlJSQULgAQD6AQQIchBI!16s%2Fg%2F1v62hd11?entry=ttu&g_ep=EgoyMDI2MDQyOS4wIKXMDSoASAFQAw%3D%3D","https://medfordorelectricianservices.com/","(541) 6655386","Electrician","ashland__construction-home-services","zz-electric-llc","/city/ashland/construction-home-services/zz-electric-llc/",""
"Oregon Originals","https://www.google.com/maps/place/Oregon+Originals/@46.423669,-130.5524498,10z/data=!4m11!1m3!2m2!1sDispensaries+Ashland+Oregon!6e6!3m6!1s0x54cf73a6bf260685:0x6ab312a4b9fa47f!8m2!3d46.423669!4d-129.9427086!15sChtEaXNwZW5zYXJpZXMgQXNobGFuZCBPcmVnb25aHSIbZGlzcGVuc2FyaWVzIGFzaGxhbmQgb3JlZ29ukgEWaGVhbHRoX2FuZF9iZWF1dHlfc2hvcJoBJENoZERTVWhOTUc5blMwVkpRMEZuU1VSd04wdHlPSEpSUlJBQuABAPoBBAhvEEQ!16s%2Fg%2F11jj6x5mch?entry=ttu&g_ep=EgoyMDI2MDQyOS4wIKXMDSoASAFQAw%3D%3D","http://www.oregonoriginals.com/","(541) 2007377","Health and beauty shop","ashland__health-wellness","oregon-originals","/city/ashland/health-wellness/oregon-originals/",""
"Project HG Verified","https://www.google.com/maps/place/Project+HG+Verified/@36.166129,-115.7594298,10z/data=!4m11!1m3!2m2!1sDispensaries+Ashland+Oregon!6e6!3m6!1s0x4a2e50fe6a4f5a85:0x559dfe710995ce88!8m2!3d36.166129!4d-115.1496886!15sChtEaXNwZW5zYXJpZXMgQXNobGFuZCBPcmVnb25aHSIbZGlzcGVuc2FyaWVzIGFzaGxhbmQgb3JlZ29ukgEOY2FubmFiaXNfc3RvcmWaASRDaGREU1VoTk1HOW5TMFZKUTBGblNVTk9kblpRWkhablJSQULgAQD6AQQIABA-!16s%2Fg%2F11svcndx4s?entry=ttu&g_ep=EgoyMDI2MDQyOS4wIKXMDSoASAFQAw%3D%3D","https://hgverified.com/","(541) 9003790","Cannabis store","ashland__health-wellness","project-hg-verified","/city/ashland/health-wellness/project-hg-verified/",""
"Sheryl Grunde","https://www.google.com/maps/place/Sheryl+Grunde/@46.423669,-129.9808174,14z/data=!4m11!1m3!2m2!1sMassage+Therapists+Ashland+Oregon!6e1!3m6!1s0x54cf0cb6b98cebb5:0xaa7b9f5d8321eed1!8m2!3d46.423669!4d-129.9427086!15sCiFNYXNzYWdlIFRoZXJhcGlzdHMgQXNobGFuZCBPcmVnb26SARZ0aGFpX21hc3NhZ2VfdGhlcmFwaXN04AEA!16s%2Fg%2F11cmcvppgg?entry=ttu&g_ep=EgoyMDI2MDQyOS4wIKXMDSoASAFQAw%3D%3D","http://sherylgrunde.com/","(541) 9517474","Thai massage therapist","ashland__health-wellness","sheryl-grunde","/city/ashland/health-wellness/sheryl-grunde/",""
"Wandering Willow Massage","https://www.google.com/maps/place/Wandering+Willow+Massage/@42.2827856,-122.8192199,14z/data=!4m11!1m3!2m2!1sMassage+Therapists+Ashland+Oregon!6e1!3m6!1s0x2c70d4240264e8c5:0x16d21578fba04215!8m2!3d42.2827856!4d-122.7811111!15sCiFNYXNzYWdlIFRoZXJhcGlzdHMgQXNobGFuZCBPcmVnb25aIyIhbWFzc2FnZSB0aGVyYXBpc3RzIGFzaGxhbmQgb3JlZ29ukgERbWFzc2FnZV90aGVyYXBpc3SaAURDaTlEUVVsUlFVTnZaRU5vZEhsalJqbHZUMnBvVVZWVVJUTmpNa1owWVd0MGNreFZaSFJaTTA1aFRtcHJkRTVGUlJBQuABAPoBBQi8AhBA!16s%2Fg%2F11lydwg851?entry=ttu&g_ep=EgoyMDI2MDQyOS4wIKXMDSoASAFQAw%3D%3D","https://wanderingwillowmassage.com/","(812) 3504166","Massage therapist","ashland__health-wellness","wandering-willow-massage","/city/ashland/health-wellness/wandering-willow-massage/",""
"Frohnmayer, Deatherage, Jamieson, Moore, Armosino, and McGovern, PC","https://www.google.com/maps/place/Frohnmayer,+Deatherage,+Jamieson,+Moore,+Armosino,+and+McGovern,+PC/@46.423669,-129.9427085,3z/data=!4m10!1m2!2m1!1sLawyers+Ashland+Oregon!3m6!1s0x54cf7a747001e80f:0xc5f4a29914752411!8m2!3d46.423669!4d-129.9427086!15sChZMYXd5ZXJzIEFzaGxhbmQgT3JlZ29ukgESY2l2aWxfbGF3X2F0dG9ybmV54AEA!16s%2Fg%2F1vlqpyds?entry=ttu&g_ep=EgoyMDI2MDQyOS4wIKXMDSoASAFQAw%3D%3D","http://www.fdfirm.com/","(541) 7792333","Civil law attorney","ashland__legal-services","frohnmayer-deatherage-jamieson-moore-armosino-and-mcgovern-pc","/city/ashland/legal-services/frohnmayer-deatherage-jamieson-moore-armosino-and-mcgovern-pc/",""
"Medford Law Center","https://www.google.com/maps/place/Medford+Law+Center/@46.423669,-129.9427085,3z/data=!4m10!1m2!2m1!1sLawyers+Ashland+Oregon!3m6!1s0x54cf7a217ad1b633:0xb36c6a9c5550afaf!8m2!3d41.994494!4d-122.7439884!15sChZMYXd5ZXJzIEFzaGxhbmQgT3JlZ29ukgEGbGF3eWVy4AEA!16s%2Fg%2F11dxb1cylk?entry=ttu&g_ep=EgoyMDI2MDQyOS4wIKXMDSoASAFQAw%3D%3D","http://attorneysmedfordoregon.net/","(541) 5000543","Attorney","ashland__legal-services","medford-law-center","/city/ashland/legal-services/medford-law-center/",""
"Aamu Creative LLC","https://www.google.com/maps/place/Aamu+Creative+LLC/@44.061471,-123.7519258,8z/data=!4m10!1m2!2m1!1sWeb+Design+and+Digital+Marketing+Bend+Oregon!3m6!1s0x85acb58ec68a39e9:0x91db607707098745!8m2!3d44.061471!4d-121.312961!15sCixXZWIgRGVzaWduIGFuZCBEaWdpdGFsIE1hcmtldGluZyBCZW5kIE9yZWdvblouIix3ZWIgZGVzaWduIGFuZCBkaWdpdGFsIG1hcmtldGluZyBiZW5kIG9yZWdvbpIBEHdlYnNpdGVfZGVzaWduZXKaAURDaTlEUVVsUlFVTnZaRU5vZEhsalJqbHZUMnR3UldFeGFHMU5WbU14WVVoV2NXSlZNREZUYldocFVXNWtVRmd5WXhBQuABAPoBBAgAED0!16s%2Fg%2F11yjvbpws0?entry=ttu&g_ep=EgoyMDI2MDQyOS4wIKXMDSoASAFQAw%3D%3D","https://www.aamucreative.com/","(541) 5088841","Website designer","bend__business-professional-services","aamu-creative-llc","/city/bend/business-professional-services/aamu-creative-llc/",""
"Binary Star Systems","https://www.google.com/maps/place/Binary+Star+Systems/@46.423669,-132.3816734,8z/data=!4m10!1m2!2m1!1sWeb+Design+and+Digital+Marketing+Bend+Oregon!3m6!1s0x54b8c865a2bded09:0xb6353cd8d3e6fc6a!8m2!3d46.423669!4d-129.9427086!15sCixXZWIgRGVzaWduIGFuZCBEaWdpdGFsIE1hcmtldGluZyBCZW5kIE9yZWdvblouIix3ZWIgZGVzaWduIGFuZCBkaWdpdGFsIG1hcmtldGluZyBiZW5kIG9yZWdvbpIBEHdlYnNpdGVfZGVzaWduZXKaASNDaFpEU1VoTk1HOW5TMFZKUTBGblNVUmlkMGxRU2xCUkVBReABAPoBBQjsARBK!16s%2Fg%2F11b6gbz6b7?entry=ttu&g_ep=EgoyMDI2MDQyOS4wIKXMDSoASAFQAw%3D%3D","http://www.binarystarsystems.com/","(541) 3168027","Website designer","bend__business-professional-services","binary-star-systems","/city/bend/business-professional-services/binary-star-systems/",""
"Electric Graphic Design Screen Printing & Embroidery","https://www.google.com/maps/place/Electric+Graphic+Design+Screen+Printing+%26+Embroidery/@44.656282,-121.7795571,8z/data=!4m10!1m2!2m1!1sWeb+Design+and+Digital+Marketing+Bend+Oregon!3m6!1s0x54b8c7599fc01773:0x9e8f5e9434c937c8!8m2!3d43.985288!4d-121.3588554!15sCixXZWIgRGVzaWduIGFuZCBEaWdpdGFsIE1hcmtldGluZyBCZW5kIE9yZWdvblouIix3ZWIgZGVzaWduIGFuZCBkaWdpdGFsIG1hcmtldGluZyBiZW5kIG9yZWdvbpIBDnNjcmVlbl9wcmludGVymgFEQ2k5RFFVbFJRVU52WkVOb2RIbGpSamx2VDIxYWNHRkdTbXhVUmxwaFkwZGFWRTFXWkhsT2Jra3dZak5yTTFkc1JSQULgAQD6AQQIABBL!16s%2Fg%2F11hzz52k79?entry=ttu&g_ep=EgoyMDI2MDQyOS4wIKXMDSoASAFQAw%3D%3D","http://electricgraphicdesign.com/","(541) 7283048","Screen printer","bend__business-professional-services","electric-graphic-design-screen-printing-embroidery","/city/bend/business-professional-services/electric-graphic-design-screen-printing-embroidery/",""
"Get Global Marketing","https://www.google.com/maps/place/Get+Global+Marketing/@44.656282,-121.7795571,8z/data=!4m10!1m2!2m1!1sWeb+Design+and+Digital+Marketing+Bend+Oregon!3m6!1s0x54b8c88857efb9ed:0x128547d688fdd8d!8m2!3d44.1955065!4d-121.2771335!15sCixXZWIgRGVzaWduIGFuZCBEaWdpdGFsIE1hcmtldGluZyBCZW5kIE9yZWdvblouIix3ZWIgZGVzaWduIGFuZCBkaWdpdGFsIG1hcmtldGluZyBiZW5kIG9yZWdvbpIBGmludGVybmV0X21hcmtldGluZ19zZXJ2aWNl4AEA!16s%2Fg%2F11cm4c3hf4?entry=ttu&g_ep=EgoyMDI2MDQyOS4wIKXMDSoASAFQAw%3D%3D","https://getglobalmarketing.com/","(541) 7069442","Internet marketing service","bend__business-professional-services","get-global-marketing","/city/bend/business-professional-services/get-global-marketing/",""
"Incumbent Solutions","https://www.google.com/maps/place/Incumbent+Solutions/@44.0578423,-123.797207,8z/data=!4m10!1m2!2m1!1sWeb+Design+and+Digital+Marketing+Bend+Oregon!3m6!1s0x54b8c74c2baab0f3:0x74b78428126e6133!8m2!3d44.656282!4d-121.8193011!15sCixXZWIgRGVzaWduIGFuZCBEaWdpdGFsIE1hcmtldGluZyBCZW5kIE9yZWdvblouIix3ZWIgZGVzaWduIGFuZCBkaWdpdGFsIG1hcmtldGluZyBiZW5kIG9yZWdvbpIBGmludGVybmV0X21hcmtldGluZ19zZXJ2aWNlmgEkQ2hkRFNVaE5NRzluUzBWSlEwRm5TVVIwYTFsNmNXMUJSUkFC4AEA-gEECFUQSQ!16s%2Fg%2F11flz024fs?entry=ttu&g_ep=EgoyMDI2MDQyOS4wIKXMDSoASAFQAw%3D%3D","https://www.incumbentsolutions.com/","(541) 9034789","Internet marketing service","bend__business-professional-services","incumbent-solutions","/city/bend/business-professional-services/incumbent-solutions/",""
"Just By Design","https://www.google.com/maps/place/Just+By+Design/@44.656282,-121.7795571,8z/data=!4m10!1m2!2m1!1sWeb+Design+and+Digital+Marketing+Bend+Oregon!3m6!1s0x54b8c8517b73bd8b:0x621130e475674aa3!8m2!3d44.743627!4d-121.985149!15sCixXZWIgRGVzaWduIGFuZCBEaWdpdGFsIE1hcmtldGluZyBCZW5kIE9yZWdvblouIix3ZWIgZGVzaWduIGFuZCBkaWdpdGFsIG1hcmtldGluZyBiZW5kIG9yZWdvbpIBEG1hcmtldGluZ19hZ2VuY3maAURDaTlEUVVsUlFVTnZaRU5vZEhsalJqbHZUMjFPUmxKclpIUmtWVXBxWTFSQ1VsTXhWbkZoTW14d1RUSk9jbEl4UlJBQuABAPoBBAgAEEg!16s%2Fg%2F1hm1q5gsb?entry=ttu&g_ep=EgoyMDI2MDQyOS4wIKXMDSoASAFQAw%3D%3D","https://justbydesign.com/?utm_source=google&utm_medium=organic&utm_campaign=gbp","(541) 5263406","Marketing agency","bend__business-professional-services","just-by-design","/city/bend/business-professional-services/just-by-design/",""
"Kate Miller Design","https://www.google.com/maps/place/Kate+Miller+Design/@44.656282,-121.7795571,8z/data=!4m10!1m2!2m1!1sWeb+Design+and+Digital+Marketing+Bend+Oregon!3m6!1s0x54b8c7cac08a0f97:0x247f94a281fa66ce!8m2!3d44.9512345!4d-119.6513809!15sCixXZWIgRGVzaWduIGFuZCBEaWdpdGFsIE1hcmtldGluZyBCZW5kIE9yZWdvblouIix3ZWIgZGVzaWduIGFuZCBkaWdpdGFsIG1hcmtldGluZyBiZW5kIG9yZWdvbpIBEHdlYnNpdGVfZGVzaWduZXKaASRDaGREU1VoTk1HOW5TMFZKUTBGblNVTm9NbVJUU0cxblJSQULgAQD6AQUIngIQPQ!16s%2Fg%2F1tql4hlq?entry=ttu&g_ep=EgoyMDI2MDQyOS4wIKXMDSoASAFQAw%3D%3D","https://katemiller.design/","(541) 3905853","Website designer","bend__business-professional-services","kate-miller-design","/city/bend/business-professional-services/kate-miller-design/",""
"MechaDigital","https://www.google.com/maps/place/MechaDigital/@44.278817,-75.0553168,8z/data=!4m10!1m2!2m1!1sWeb+Design+and+Digital+Marketing+Bend+Oregon!3m6!1s0x54b8c7b31e595511:0x6fb6e843a70f1928!8m2!3d44.278817!4d-72.616352!15sCixXZWIgRGVzaWduIGFuZCBEaWdpdGFsIE1hcmtldGluZyBCZW5kIE9yZWdvblouIix3ZWIgZGVzaWduIGFuZCBkaWdpdGFsIG1hcmtldGluZyBiZW5kIG9yZWdvbpIBEHdlYnNpdGVfZGVzaWduZXKaASNDaFpEU1VoTk1HOW5TMFZKUTBGblNVUjFjbVoyZWxWUkVBReABAPoBBAgAEEs!16s%2Fg%2F11f4yg2g52?entry=ttu&g_ep=EgoyMDI2MDQyOS4wIKXMDSoASAFQAw%3D%3D","https://www.mecha-digital.com/","(503) 6103588","Website designer","bend__business-professional-services","mechadigital","/city/bend/business-professional-services/mechadigital/",""
"Midnight Grim","https://www.google.com/maps/place/Midnight+Grim/@46.423669,-132.3816734,8z/data=!4m10!1m2!2m1!1sWeb+Design+and+Digital+Marketing+Bend+Oregon!3m6!1s0x54b8c7aa14f24525:0xbf9f44ba0b2c3ec8!8m2!3d46.423669!4d-129.9427086!15sCixXZWIgRGVzaWduIGFuZCBEaWdpdGFsIE1hcmtldGluZyBCZW5kIE9yZWdvblouIix3ZWIgZGVzaWduIGFuZCBkaWdpdGFsIG1hcmtldGluZyBiZW5kIG9yZWdvbpIBDWRlc2lnbl9hZ2VuY3maASRDaGREU1VoTk1HOW5TMFZKUTBGblNVUmxNWEZJZVRCQlJSQULgAQD6AQUI2wIQSw!16s%2Fg%2F11k1nj7_2b?entry=ttu&g_ep=EgoyMDI2MDQyOS4wIKXMDSoASAFQAw%3D%3D","https://midnightgrim.com/","","Design agency","bend__business-professional-services","midnight-grim","/city/bend/business-professional-services/midnight-grim/",""
"Mooney Marketing","https://www.google.com/maps/place/Mooney+Marketing/@44.061471,-123.7519258,8z/data=!4m10!1m2!2m1!1sWeb+Design+and+Digital+Marketing+Bend+Oregon!3m6!1s0x54bf2b0b57bdfbab:0xe977358cced9869e!8m2!3d44.171261!4d-121.1930075!15sCixXZWIgRGVzaWduIGFuZCBEaWdpdGFsIE1hcmtldGluZyBCZW5kIE9yZWdvblouIix3ZWIgZGVzaWduIGFuZCBkaWdpdGFsIG1hcmtldGluZyBiZW5kIG9yZWdvbpIBEHdlYnNpdGVfZGVzaWduZXKaASNDaFpEU1VoTk1HOW5TMFZKUTBGblNVTTVjSFZ1YlV4bkVBReABAPoBBAgAEDU!16s%2Fg%2F11gsn0_3zl?entry=ttu&g_ep=EgoyMDI2MDQyOS4wIKXMDSoASAFQAw%3D%3D","https://www.mooney-marketing.com/?utm_source=GMB&utm_medium=organic&utm_campaign=local","(541) 2807412","Website designer","bend__business-professional-services","mooney-marketing","/city/bend/business-professional-services/mooney-marketing/",""
"Moonhouse Media","https://www.google.com/maps/place/Moonhouse+Media/@44.061471,-123.7519258,8z/data=!4m10!1m2!2m1!1sWeb+Design+and+Digital+Marketing+Bend+Oregon!3m6!1s0x54b8c5f1b21c26dd:0xacc0f57d1c3e8c82!8m2!3d44.061471!4d-121.312961!15sCixXZWIgRGVzaWduIGFuZCBEaWdpdGFsIE1hcmtldGluZyBCZW5kIE9yZWdvbpIBGmludGVybmV0X21hcmtldGluZ19zZXJ2aWNl4AEA!16s%2Fg%2F11fxc0q2vg?entry=ttu&g_ep=EgoyMDI2MDQyOS4wIKXMDSoASAFQAw%3D%3D","http://www.moonhouse.media/","(541) 6304728","Internet marketing service","bend__business-professional-services","moonhouse-media","/city/bend/business-professional-services/moonhouse-media/",""
"Norman Website Co.","https://www.google.com/maps/place/Norman+Website+Co./@46.423669,-132.3816734,8z/data=!4m10!1m2!2m1!1sWeb+Design+and+Digital+Marketing+Bend+Oregon!3m6!1s0x54b8c710d809a4cb:0x4018195a053f58fa!8m2!3d46.423669!4d-129.9427086!15sCixXZWIgRGVzaWduIGFuZCBEaWdpdGFsIE1hcmtldGluZyBCZW5kIE9yZWdvblouIix3ZWIgZGVzaWduIGFuZCBkaWdpdGFsIG1hcmtldGluZyBiZW5kIG9yZWdvbpIBEHdlYnNpdGVfZGVzaWduZXKaASNDaFpEU1VoTk1HOW5TMFZKUTBGblNVUjRNbDlxVmtOQkVBReABAPoBBAgAEEA!16s%2Fg%2F11jgprq43s?entry=ttu&g_ep=EgoyMDI2MDQyOS4wIKXMDSoASAFQAw%3D%3D","https://normanworks.com/","","Website designer","bend__business-professional-services","norman-website-co","/city/bend/business-professional-services/norman-website-co/",""
"Oregon Web Solutions Bend SEO","https://www.google.com/maps/place/Oregon+Web+Solutions+Bend+SEO/@44.656282,-121.7795571,8z/data=!4m10!1m2!2m1!1sWeb+Design+and+Digital+Marketing+Bend+Oregon!3m6!1s0x54b8c5e1708eee31:0x55f4e724693aed26!8m2!3d44.072633!4d-121.2988959!15sCixXZWIgRGVzaWduIGFuZCBEaWdpdGFsIE1hcmtldGluZyBCZW5kIE9yZWdvblouIix3ZWIgZGVzaWduIGFuZCBkaWdpdGFsIG1hcmtldGluZyBiZW5kIG9yZWdvbpIBGmludGVybmV0X21hcmtldGluZ19zZXJ2aWNlmgEkQ2hkRFNVaE5NRzluUzBWSlEwRm5TVVJtTTAxeWF6ZG5SUkFC4AEA-gEECAAQOQ!16s%2Fg%2F11c2qjn6r0?entry=ttu&g_ep=EgoyMDI2MDQyOS4wIKXMDSoASAFQAw%3D%3D","http://www.oregonwebsolutions.com/bend-seo/","(541) 6334289","Internet marketing service","bend__business-professional-services","oregon-web-solutions-bend-seo","/city/bend/business-professional-services/oregon-web-solutions-bend-seo/",""
"Thencan Designs Bend Web Design + SEO","https://www.google.com/maps/place/Thencan+Designs+Bend+Web+Design+%2B+SEO/@44.656282,-121.7795571,8z/data=!4m10!1m2!2m1!1sWeb+Design+and+Digital+Marketing+Bend+Oregon!3m6!1s0x88aff4cbfdcd98a1:0x4846c4e71c2607b1!8m2!3d44.171261!4d-121.1930075!15sCixXZWIgRGVzaWduIGFuZCBEaWdpdGFsIE1hcmtldGluZyBCZW5kIE9yZWdvblouIix3ZWIgZGVzaWduIGFuZCBkaWdpdGFsIG1hcmtldGluZyBiZW5kIG9yZWdvbpIBEHdlYnNpdGVfZGVzaWduZXKaASRDaGREU1VoTk1HOW5TMFZKUTBGblNVTjRkMHhEWXpaUlJSQULgAQD6AQQIABBJ!16s%2Fg%2F11trvzwyqq?entry=ttu&g_ep=EgoyMDI2MDQyOS4wIKXMDSoASAFQAw%3D%3D","https://thencandesigns.com/","(541) 2059080","Website designer","bend__business-professional-services","thencan-designs-bend-web-design-seo","/city/bend/business-professional-services/thencan-designs-bend-web-design-seo/",""
"Advantage Custom Landscaping","https://www.google.com/maps/place/Advantage+Custom+Landscaping/@42.4455861,-125.820648,8z/data=!4m10!1m2!2m1!1sLandscaping+Bend+Oregon!3m6!1s0x54b8c8a3a13af6d5:0x799ef87af005a59e!8m2!3d44.041046!4d-121.437891!15sChdMYW5kc2NhcGluZyBCZW5kIE9yZWdvbloZIhdsYW5kc2NhcGluZyBiZW5kIG9yZWdvbpIBCmxhbmRzY2FwZXKaASRDaGREU1VoTk1HOW5TMFZKUTBGblNVTnFjemRwVXpoUlJSQULgAQD6AQUI_AEQLg!16s%2Fg%2F11byxfj7kf?entry=ttu&g_ep=EgoyMDI2MDQyOS4wIKXMDSoASAFQAw%3D%3D","","(541) 6477645","Landscaper","bend__construction-home-services","advantage-custom-landscaping","/city/bend/construction-home-services/advantage-custom-landscaping/",""
"ALLWAYS PLUMBING","https://www.google.com/maps/place/ALL-WAYS+PLUMBING/@44.083365,-126.1694674,7z/data=!4m10!1m2!2m1!1sPlumbers+Bend+Oregon!3m6!1s0x54b8c882b2719eef:0xc24bffcb978efa21!8m2!3d44.0357099!4d-121.2771335!15sChRQbHVtYmVycyBCZW5kIE9yZWdvbloWIhRwbHVtYmVycyBiZW5kIG9yZWdvbpIBB3BsdW1iZXKaASNDaFpEU1VoTk1HOW5TMFZKUTBGblNVTm9ObVpEZFVsQkVBReABAPoBBQihARBE!16s%2Fg%2F1ts_6b0l?entry=ttu&g_ep=EgoyMDI2MDQyOS4wIKXMDSoASAFQAw%3D%3D","https://awporegon.com/","(541) 4200950","Plumber","bend__construction-home-services","allways-plumbing","/city/bend/construction-home-services/allways-plumbing/",""
"Alpine View Landscaping LLC","https://www.google.com/maps/place/Alpine+View+Landscaping+LLC/@42.4455861,-125.820648,8z/data=!4m10!1m2!2m1!1sLandscaping+Bend+Oregon!3m6!1s0x54b8b8e1386b62a1:0xe3d5d7465ad70a51!8m2!3d43.9714335!4d-121.2771335!15sChdMYW5kc2NhcGluZyBCZW5kIE9yZWdvbloZIhdsYW5kc2NhcGluZyBiZW5kIG9yZWdvbpIBCmxhbmRzY2FwZXKaASRDaGREU1VoTk1HOW5TMFZKUTBGblNVTnVNSFpmTUhKM1JSQULgAQD6AQUIugEQMw!16s%2Fg%2F1ttdy507?entry=ttu&g_ep=EgoyMDI2MDQyOS4wIKXMDSoASAFQAw%3D%3D","http://www.avlandscapes.com/","(541) 6178465","Landscaper","bend__construction-home-services","alpine-view-landscaping-llc","/city/bend/construction-home-services/alpine-view-landscaping-llc/",""
"Bjork & Sons Plumbing LLC","https://www.google.com/maps/place/Bjork+%26+Sons+Plumbing+LLC/@44.083365,-126.1694674,7z/data=!4m10!1m2!2m1!1sPlumbers+Bend+Oregon!3m6!1s0x54b8c781636b12cb:0x1615f7a469916a8c!8m2!3d44.171261!4d-121.1586295!15sChRQbHVtYmVycyBCZW5kIE9yZWdvbloWIhRwbHVtYmVycyBiZW5kIG9yZWdvbpIBB3BsdW1iZXKaAURDaTlEUVVsUlFVTnZaRU5vZEhsalJqbHZUMnhhVm1OR1p6QlRiVzk2V2toT05rMUVTbWxZTUVaQ1RGVk5lR1ZXUlJBQuABAPoBBAgpEEA!16s%2Fg%2F1tdz4kfd?entry=ttu&g_ep=EgoyMDI2MDQyOS4wIKXMDSoASAFQAw%3D%3D","https://bjorkandsonsplumbing.net/","(541) 4209370","Plumber","bend__construction-home-services","bjork-sons-plumbing-llc","/city/bend/construction-home-services/bjork-sons-plumbing-llc/",""
"Burris Plumbing LLC","https://www.google.com/maps/place/Burris+Plumbing+LLC/@44.083365,-126.1694674,7z/data=!4m10!1m2!2m1!1sPlumbers+Bend+Oregon!3m6!1s0x54bed76ce5b72ecd:0x3f35922b93c57a62!8m2!3d44.1286736!4d-120.3685311!15sChRQbHVtYmVycyBCZW5kIE9yZWdvbloWIhRwbHVtYmVycyBiZW5kIG9yZWdvbpIBB3BsdW1iZXKaASNDaFpEU1VoTk1HOW5TMFZKUTBGblNVTmllVWxNV0ZWQkVBReABAPoBBQiIARA8!16s%2Fg%2F11j8mnvhwg?entry=ttu&g_ep=EgoyMDI2MDQyOS4wIKXMDSoASAFQAw%3D%3D","http://www.burrisplumbingcentraloregon.com/","(541) 6109527","Plumber","bend__construction-home-services","burris-plumbing-llc","/city/bend/construction-home-services/burris-plumbing-llc/",""
"Carlsen Landscape Design","https://www.google.com/maps/place/Carlsen+Landscape+Design/@42.4455861,-125.820648,8z/data=!4m10!1m2!2m1!1sLandscaping+Bend+Oregon!3m6!1s0x54b8c7d59fa0164b:0xe248e61acc087ff!8m2!3d44.2205118!4d-120.8286775!15sChdMYW5kc2NhcGluZyBCZW5kIE9yZWdvbloZIhdsYW5kc2NhcGluZyBiZW5kIG9yZWdvbpIBEmxhbmRzY2FwZV9kZXNpZ25lcpoBRENpOURRVWxSUVVOdlpFTm9kSGxqUmpsdlQydE9TMXBZU2xOVWJFRjNUMWhyZEZVd1NrNU9NRTVLWVd4T2JWb3hSUkFC4AEA-gEECAAQLQ!16s%2Fg%2F1263hfrsl?entry=ttu&g_ep=EgoyMDI2MDQyOS4wIKXMDSoASAFQAw%3D%3D","https://carlsenlandscapedesign.com/","(541) 6106961","Landscape designer","bend__construction-home-services","carlsen-landscape-design","/city/bend/construction-home-services/carlsen-landscape-design/",""
"Cascade Quick Mix","https://www.google.com/maps/place/Cascade+Quick+Mix/@44.0723327,-122.5231613,9z/data=!4m10!1m2!2m1!1sConcrete+Contractors+Bend+Oregon!3m6!1s0xae89bb1867c71bb1:0x55b9ea04d21603f7!8m2!3d44.0022925!4d-120.9494715!15sCiBDb25jcmV0ZSBDb250cmFjdG9ycyBCZW5kIE9yZWdvbloiIiBjb25jcmV0ZSBjb250cmFjdG9ycyBiZW5kIG9yZWdvbpIBG3JlYWR5X21peF9jb25jcmV0ZV9zdXBwbGllcpoBJENoZERTVWhOTUc5blMwVkpRMEZuU1VSMlgzRkxWelJuUlJBQuABAPoBBQi1AxBA!16s%2Fg%2F11whl_w5l_?entry=ttu&g_ep=EgoyMDI2MDQyOS4wIKXMDSoASAFQAw%3D%3D","https://www.cascadequickmix.com/","(541) 4085914","Ready mix concrete supplier","bend__construction-home-services","cascade-quick-mix","/city/bend/construction-home-services/cascade-quick-mix/",""
"Central Oregon Water Heaters","https://www.google.com/maps/place/Central+Oregon+Water+Heaters/@44.083365,-126.1694674,7z/data=!4m10!1m2!2m1!1sPlumbers+Bend+Oregon!3m6!1s0x8f323ee2c790c6a7:0x2c9bda2a16000c21!8m2!3d44.134351!4d-121.2771335!15sChRQbHVtYmVycyBCZW5kIE9yZWdvbloWIhRwbHVtYmVycyBiZW5kIG9yZWdvbpIBB3BsdW1iZXKaASRDaGREU1VoTk1HOW5TMFZKUTBGblNVUTVPWEkyYXpOQlJSQULgAQD6AQUIkwEQOQ!16s%2Fg%2F11rsd21fdt?entry=ttu&g_ep=EgoyMDI2MDQyOS4wIKXMDSoASAFQAw%3D%3D","https://awporegon.com/water-heater-install/","(541) 6041636","Plumber","bend__construction-home-services","central-oregon-water-heaters","/city/bend/construction-home-services/central-oregon-water-heaters/",""
"Clean Air Lawn Care Bend","https://www.google.com/maps/place/Clean+Air+Lawn+Care+Bend/@42.4455861,-125.820648,8z/data=!4m10!1m2!2m1!1sLandscaping+Bend+Oregon!3m6!1s0x54b8c8e93e25f2b3:0x71bdc3c13ed7908d!8m2!3d44.134726!4d-121.4138324!15sChdMYW5kc2NhcGluZyBCZW5kIE9yZWdvbloZIhdsYW5kc2NhcGluZyBiZW5kIG9yZWdvbpIBEWxhd25fY2FyZV9zZXJ2aWNlmgEkQ2hkRFNVaE5NRzluUzBWSlEwRm5UVVIzZG5WUE4ybDNSUkFC4AEA-gEECB0QSQ!16s%2Fg%2F1tnl13gk?entry=ttu&g_ep=EgoyMDI2MDQyOS4wIKXMDSoASAFQAw%3D%3D","https://cleanairlawncare.com/service-locations/or/bend/","(541) 7881572","Lawn care service","bend__construction-home-services","clean-air-lawn-care-bend","/city/bend/construction-home-services/clean-air-lawn-care-bend/",""
"Costa Electric","https://www.google.com/maps/place/Costa+Electric/@46.423669,-129.9427085,3z/data=!4m10!1m2!2m1!1sElectricians+Bend+Oregon!3m6!1s0x54bed6730624c12f:0xa39ea6871dc3eaf1!8m2!3d44.2205118!4d-120.8286775!15sChhFbGVjdHJpY2lhbnMgQmVuZCBPcmVnb25aGiIYZWxlY3RyaWNpYW5zIGJlbmQgb3JlZ29ukgELZWxlY3RyaWNpYW6aASNDaFpEU1VoTk1HOW5TMFZKUTBGblNVTldia2wxUjBGUkVBReABAPoBBQitAhBK!16s%2Fg%2F11f2_mss_n?entry=ttu&g_ep=EgoyMDI2MDQyOS4wIKXMDSoASAFQAw%3D%3D","http://www.costaelectric.org/","(541) 2799359","Electrician","bend__construction-home-services","costa-electric","/city/bend/construction-home-services/costa-electric/",""
"Desert Sun Landscape Inc.","https://www.google.com/maps/place/Desert+Sun+Landscape+Inc./@42.4455861,-125.820648,8z/data=!4m10!1m2!2m1!1sLandscaping+Bend+Oregon!3m6!1s0x54b8cf2caa5c2c03:0xad294110632ee401!8m2!3d44.072633!4d-121.3588554!15sChdMYW5kc2NhcGluZyBCZW5kIE9yZWdvbloZIhdsYW5kc2NhcGluZyBiZW5kIG9yZWdvbpIBCmxhbmRzY2FwZXKaASNDaFpEU1VoTk1HOW5TMFZKUTBGblNVTnViRjlJVGsxM0VBReABAPoBBAg7EEU!16s%2Fg%2F11fn9q850q?entry=ttu&g_ep=EgoyMDI2MDQyOS4wIKXMDSoASAFQAw%3D%3D","https://bendlandscapes.com/","(541) 4086309","Landscaper","bend__construction-home-services","desert-sun-landscape-inc","/city/bend/construction-home-services/desert-sun-landscape-inc/",""
"Eldridge Plumbing","https://www.google.com/maps/place/Eldridge+Plumbing/@44.083365,-126.1694674,7z/data=!4m10!1m2!2m1!1sPlumbers+Bend+Oregon!3m6!1s0x54b8c71ef2746675:0xc0d9d756dbca6545!8m2!3d44.2205118!4d-120.9494715!15sChRQbHVtYmVycyBCZW5kIE9yZWdvbpIBB3BsdW1iZXLgAQA!16s%2Fg%2F11f53znpb3?entry=ttu&g_ep=EgoyMDI2MDQyOS4wIKXMDSoASAFQAw%3D%3D","http://eldridgeplumbing.com/","(541) 7490285","Plumber","bend__construction-home-services","eldridge-plumbing","/city/bend/construction-home-services/eldridge-plumbing/",""
"Endurance Concrete Inc.","https://www.google.com/maps/place/Endurance+Concrete+Inc./@44.0723327,-122.5231613,9z/data=!4m10!1m2!2m1!1sConcrete+Contractors+Bend+Oregon!3m6!1s0x54bf2b6787ed3615:0xd71a17dfb9c94945!8m2!3d43.9969415!4d-121.1930075!15sCiBDb25jcmV0ZSBDb250cmFjdG9ycyBCZW5kIE9yZWdvbloiIiBjb25jcmV0ZSBjb250cmFjdG9ycyBiZW5kIG9yZWdvbpIBE2NvbmNyZXRlX2NvbnRyYWN0b3KaAURDaTlEUVVsUlFVTnZaRU5vZEhsalJqbHZUMnRvVTFNelpGQlBSazVoVlcwMU1WUXpSWGxqTWpoNlZUQktWV1ZyUlJBQuABAPoBBAgAED4!16s%2Fg%2F11q2wkh018?entry=ttu&g_ep=EgoyMDI2MDQyOS4wIKXMDSoASAFQAw%3D%3D","http://www.enduranceconcreteinc.com/","(541) 6999332","Concrete contractor","bend__construction-home-services","endurance-concrete-inc","/city/bend/construction-home-services/endurance-concrete-inc/",""
"Epic Construction & Demolition","https://www.google.com/maps/place/Epic+Construction+%26+Demolition/@44.0723327,-122.5231613,9z/data=!4m10!1m2!2m1!1sConcrete+Contractors+Bend+Oregon!3m6!1s0x54bf2b2642084889:0x4b4e7951240507be!8m2!3d44.2205118!4d-120.8286775!15sCiBDb25jcmV0ZSBDb250cmFjdG9ycyBCZW5kIE9yZWdvbloiIiBjb25jcmV0ZSBjb250cmFjdG9ycyBiZW5kIG9yZWdvbpIBFWRlbW9saXRpb25fY29udHJhY3RvcpoBRENpOURRVWxSUVVOdlpFTm9kSGxqUmpsdlQyMTRiMkZGT1VSYVZscHVZMGhhVkZkRlJYZGhhazVaVWxaS2JHVkdSUkFC4AEA-gEECEMQRw!16s%2Fg%2F11mwrjdfkk?entry=ttu&g_ep=EgoyMDI2MDQyOS4wIKXMDSoASAFQAw%3D%3D","https://ecsoregon.com/","(541) 2412258","Demolition contractor","bend__construction-home-services","epic-construction-demolition","/city/bend/construction-home-services/epic-construction-demolition/",""
"Good Life Landscaping","https://www.google.com/maps/place/Good+Life+Landscaping/@42.4455861,-125.820648,8z/data=!4m10!1m2!2m1!1sLandscaping+Bend+Oregon!3m6!1s0x54b8c7f048f999cd:0x85e83e58e736a29e!8m2!3d44.0114644!4d-121.1586295!15sChdMYW5kc2NhcGluZyBCZW5kIE9yZWdvbloZIhdsYW5kc2NhcGluZyBiZW5kIG9yZWdvbpIBEmxhbmRzY2FwZV9kZXNpZ25lcpoBJENoZERTVWhOTUc5blMwVkpRMEZuU1VOS2FFOXBjWGwzUlJBQuABAPoBBQiSAhAy!16s%2Fg%2F11hyt3jd9g?entry=ttu&g_ep=EgoyMDI2MDQyOS4wIKXMDSoASAFQAw%3D%3D","http://www.goodlifelandscaping.com/","(541) 6462187","Landscape designer","bend__construction-home-services","good-life-landscaping","/city/bend/construction-home-services/good-life-landscaping/",""
"High Lakes Electric, LLC","https://www.google.com/maps/place/High+Lakes+Electric,+LLC/@46.423669,-129.9427085,3z/data=!4m10!1m2!2m1!1sElectricians+Bend+Oregon!3m6!1s0x54b899a49730357f:0xdb28a4eb3dd9d00c!8m2!3d43.9969415!4d-121.1930075!15sChhFbGVjdHJpY2lhbnMgQmVuZCBPcmVnb25aGiIYZWxlY3RyaWNpYW5zIGJlbmQgb3JlZ29ukgELZWxlY3RyaWNpYW6aASRDaGREU1VoTk1HOW5TMFZKUTBGblNVTlNkVmxpTUhOblJSQULgAQD6AQQIABAx!16s%2Fg%2F11ll9fzkkt?entry=ttu&g_ep=EgoyMDI2MDQyOS4wIKXMDSoASAFQAw%3D%3D","http://www.highlakeselectric.com/","(541) 6687070","Electrician","bend__construction-home-services","high-lakes-electric-llc","/city/bend/construction-home-services/high-lakes-electric-llc/",""
"Holm's Landscaping","https://www.google.com/maps/place/Holm's+Landscaping/@42.4455861,-125.820648,8z/data=!4m10!1m2!2m1!1sLandscaping+Bend+Oregon!3m6!1s0x2ce2b078aa65badb:0xea916f89d1555565!8m2!3d44.171261!4d-121.1930075!15sChdMYW5kc2NhcGluZyBCZW5kIE9yZWdvbloZIhdsYW5kc2NhcGluZyBiZW5kIG9yZWdvbpIBCmxhbmRzY2FwZXKaAURDaTlEUVVsUlFVTnZaRU5vZEhsalJqbHZUMnBXYVZSSFVsWmpibHBGVGxWT1UwMHdhR3RTYkZaTVRGWndVR1ZJWXhBQuABAPoBBAh4EEU!16s%2Fg%2F11s3t7qpbr?entry=ttu&g_ep=EgoyMDI2MDQyOS4wIKXMDSoASAFQAw%3D%3D","http://holmslandscaping.com/","(458) 2068577","Landscaper","bend__construction-home-services","holm-s-landscaping","/city/bend/construction-home-services/holm-s-landscaping/",""
"Jackelope Construction, LLC.","https://www.google.com/maps/place/Jackelope+Construction,+LLC./@44.0723327,-122.5231613,9z/data=!4m10!1m2!2m1!1sConcrete+Contractors+Bend+Oregon!3m6!1s0x54b8c882b2719eef:0x583d03601e2b82a3!8m2!3d44.041046!4d-121.437891!15sCiBDb25jcmV0ZSBDb250cmFjdG9ycyBCZW5kIE9yZWdvbloiIiBjb25jcmV0ZSBjb250cmFjdG9ycyBiZW5kIG9yZWdvbpIBEmdlbmVyYWxfY29udHJhY3RvcpoBI0NoWkRTVWhOTUc5blMwVkpRMEZuU1VRd05EUjVka3gzRUFF4AEA-gEFCJICECQ!16s%2Fg%2F1260j_ls4?entry=ttu&g_ep=EgoyMDI2MDQyOS4wIKXMDSoASAFQAw%3D%3D","http://www.jackelopeconstruction.com/","(541) 3906778","General contractor","bend__construction-home-services","jackelope-construction-llc","/city/bend/construction-home-services/jackelope-construction-llc/",""
"Jewett Construction LLC","https://www.google.com/maps/place/Jewett+Construction+LLC/@44.0723327,-122.5231613,9z/data=!4m10!1m2!2m1!1sConcrete+Contractors+Bend+Oregon!3m6!1s0x2b47181f64aff34d:0xc80cf0b51d31087d!8m2!3d44.072633!4d-121.2988959!15sCiBDb25jcmV0ZSBDb250cmFjdG9ycyBCZW5kIE9yZWdvbloiIiBjb25jcmV0ZSBjb250cmFjdG9ycyBiZW5kIG9yZWdvbpIBEXBhdmluZ19jb250cmFjdG9ymgEjQ2haRFNVaE5NRzluUzBWSlEwRm5TVVF6ZDA0MmMyRkJFQUXgAQD6AQQIABBD!16s%2Fg%2F11r_jw9h71?entry=ttu&g_ep=EgoyMDI2MDQyOS4wIKXMDSoASAFQAw%3D%3D","https://www.jewettconstructionllc.com/","(541) 4085421","Paving contractor","bend__construction-home-services","jewett-construction-llc","/city/bend/construction-home-services/jewett-construction-llc/",""
"Joey's Construction & Lawn Care INC• Outdoor Living •Hardscape & Outdoor Design/Bend Or","https://www.google.com/maps/place/Joey's+Construction+%26+Lawn+Care+INC%E2%80%A2+Outdoor+Living+%E2%80%A2Hardscape+%26+Outdoor+Design%2FBend+Or/@44.0723327,-122.5231613,9z/data=!4m10!1m2!2m1!1sConcrete+Contractors+Bend+Oregon!3m6!1s0xab2693537446449d:0x4a002c4f6cdde204!8m2!3d44.171261!4d-121.1586295!15sCiBDb25jcmV0ZSBDb250cmFjdG9ycyBCZW5kIE9yZWdvbloiIiBjb25jcmV0ZSBjb250cmFjdG9ycyBiZW5kIG9yZWdvbpIBCmxhbmRzY2FwZXKaAURDaTlEUVVsUlFVTnZaRU5vZEhsalJqbHZUMnhrVlZKNmFGVmlXSEI0VjJ0YWNsZFlXbTFTVlVaUFlVUmtjVTFHUlJBQuABAPoBBAhJEDg!16s%2Fg%2F11wtmg5qqq?entry=ttu&g_ep=EgoyMDI2MDQyOS4wIKXMDSoASAFQAw%3D%3D","http://joeysconstructionandlawncare.com/","(541) 5985206","Landscaper","bend__construction-home-services","joey-s-construction-lawn-care-inc-outdoor-living-hardscape-outdoor-design-bend-or","/city/bend/construction-home-services/joey-s-construction-lawn-care-inc-outdoor-living-hardscape-outdoor-design-bend-or/",""
"McMurray and Sons Roofing","https://www.google.com/maps/place/McMurray+and+Sons+Roofing/@46.423669,-131.162191,9z/data=!4m10!1m2!2m1!1sRoofing+Contractor+Bend+Oregon!3m6!1s0x54b8c64643f3d0f3:0x83dd7adf78873b84!8m2!3d46.423669!4d-129.9427086!15sCh5Sb29maW5nIENvbnRyYWN0b3IgQmVuZCBPcmVnb25aICIecm9vZmluZyBjb250cmFjdG9yIGJlbmQgb3JlZ29ukgEScm9vZmluZ19jb250cmFjdG9ymgEjQ2haRFNVaE5NRzluUzBWSlEwRm5TVU55TWt4aFprRjNFQUXgAQD6AQQIABAR!16s%2Fg%2F11bx2lg51_?entry=ttu&g_ep=EgoyMDI2MDQyOS4wIKXMDSoASAFQAw%3D%3D","https://www.mcmurrayandsons.com/","(541) 3850695","Roofing contractor","bend__construction-home-services","mcmurray-and-sons-roofing","/city/bend/construction-home-services/mcmurray-and-sons-roofing/",""
"Mighty Dog Roofing","https://www.google.com/maps/place/Mighty+Dog+Roofing/@44.0881018,-122.5288702,9z/data=!4m10!1m2!2m1!1sRoofing+Contractor+Bend+Oregon!3m6!1s0x8316fd24cf27264d:0x3575a04d056b6b0!8m2!3d44.242372!4d-121.2349975!15sCh5Sb29maW5nIENvbnRyYWN0b3IgQmVuZCBPcmVnb25aICIecm9vZmluZyBjb250cmFjdG9yIGJlbmQgb3JlZ29ukgEScm9vZmluZ19jb250cmFjdG9ymgEkQ2hkRFNVaE5NRzluUzBWSlEwRm5TVU0zZVhZemFITm5SUkFC4AEA-gEECCQQSA!16s%2Fg%2F11y6ddbbj3?entry=ttu&g_ep=EgoyMDI2MDQyOS4wIKXMDSoASAFQAw%3D%3D","https://www.mightydogroofing.com/central-oregon-or/","(541) 9379162","Roofing contractor","bend__construction-home-services","mighty-dog-roofing","/city/bend/construction-home-services/mighty-dog-roofing/",""
"Mountain Asphalt LLC","https://www.google.com/maps/place/Mountain+Asphalt+LLC/@44.0723327,-122.5231613,9z/data=!4m10!1m2!2m1!1sConcrete+Contractors+Bend+Oregon!3m6!1s0x85d4bfe7a6b58395:0x905879144d81fa9a!8m2!3d44.171261!4d-121.1930075!15sCiBDb25jcmV0ZSBDb250cmFjdG9ycyBCZW5kIE9yZWdvbloiIiBjb25jcmV0ZSBjb250cmFjdG9ycyBiZW5kIG9yZWdvbpIBEmFzcGhhbHRfY29udHJhY3RvcpoBJENoZERTVWhOTUc5blMwVkpRMEZuU1VOMGNUaEVZVEozUlJBQuABAPoBBAgAEBs!16s%2Fg%2F11y2mtk194?entry=ttu&g_ep=EgoyMDI2MDQyOS4wIKXMDSoASAFQAw%3D%3D","https://mountainasphaltllc.com/","(541) 2800689","Asphalt contractor","bend__construction-home-services","mountain-asphalt-llc","/city/bend/construction-home-services/mountain-asphalt-llc/",""
"Mountain Town Plumbing llc","https://www.google.com/maps/place/Mountain+Town+Plumbing+llc/@44.083365,-126.1694674,7z/data=!4m10!1m2!2m1!1sPlumbers+Bend+Oregon!3m6!1s0x222d7887e39d8f61:0x3231f2a9979a97d0!8m2!3d44.1455904!4d-120.5834015!15sChRQbHVtYmVycyBCZW5kIE9yZWdvbloWIhRwbHVtYmVycyBiZW5kIG9yZWdvbpIBB3BsdW1iZXKaASRDaGREU1VoTk1HOW5TMFZKUTBGblRVTm5OR1pQWVRaUlJSQULgAQD6AQQIeRBH!16s%2Fg%2F11w3_yyn5t?entry=ttu&g_ep=EgoyMDI2MDQyOS4wIKXMDSoASAFQAw%3D%3D","http://mountaintownplumbing.com/","(541) 4130848","Plumber","bend__construction-home-services","mountain-town-plumbing-llc","/city/bend/construction-home-services/mountain-town-plumbing-llc/",""
"MW Construction / All Phase Electric","https://www.google.com/maps/place/MW+Construction+%2F+All+Phase+Electric/@46.423669,-129.9427085,3z/data=!4m10!1m2!2m1!1sElectricians+Bend+Oregon!3m6!1s0x6846300c03b4fc7d:0xf7e60d80ae106dca!8m2!3d43.9969415!4d-121.1586295!15sChhFbGVjdHJpY2lhbnMgQmVuZCBPcmVnb25aGiIYZWxlY3RyaWNpYW5zIGJlbmQgb3JlZ29ukgELZWxlY3RyaWNpYW6aAURDaTlEUVVsUlFVTnZaRU5vZEhsalJqbHZUMjVLYmxSWVFuZFZTRTV0V2tWd1QxTkZlSFJUYkVwb1lqSk9XVlJ0WXhBQuABAPoBBQiaARAq!16s%2Fg%2F11x2cdxpvm?entry=ttu&g_ep=EgoyMDI2MDQyOS4wIKXMDSoASAFQAw%3D%3D","https://apesbend.com/","(541) 3908413","Electrician","bend__construction-home-services","mw-construction-all-phase-electric","/city/bend/construction-home-services/mw-construction-all-phase-electric/",""
"Naturally Designed Landscapes LLC","https://www.google.com/maps/place/Naturally+Designed+Landscapes+LLC/@42.4455861,-125.820648,8z/data=!4m10!1m2!2m1!1sLandscaping+Bend+Oregon!3m6!1s0x54b8cf6a66a548bf:0x377dbc10c0002eeb!8m2!3d44.061471!4d-121.312961!15sChdMYW5kc2NhcGluZyBCZW5kIE9yZWdvbloZIhdsYW5kc2NhcGluZyBiZW5kIG9yZWdvbpIBCmxhbmRzY2FwZXKaASRDaGREU1VoTk1HOW5TMFZKUTBGblNVTjFlVTlmVm05blJSQULgAQD6AQQIXhA8!16s%2Fg%2F11j7b_l3rk?entry=ttu&g_ep=EgoyMDI2MDQyOS4wIKXMDSoASAFQAw%3D%3D","http://www.naturallydesignedlandscapes.com/","(541) 6477631","Landscaper","bend__construction-home-services","naturally-designed-landscapes-llc","/city/bend/construction-home-services/naturally-designed-landscapes-llc/",""
"New Creation Plumbing LLC","https://www.google.com/maps/place/New+Creation+Plumbing+LLC/@44.083365,-126.1694674,7z/data=!4m10!1m2!2m1!1sPlumbers+Bend+Oregon!3m6!1s0x6061a8ee42b39ee9:0xf717087c5b158998!8m2!3d44.2205118!4d-120.8286775!15sChRQbHVtYmVycyBCZW5kIE9yZWdvbloWIhRwbHVtYmVycyBiZW5kIG9yZWdvbpIBB3BsdW1iZXKaASNDaFpEU1VoTk1HOW5TMFZKUTBGblNVTjBhRGRmZVVaM0VBReABAPoBBQiDAxA5!16s%2Fg%2F11kp9n32bm?entry=ttu&g_ep=EgoyMDI2MDQyOS4wIKXMDSoASAFQAw%3D%3D","https://www.newcreationplumbing.com/","(541) 4803124","Plumber","bend__construction-home-services","new-creation-plumbing-llc","/city/bend/construction-home-services/new-creation-plumbing-llc/",""
"North of South Landscapes Inc","https://www.google.com/maps/place/North+of+South+Landscapes+Inc/@42.4455861,-125.820648,8z/data=!4m10!1m2!2m1!1sLandscaping+Bend+Oregon!3m6!1s0x54b8c86c29fea59f:0x86413034b2b5f015!8m2!3d44.088783!4d-120.8505995!15sChdMYW5kc2NhcGluZyBCZW5kIE9yZWdvbloZIhdsYW5kc2NhcGluZyBiZW5kIG9yZWdvbpIBEmxhbmRzY2FwZV9kZXNpZ25lcpoBRENpOURRVWxSUVVOdlpFTm9kSGxqUmpsdlQyNUtkRlpXT1doWGJFSlNWMjFTVTJFeFVtOWlNMFV3WWtWR2RWVnNSUkFC4AEA-gEECAAQPw!16s%2Fg%2F11cjk39f_h?entry=ttu&g_ep=EgoyMDI2MDQyOS4wIKXMDSoASAFQAw%3D%3D","http://www.northofsouthlandscapes.com/","(541) 6683437","Landscape designer","bend__construction-home-services","north-of-south-landscapes-inc","/city/bend/construction-home-services/north-of-south-landscapes-inc/",""
"Oregon Concrete Cutting","https://www.google.com/maps/place/Oregon+Concrete+Cutting/@44.0723327,-122.5231613,9z/data=!4m10!1m2!2m1!1sConcrete+Contractors+Bend+Oregon!3m6!1s0x8a602db0047a7891:0xc674e3e92e781594!8m2!3d44.1455904!4d-120.5834015!15sCiBDb25jcmV0ZSBDb250cmFjdG9ycyBCZW5kIE9yZWdvbloiIiBjb25jcmV0ZSBjb250cmFjdG9ycyBiZW5kIG9yZWdvbpIBFGNvbnN0cnVjdGlvbl9jb21wYW55mgEkQ2hkRFNVaE5NRzluUzBWSlEwRm5TVU5FWDB0RFdYVjNSUkFC4AEA-gEFCOgBEEA!16s%2Fg%2F11vc4j7sn_?entry=ttu&g_ep=EgoyMDI2MDQyOS4wIKXMDSoASAFQAw%3D%3D","http://oregoncutting.com/","(541) 2247677","Construction company","bend__construction-home-services","oregon-concrete-cutting","/city/bend/construction-home-services/oregon-concrete-cutting/",""
"Pine to Peak Landscaping","https://www.google.com/maps/place/Pine+to+Peak+Landscaping/@42.4455861,-125.820648,8z/data=!4m10!1m2!2m1!1sLandscaping+Bend+Oregon!3m6!1s0x2fc7d68f5abab953:0x7f718baba27804c7!8m2!3d43.9840505!4d-121.4138324!15sChdMYW5kc2NhcGluZyBCZW5kIE9yZWdvbloZIhdsYW5kc2NhcGluZyBiZW5kIG9yZWdvbpIBCmxhbmRzY2FwZXKaASNDaFpEU1VoTk1HOW5TMFZKUTBGblNVTlFibkJmVEV4UkVBReABAPoBBAgAEEQ!16s%2Fg%2F11wjcdhfws?entry=ttu&g_ep=EgoyMDI2MDQyOS4wIKXMDSoASAFQAw%3D%3D","https://www.pinetopeak.com/","(541) 6782114","Landscaper","bend__construction-home-services","pine-to-peak-landscaping","/city/bend/construction-home-services/pine-to-peak-landscaping/",""
"Pow! Pump & Water Service plus Backflow testing","https://www.google.com/maps/place/Pow!+Pump+%26+Water+Service+plus+Backflow+testing/@44.083365,-126.1694674,7z/data=!4m10!1m2!2m1!1sPlumbers+Bend+Oregon!3m6!1s0xaa4fef00256c29f1:0xb391678c77b07337!8m2!3d44.0022925!4d-120.9494715!15sChRQbHVtYmVycyBCZW5kIE9yZWdvbloWIhRwbHVtYmVycyBiZW5kIG9yZWdvbpIBC3dhdGVyX3dvcmtzmgEkQ2hkRFNVaE5NRzluUzBWSlEwRm5TVU5FTVRZdFJ6TjNSUkFC4AEA-gEFCJoBEEo!16s%2Fg%2F11rgcksdqc?entry=ttu&g_ep=EgoyMDI2MDQyOS4wIKXMDSoASAFQAw%3D%3D","","(541) 6992249","Water works","bend__construction-home-services","pow-pump-water-service-plus-backflow-testing","/city/bend/construction-home-services/pow-pump-water-service-plus-backflow-testing/",""
"Premier Polished Concrete LLC","https://www.google.com/maps/place/Premier+Polished+Concrete+LLC/@44.0723327,-122.5231613,9z/data=!4m10!1m2!2m1!1sConcrete+Contractors+Bend+Oregon!3m6!1s0xec3ea2f3150d875:0x70822417fbf5cd25!8m2!3d44.171261!4d-121.1930075!15sCiBDb25jcmV0ZSBDb250cmFjdG9ycyBCZW5kIE9yZWdvbloiIiBjb25jcmV0ZSBjb250cmFjdG9ycyBiZW5kIG9yZWdvbpIBE2NvbmNyZXRlX2NvbnRyYWN0b3KaASRDaGREU1VoTk1HOW5TMFZKUTBGblNVUk1PWEJ4VGpKUlJSQULgAQD6AQQIABAf!16s%2Fg%2F11shp1l468?entry=ttu&g_ep=EgoyMDI2MDQyOS4wIKXMDSoASAFQAw%3D%3D","https://www.premierpolishedconcrete.com/?utm_source=google&utm_medium=business_profile&utm_campaign=website","(503) 8419383","Concrete contractor","bend__construction-home-services","premier-polished-concrete-llc","/city/bend/construction-home-services/premier-polished-concrete-llc/",""
"Pro Electric","https://www.google.com/maps/place/Pro+Electric/@46.423669,-129.9427085,3z/data=!4m10!1m2!2m1!1sElectricians+Bend+Oregon!3m6!1s0x54c562dbb72e0b5f:0x7752980f89b426de!8m2!3d46.423669!4d-129.9427086!15sChhFbGVjdHJpY2lhbnMgQmVuZCBPcmVnb25aGiIYZWxlY3RyaWNpYW5zIGJlbmQgb3JlZ29ukgELZWxlY3RyaWNpYW6aASNDaFpEU1VoTk1HOW5TMFZKUTBGblNVTjFiSEJJZVZGQkVBReABAPoBBAgAECY!16s%2Fg%2F1tmxf8l0?entry=ttu&g_ep=EgoyMDI2MDQyOS4wIKXMDSoASAFQAw%3D%3D","http://proelectricincgp.com/","(541) 4747943","Electrician","bend__construction-home-services","pro-electric","/city/bend/construction-home-services/pro-electric/",""
"Quality Concrete Bend Oregon","https://www.google.com/maps/place/Quality+Concrete+Bend+Oregon/@44.0723327,-122.5231613,9z/data=!4m10!1m2!2m1!1sConcrete+Contractors+Bend+Oregon!3m6!1s0x86c2f38195c4b5:0x99a73ca1d5b9f136!8m2!3d44.061471!4d-121.312961!15sCiBDb25jcmV0ZSBDb250cmFjdG9ycyBCZW5kIE9yZWdvbloiIiBjb25jcmV0ZSBjb250cmFjdG9ycyBiZW5kIG9yZWdvbpIBCmNvbnRyYWN0b3KaASRDaGREU1VoTk1HOW5TMFZKUTBGblNVTm9NV04yVm5KUlJSQULgAQD6AQQIABA2!16s%2Fg%2F11rcpxzcwh?entry=ttu&g_ep=EgoyMDI2MDQyOS4wIKXMDSoASAFQAw%3D%3D","http://qualityconcretenc.com/","(541) 2830954","Contractor","bend__construction-home-services","quality-concrete-bend-oregon","/city/bend/construction-home-services/quality-concrete-bend-oregon/",""
"RnR Garza Plumbing","https://www.google.com/maps/place/RnR+Garza+Plumbing/@44.083365,-126.1694674,7z/data=!4m10!1m2!2m1!1sPlumbers+Bend+Oregon!3m6!1s0x61d2074e4eebc441:0xabcfd0b50713ff1c!8m2!3d44.0114644!4d-121.3588554!15sChRQbHVtYmVycyBCZW5kIE9yZWdvbloWIhRwbHVtYmVycyBiZW5kIG9yZWdvbpIBB3BsdW1iZXKaAURDaTlEUVVsUlFVTnZaRU5vZEhsalJqbHZUMjVaTWxOc2JETmtNR1JKVmpKS1lWZHFhRkZpVnprd1ltMU9XVmt6WXhBQuABAPoBBAgVEEU!16s%2Fg%2F11yf3vgphn?entry=ttu&g_ep=EgoyMDI2MDQyOS4wIKXMDSoASAFQAw%3D%3D","https://www.rnrgarzaplumbing.com/","(541) 2316312","Plumber","bend__construction-home-services","rnr-garza-plumbing","/city/bend/construction-home-services/rnr-garza-plumbing/",""
"Royal Flush Plumbing of Bend LLC","https://www.google.com/maps/place/Royal+Flush+Plumbing+of+Bend+LLC/@44.083365,-126.1694674,7z/data=!4m10!1m2!2m1!1sPlumbers+Bend+Oregon!3m6!1s0xa36727fa0b117739:0x79d2189ac173cb91!8m2!3d44.1812209!4d-121.1930075!15sChRQbHVtYmVycyBCZW5kIE9yZWdvbloWIhRwbHVtYmVycyBiZW5kIG9yZWdvbpIBB3BsdW1iZXKaASRDaGREU1VoTk1HOW5TMFZKUTBGblRVTkpjVFpoY21wblJSQULgAQD6AQQIABBF!16s%2Fg%2F11wp4rhw_x?entry=ttu&g_ep=EgoyMDI2MDQyOS4wIKXMDSoASAFQAw%3D%3D","https://www.royalflushbend.com/","(541) 4088235","Plumber","bend__construction-home-services","royal-flush-plumbing-of-bend-llc","/city/bend/construction-home-services/royal-flush-plumbing-of-bend-llc/",""
"Royal Roofing and Construction","https://www.google.com/maps/place/Royal+Roofing+and+Construction/@44.0881018,-122.5288702,9z/data=!4m10!1m2!2m1!1sRoofing+Contractor+Bend+Oregon!3m6!1s0x289e792604c37465:0xe36ed52166a50564!8m2!3d44.171261!4d-121.1930075!15sCh5Sb29maW5nIENvbnRyYWN0b3IgQmVuZCBPcmVnb25aICIecm9vZmluZyBjb250cmFjdG9yIGJlbmQgb3JlZ29ukgEScm9vZmluZ19jb250cmFjdG9ymgEkQ2hkRFNVaE5NRzluUzBWSlEwRm5TVU5PWjJGbVFXdEJSUkFC4AEA-gEECGUQOg!16s%2Fg%2F11v3kwz8nh?entry=ttu&g_ep=EgoyMDI2MDQyOS4wIKXMDSoASAFQAw%3D%3D","https://royalroofingllcbend.com/","(541) 8481636","Roofing contractor","bend__construction-home-services","royal-roofing-and-construction","/city/bend/construction-home-services/royal-roofing-and-construction/",""
"Sage Plumbing Solutions, LLC","https://www.google.com/maps/place/Sage+Plumbing+Solutions,+LLC/@44.083365,-126.1694674,7z/data=!4m10!1m2!2m1!1sPlumbers+Bend+Oregon!3m6!1s0x63834a1452ccfe61:0x2dd1e8a1e55828c2!8m2!3d43.8917145!4d-121.3794544!15sChRQbHVtYmVycyBCZW5kIE9yZWdvbloWIhRwbHVtYmVycyBiZW5kIG9yZWdvbpIBB3BsdW1iZXKaAURDaTlEUVVsUlFVTnZaRU5vZEhsalJqbHZUMnhPYjFwcE1XcGFXRkpIV0hwc05FMTZWa0poYTFaRVZsY3hTbFV6WXhBQuABAPoBBAgAEC4!16s%2Fg%2F11tk3pzn0y?entry=ttu&g_ep=EgoyMDI2MDQyOS4wIKXMDSoASAFQAw%3D%3D","http://sageplumbingsolutions.com/","(541) 5362725","Plumber","bend__construction-home-services","sage-plumbing-solutions-llc","/city/bend/construction-home-services/sage-plumbing-solutions-llc/",""
"Smith Rock Plumbing LLC","https://www.google.com/maps/place/Smith+Rock+Plumbing+LLC/@44.083365,-126.1694674,7z/data=!4m10!1m2!2m1!1sPlumbers+Bend+Oregon!3m6!1s0x2c61a0ff09f61ef9:0x9fd59ec0e5e806a9!8m2!3d44.3410175!4d-121.1930075!15sChRQbHVtYmVycyBCZW5kIE9yZWdvbloWIhRwbHVtYmVycyBiZW5kIG9yZWdvbpIBB3BsdW1iZXKaASNDaFpEU1VoTk1HOW5TMFZKUTBGblNVUktjSE5VYkdaUkVBReABAPoBBQj5ARBH!16s%2Fg%2F11syy44cs0?entry=ttu&g_ep=EgoyMDI2MDQyOS4wIKXMDSoASAFQAw%3D%3D","http://smithrockplumbing.com/","(541) 3501986","Plumber","bend__construction-home-services","smith-rock-plumbing-llc","/city/bend/construction-home-services/smith-rock-plumbing-llc/",""
"Source Landscaping","https://www.google.com/maps/place/Source+Landscaping/@43.6377528,-121.5183381,8z/data=!4m10!1m2!2m1!1sLandscaping+Bend+Oregon!3m6!1s0x54b8c79e9fd7ed63:0x2e30ec8426d303dc!8m2!3d44.258606!4d-121.1930075!15sChdMYW5kc2NhcGluZyBCZW5kIE9yZWdvbloZIhdsYW5kc2NhcGluZyBiZW5kIG9yZWdvbpIBCmxhbmRzY2FwZXKaASRDaGREU1VoTk1HOW5TMFZKUTBGblNVTjZNSE0zZHpGUlJSQULgAQD6AQQIABBL!16s%2Fg%2F11jftf7wdm?entry=ttu&g_ep=EgoyMDI2MDQyOS4wIKXMDSoASAFQAw%3D%3D","https://www.sourcelandscaping.co/","(541) 7712880","Landscaper","bend__construction-home-services","source-landscaping","/city/bend/construction-home-services/source-landscaping/",""
"Steed Roofing LLC","https://www.google.com/maps/place/Steed+Roofing+LLC/@44.0635361,-122.5243421,9z/data=!4m10!1m2!2m1!1sRoofing+Contractor+Bend+Oregon!3m6!1s0x26f95f58f78bec01:0x11a84128289e9f61!8m2!3d44.1455904!4d-120.5834015!15sCh5Sb29maW5nIENvbnRyYWN0b3IgQmVuZCBPcmVnb25aICIecm9vZmluZyBjb250cmFjdG9yIGJlbmQgb3JlZ29ukgEScm9vZmluZ19jb250cmFjdG9ymgFEQ2k5RFFVbFJRVU52WkVOb2RIbGpSamx2VDJ4T1YyRnNSbmRPTUhoR1dWWldiMWxzUW5sVWJYUjBVakpHY2xwRlJSQULgAQD6AQQIABBD!16s%2Fg%2F11lcgwqlnw?entry=ttu&g_ep=EgoyMDI2MDQyOS4wIKXMDSoASAFQAw%3D%3D","https://steedroofing.com/","(541) 2131954","Roofing contractor","bend__construction-home-services","steed-roofing-llc","/city/bend/construction-home-services/steed-roofing-llc/",""
"Stone Roofing & Construction, Inc.","https://www.google.com/maps/place/Stone+Roofing+%26+Construction,+Inc./@44.0275322,-122.5139936,9z/data=!4m10!1m2!2m1!1sRoofing+Contractor+Bend+Oregon!3m6!1s0x54b8c6489e5a0a4d:0x5a9bb0729380ab99!8m2!3d44.2205118!4d-120.9494715!15sCh5Sb29maW5nIENvbnRyYWN0b3IgQmVuZCBPcmVnb25aICIecm9vZmluZyBjb250cmFjdG9yIGJlbmQgb3JlZ29ukgEScm9vZmluZ19jb250cmFjdG9ymgEjQ2haRFNVaE5NRzluUzBWSlEwRm5TVVJvY0VwdFYwNW5FQUXgAQD6AQQIZhAy!16s%2Fg%2F11cm8gff70?entry=ttu&g_ep=EgoyMDI2MDQyOS4wIKXMDSoASAFQAw%3D%3D","http://www.stoneroofinginc.com/","(541) 6392250","Roofing contractor","bend__construction-home-services","stone-roofing-construction-inc","/city/bend/construction-home-services/stone-roofing-construction-inc/",""
"The Garden Specialists LLC Horticultural Services","https://www.google.com/maps/place/The+Garden+Specialists+LLC+Horticultural+Services/@42.4455861,-125.820648,8z/data=!4m10!1m2!2m1!1sLandscaping+Bend+Oregon!3m6!1s0x54b8c866c4691b67:0x1391dc52f1969a2a!8m2!3d44.072633!4d-121.2958974!15sChdMYW5kc2NhcGluZyBCZW5kIE9yZWdvbloZIhdsYW5kc2NhcGluZyBiZW5kIG9yZWdvbpIBCmxhbmRzY2FwZXKaASRDaGREU1VoTk1HOW5TMFZKUTBGblNVUm5kM0JQUWpaQlJSQULgAQD6AQQIEBBG!16s%2Fg%2F11c3s9c9xs?entry=ttu&g_ep=EgoyMDI2MDQyOS4wIKXMDSoASAFQAw%3D%3D","http://gardenspecialist.wixsite.com/grow","(541) 2136973","Landscaper","bend__construction-home-services","the-garden-specialists-llc-horticultural-services","/city/bend/construction-home-services/the-garden-specialists-llc-horticultural-services/",""
"Three Sisters Plumbing Inc.","https://www.google.com/maps/place/Three+Sisters+Plumbing+Inc./@44.083365,-126.1694674,7z/data=!4m10!1m2!2m1!1sPlumbers+Bend+Oregon!3m6!1s0x54bf39f0cfad0f4f:0x1713392a8fa11414!8m2!3d44.241831!4d-121.4008454!15sChRQbHVtYmVycyBCZW5kIE9yZWdvbloWIhRwbHVtYmVycyBiZW5kIG9yZWdvbpIBB3BsdW1iZXKaASNDaFpEU1VoTk1HOW5TMFZKUTBGblNVTTVkR1JZWDFCbkVBReABAPoBBQi7AhBH!16s%2Fg%2F11fn7shsj0?entry=ttu&g_ep=EgoyMDI2MDQyOS4wIKXMDSoASAFQAw%3D%3D","http://sisterscountryplumbing.com/","(541) 5491677","Plumber","bend__construction-home-services","three-sisters-plumbing-inc","/city/bend/construction-home-services/three-sisters-plumbing-inc/",""
"TJR Concrete and Construction LLC","https://www.google.com/maps/place/TJR+Concrete+and+Construction+LLC/@44.0723327,-122.5231613,9z/data=!4m10!1m2!2m1!1sConcrete+Contractors+Bend+Oregon!3m6!1s0x54b8cf0cb67b6611:0xc1bb70931b3846c3!8m2!3d44.171261!4d-121.1930075!15sCiBDb25jcmV0ZSBDb250cmFjdG9ycyBCZW5kIE9yZWdvbloiIiBjb25jcmV0ZSBjb250cmFjdG9ycyBiZW5kIG9yZWdvbpIBE2NvbmNyZXRlX2NvbnRyYWN0b3KaAURDaTlEUVVsUlFVTnZaRU5vZEhsalJqbHZUMnh2ZVZSck1UQk5iRGt3WVRKNGRWSnNXalJsYTFKR1lVWkdUbEl4UlJBQuABAPoBBAgoEDM!16s%2Fg%2F11rvjwd487?entry=ttu&g_ep=EgoyMDI2MDQyOS4wIKXMDSoASAFQAw%3D%3D","http://tjrconcrete.com/","(541) 7717466","Concrete contractor","bend__construction-home-services","tjr-concrete-and-construction-llc","/city/bend/construction-home-services/tjr-concrete-and-construction-llc/",""
"High Desert Pure","https://www.google.com/maps/place/High+Desert+Pure/@44.0689763,-123.7441956,8z/data=!4m11!1m3!2m2!1sDispensaries+Bend+Oregon!6e6!3m6!1s0x54b8cf32547893bf:0xce67e2986ef1b952!8m2!3d44.1455904!4d-120.5834015!15sChhEaXNwZW5zYXJpZXMgQmVuZCBPcmVnb25aGiIYZGlzcGVuc2FyaWVzIGJlbmQgb3JlZ29ukgESY29zbWV0aWNzX2luZHVzdHJ5mgFEQ2k5RFFVbFJRVU52WkVOb2RIbGpSamx2VDJ4Uk1Ga3dXWGxVUnpSM1ZtMVdSVmt5ZDNSbGJWcHZWVWM1UlZJd1JSQULgAQD6AQQIABAi!16s%2Fg%2F11g8vtq93q?entry=ttu&g_ep=EgoyMDI2MDQyOS4wIKXMDSoASAFQAw%3D%3D","https://www.highdesertpure.com/","","Cosmetics industry","bend__health-wellness","high-desert-pure","/city/bend/health-wellness/high-desert-pure/",""
"9 Planets Web Design","https://www.google.com/maps/place/9+Planets+Web+Design/@48.574414,-129.200478,4z/data=!4m10!1m2!2m1!1sWeb+Design+and+Digital+Marketing+Corvallis+Oregon!3m6!1s0x54c0e2b71939e2b1:0xfeb6bd2b5b44c978!8m2!3d44.192466!4d-123.125304!15sCjFXZWIgRGVzaWduIGFuZCBEaWdpdGFsIE1hcmtldGluZyBDb3J2YWxsaXMgT3JlZ29uWjMiMXdlYiBkZXNpZ24gYW5kIGRpZ2l0YWwgbWFya2V0aW5nIGNvcnZhbGxpcyBvcmVnb26SARB3ZWJzaXRlX2Rlc2lnbmVymgFEQ2k5RFFVbFJRVU52WkVOb2RIbGpSamx2VDJwRmVsSnJOVnBUYWtGNlYxVndkVTFJV1RKWU1ERldaVlZzTTFvd1JSQULgAQD6AQQIcRBE!16s%2Fg%2F11x9j9m9w?entry=ttu&g_ep=EgoyMDI2MDQyOS4wIKXMDSoASAFQAw%3D%3D","https://www.9planetsdesign.com/?utm_source=google&utm_medium=organic&utm_campaign=gbp","(541) 2142116","Website designer","corvallis__business-professional-services","9-planets-web-design","/city/corvallis/business-professional-services/9-planets-web-design/",""
"Ben K Green Web Design","https://www.google.com/maps/place/Ben+K+Green+Web+Design/@48.574414,-129.200478,4z/data=!4m10!1m2!2m1!1sWeb+Design+and+Digital+Marketing+Corvallis+Oregon!3m6!1s0x424f540028b56863:0x9fcddd1f1532419a!8m2!3d44.598089!4d-123.2081784!15sCjFXZWIgRGVzaWduIGFuZCBEaWdpdGFsIE1hcmtldGluZyBDb3J2YWxsaXMgT3JlZ29ukgEQd2Vic2l0ZV9kZXNpZ25lcuABAA!16s%2Fg%2F11xfply1xf?entry=ttu&g_ep=EgoyMDI2MDQyOS4wIKXMDSoASAFQAw%3D%3D","https://www.benkgreen.com/","(971) 6788143","Website designer","corvallis__business-professional-services","ben-k-green-web-design","/city/corvallis/business-professional-services/ben-k-green-web-design/",""
"Corvallis Marketing Labs","https://www.google.com/maps/place/Corvallis+Marketing+Labs/@48.574414,-129.200478,4z/data=!4m10!1m2!2m1!1sWeb+Design+and+Digital+Marketing+Corvallis+Oregon!3m6!1s0x67cb7fac31812a1:0x225209ed9ea977cc!8m2!3d46.423669!4d-129.9427086!15sCjFXZWIgRGVzaWduIGFuZCBEaWdpdGFsIE1hcmtldGluZyBDb3J2YWxsaXMgT3JlZ29uWjMiMXdlYiBkZXNpZ24gYW5kIGRpZ2l0YWwgbWFya2V0aW5nIGNvcnZhbGxpcyBvcmVnb26SARBtYXJrZXRpbmdfYWdlbmN5mgEkQ2hkRFNVaE5NRzluUzBWSlEwRm5TVVJsT1V4UU4zSlJSUkFC4AEA-gEFCJcBEEg!16s%2Fg%2F11szdddn5j?entry=ttu&g_ep=EgoyMDI2MDQyOS4wIKXMDSoASAFQAw%3D%3D","http://www.corvallismarketinglabs.com/","(541) 2248092","Marketing agency","corvallis__business-professional-services","corvallis-marketing-labs","/city/corvallis/business-professional-services/corvallis-marketing-labs/",""
"Developmizer","https://www.google.com/maps/place/Developmizer/@48.574414,-129.200478,4z/data=!4m10!1m2!2m1!1sWeb+Design+and+Digital+Marketing+Corvallis+Oregon!3m6!1s0x6b116f7e9c06249f:0xe6d3037349cc1715!8m2!3d49.96405!4d-68.6666667!15sCjFXZWIgRGVzaWduIGFuZCBEaWdpdGFsIE1hcmtldGluZyBDb3J2YWxsaXMgT3JlZ29uWjMiMXdlYiBkZXNpZ24gYW5kIGRpZ2l0YWwgbWFya2V0aW5nIGNvcnZhbGxpcyBvcmVnb26SARB3ZWJzaXRlX2Rlc2lnbmVy4AEA!16s%2Fg%2F11rxmd7r0k?entry=ttu&g_ep=EgoyMDI2MDQyOS4wIKXMDSoASAFQAw%3D%3D","http://www.developmizer.com/","","Website designer","corvallis__business-professional-services","developmizer","/city/corvallis/business-professional-services/developmizer/",""
"Lemon Twist Web Design","https://www.google.com/maps/place/Lemon+Twist+Web+Design/@48.574414,-129.200478,4z/data=!4m10!1m2!2m1!1sWeb+Design+and+Digital+Marketing+Corvallis+Oregon!3m6!1s0x54c0475a52051dbb:0x74fdd7a7a23daab7!8m2!3d44.4791345!4d-123.1464544!15sCjFXZWIgRGVzaWduIGFuZCBEaWdpdGFsIE1hcmtldGluZyBDb3J2YWxsaXMgT3JlZ29uWjMiMXdlYiBkZXNpZ24gYW5kIGRpZ2l0YWwgbWFya2V0aW5nIGNvcnZhbGxpcyBvcmVnb26SARB3ZWJzaXRlX2Rlc2lnbmVymgEjQ2haRFNVaE5NRzluUzBWSlEwRm5TVVJQYTJSbVUyTlJFQUXgAQD6AQQIABA1!16s%2Fg%2F1q6jj77pm?entry=ttu&g_ep=EgoyMDI2MDQyOS4wIKXMDSoASAFQAw%3D%3D","https://lemontwistwebsites.com/","(541) 3216581","Website designer","corvallis__business-professional-services","lemon-twist-web-design","/city/corvallis/business-professional-services/lemon-twist-web-design/",""
"Linking Higher Design Website Design, SEO & Digital Marketing Services","https://www.google.com/maps/place/Linking+Higher+Design+-+Website+Design,+SEO+%26+Digital+Marketing+Services/@48.574414,-129.200478,4z/data=!4m10!1m2!2m1!1sWeb+Design+and+Digital+Marketing+Corvallis+Oregon!3m6!1s0x6b6706ceee2cfa8b:0xe84dd86f5da69ee8!8m2!3d44.8427409!4d-122.8594006!15sCjFXZWIgRGVzaWduIGFuZCBEaWdpdGFsIE1hcmtldGluZyBDb3J2YWxsaXMgT3JlZ29uWjMiMXdlYiBkZXNpZ24gYW5kIGRpZ2l0YWwgbWFya2V0aW5nIGNvcnZhbGxpcyBvcmVnb26SARB3ZWJzaXRlX2Rlc2lnbmVymgEjQ2haRFNVaE5NRzluUzBWSlEwRm5TVU0xTVZCdFlraEJFQUXgAQD6AQQIABBB!16s%2Fg%2F11v5jtktwv?entry=ttu&g_ep=EgoyMDI2MDQyOS4wIKXMDSoASAFQAw%3D%3D","https://www.linkinghigherdesign.com/","(503) 4646059","Website designer","corvallis__business-professional-services","linking-higher-design-website-design-seo-digital-marketing-services","/city/corvallis/business-professional-services/linking-higher-design-website-design-seo-digital-marketing-services/",""
"Root Pages","https://www.google.com/maps/place/Root+Pages/@48.574414,-129.200478,4z/data=!4m10!1m2!2m1!1sWeb+Design+and+Digital+Marketing+Corvallis+Oregon!3m6!1s0x6c91745cba0a941b:0xed1b2aed3d9cba2!8m2!3d44.1455904!4d-120.5834015!15sCjFXZWIgRGVzaWduIGFuZCBEaWdpdGFsIE1hcmtldGluZyBDb3J2YWxsaXMgT3JlZ29uWjMiMXdlYiBkZXNpZ24gYW5kIGRpZ2l0YWwgbWFya2V0aW5nIGNvcnZhbGxpcyBvcmVnb26SARB3ZWJzaXRlX2Rlc2lnbmVymgEkQ2hkRFNVaE5NRzluUzBWSlEwRm5TVU0xY1hBeldHNTNSUkFC4AEA-gEECHMQTA!16s%2Fg%2F11v51cm51w?entry=ttu&g_ep=EgoyMDI2MDQyOS4wIKXMDSoASAFQAw%3D%3D","http://rootpages.net/","(971) 2385161","Website designer","corvallis__business-professional-services","root-pages","/city/corvallis/business-professional-services/root-pages/",""
"Stellar Design Co.","https://www.google.com/maps/place/Stellar+Design+Co./@48.574414,-129.200478,4z/data=!4m10!1m2!2m1!1sWeb+Design+and+Digital+Marketing+Corvallis+Oregon!3m6!1s0x54c03fa6b80ac8fb:0x3a939056398cabd1!8m2!3d46.423669!4d-129.9427086!15sCjFXZWIgRGVzaWduIGFuZCBEaWdpdGFsIE1hcmtldGluZyBDb3J2YWxsaXMgT3JlZ29ukgENZGVzaWduX2FnZW5jeeABAA!16s%2Fg%2F11qqv0v6rd?entry=ttu&g_ep=EgoyMDI2MDQyOS4wIKXMDSoASAFQAw%3D%3D","https://www.stellardesignco.com/","(541) 3578357","Design agency","corvallis__business-professional-services","stellar-design-co","/city/corvallis/business-professional-services/stellar-design-co/",""
"Weaver Web Works","https://www.google.com/maps/place/Weaver+Web+Works/@48.574414,-129.200478,4z/data=!4m10!1m2!2m1!1sWeb+Design+and+Digital+Marketing+Corvallis+Oregon!3m6!1s0x62d05f1e7115c67b:0xa240aa2e2caf514e!8m2!3d44.5020315!4d-123.5093945!15sCjFXZWIgRGVzaWduIGFuZCBEaWdpdGFsIE1hcmtldGluZyBDb3J2YWxsaXMgT3JlZ29uWjMiMXdlYiBkZXNpZ24gYW5kIGRpZ2l0YWwgbWFya2V0aW5nIGNvcnZhbGxpcyBvcmVnb26SARB3ZWJzaXRlX2Rlc2lnbmVymgEjQ2haRFNVaE5NRzluUzBWSlEwRm5TVVJTZEV4aWRsVlJFQUXgAQD6AQQIABA9!16s%2Fg%2F11sz8w5l65?entry=ttu&g_ep=EgoyMDI2MDQyOS4wIKXMDSoASAFQAw%3D%3D","http://www.weaverwebworks.com/","(541) 2638701","Website designer","corvallis__business-professional-services","weaver-web-works","/city/corvallis/business-professional-services/weaver-web-works/",""
"Alamo Landscaping and Maintenance LLC","https://www.google.com/maps/place/Alamo+Landscaping+and+Maintenance+LLC/@44.5547104,-125.8284778,8z/data=!4m10!1m2!2m1!1sLandscaping+Corvallis+Oregon!3m6!1s0x64230217dc28ce5b:0x7d3da7d71fd90cfa!8m2!3d44.598089!4d-123.2081784!15sChxMYW5kc2NhcGluZyBDb3J2YWxsaXMgT3JlZ29uWh4iHGxhbmRzY2FwaW5nIGNvcnZhbGxpcyBvcmVnb26SAQhnYXJkZW5lcpoBI0NoWkRTVWhOTUc5blMwVkpRMEZuVFVSSmJVbFhVVkZuRUFF4AEA-gEECAAQMQ!16s%2Fg%2F11s7cy54d1?entry=ttu&g_ep=EgoyMDI2MDQyOS4wIKXMDSoASAFQAw%3D%3D","","(541) 3680177","Gardener","corvallis__construction-home-services","alamo-landscaping-and-maintenance-llc","/city/corvallis/construction-home-services/alamo-landscaping-and-maintenance-llc/",""
"Beaver Plumbing & Heating Inc","https://www.google.com/maps/place/Beaver+Plumbing+%26+Heating+Inc/@44.5501717,-142.8252951,5z/data=!4m10!1m2!2m1!1sPlumbers+Corvallis+Oregon!3m6!1s0x54c0407f61a3d1b5:0x50a32d71131ede75!8m2!3d44.498982!4d-123.4449826!15sChlQbHVtYmVycyBDb3J2YWxsaXMgT3JlZ29uWhsiGXBsdW1iZXJzIGNvcnZhbGxpcyBvcmVnb26SAQdwbHVtYmVymgEjQ2haRFNVaE5NRzluUzBWSlEwRm5TVU5VZFdOaFVsSkJFQUXgAQD6AQUInwEQNA!16s%2Fg%2F1ttpb0kv?entry=ttu&g_ep=EgoyMDI2MDQyOS4wIKXMDSoASAFQAw%3D%3D","http://www.beaverplumbingcorvallis.com/","(541) 7537514","Plumber","corvallis__construction-home-services","beaver-plumbing-heating-inc","/city/corvallis/construction-home-services/beaver-plumbing-heating-inc/",""
"Big Leaf Landscapes","https://www.google.com/maps/place/Big+Leaf+Landscapes/@44.5547104,-125.8284778,8z/data=!4m10!1m2!2m1!1sLandscaping+Corvallis+Oregon!3m6!1s0x434d28cd445b44bd:0xf349cceeef5e6df3!8m2!3d44.498982!4d-123.4771324!15sChxMYW5kc2NhcGluZyBDb3J2YWxsaXMgT3JlZ29uWh4iHGxhbmRzY2FwaW5nIGNvcnZhbGxpcyBvcmVnb26SAQpsYW5kc2NhcGVymgEjQ2haRFNVaE5NRzluUzBWS2NqQjBUak5WYlMxTFkweG5FQUXgAQD6AQQISBA5!16s%2Fg%2F11w9lndp80?entry=ttu&g_ep=EgoyMDI2MDQyOS4wIKXMDSoASAFQAw%3D%3D","http://bigleaflandscapes.com/","(541) 3518802","Landscaper","corvallis__construction-home-services","big-leaf-landscapes","/city/corvallis/construction-home-services/big-leaf-landscapes/",""
"Custom Landscape & Yard Maintenance, LLC","https://www.google.com/maps/place/Custom+Landscape+%26+Yard+Maintenance,+LLC/@44.5547104,-125.8284778,8z/data=!4m10!1m2!2m1!1sLandscaping+Corvallis+Oregon!3m6!1s0x54c03f6d94daadd5:0x4e70ed147c767bec!8m2!3d44.6764605!4d-123.4268919!15sChxMYW5kc2NhcGluZyBDb3J2YWxsaXMgT3JlZ29ukgERbGF3bl9jYXJlX3NlcnZpY2XgAQA!16s%2Fg%2F11g8vrhcpb?entry=ttu&g_ep=EgoyMDI2MDQyOS4wIKXMDSoASAFQAw%3D%3D","https://customlandscape.org/","(541) 6198240","Lawn care service","corvallis__construction-home-services","custom-landscape-yard-maintenance-llc","/city/corvallis/construction-home-services/custom-landscape-yard-maintenance-llc/",""
"CUSTOM VALLEY ROOFING LLC.","https://www.google.com/maps/place/CUSTOM+VALLEY+ROOFING+LLC./@44.5549944,-123.4771324,9z/data=!4m10!1m2!2m1!1sRoofing+Contractor+Corvallis+Oregon!3m6!1s0x89928d6961edaea1:0x3bbeb27e95e24e35!8m2!3d44.6631315!4d-123.4771324!15sCiNSb29maW5nIENvbnRyYWN0b3IgQ29ydmFsbGlzIE9yZWdvblolIiNyb29maW5nIGNvbnRyYWN0b3IgY29ydmFsbGlzIG9yZWdvbpIBEnJvb2ZpbmdfY29udHJhY3RvcpoBRENpOURRVWxSUVVOdlpFTm9kSGxqUmpsdlQyeFJOR013V25GTlJURktZMWRWZVU5VWJFbFhWMVpTWTFST01WRXlZeEFC4AEA-gEECGAQJA!16s%2Fg%2F11y3mv8vrb?entry=ttu&g_ep=EgoyMDI2MDQyOS4wIKXMDSoASAFQAw%3D%3D","http://customvalleyroofingllc.com/","(541) 3688879","Roofing contractor","corvallis__construction-home-services","custom-valley-roofing-llc","/city/corvallis/construction-home-services/custom-valley-roofing-llc/",""
"EO Landscaping","https://www.google.com/maps/place/EO+Landscaping/@44.7043941,-125.4705323,8z/data=!4m10!1m2!2m1!1sLandscaping+Corvallis+Oregon!3m6!1s0x54c11fd1fb4260e9:0xde29cca13fc1cb31!8m2!3d44.0568395!4d-122.9990969!15sChxMYW5kc2NhcGluZyBDb3J2YWxsaXMgT3JlZ29uWh4iHGxhbmRzY2FwaW5nIGNvcnZhbGxpcyBvcmVnb26SAQpsYW5kc2NhcGVymgEjQ2haRFNVaE5NRzluUzBWSlEwRm5TVVJxYkhKUGJrWm5FQUXgAQD6AQQIABBA!16s%2Fg%2F1tdlbfnm?entry=ttu&g_ep=EgoyMDI2MDQyOS4wIKXMDSoASAFQAw%3D%3D","https://www.eolandscaping.com/?utm_source=google&utm_medium=organic&utm_campaign=gbp","(541) 9125869","Landscaper","corvallis__construction-home-services","eo-landscaping","/city/corvallis/construction-home-services/eo-landscaping/",""
"Freestone Plumbing","https://www.google.com/maps/place/Freestone+Plumbing/@44.5501717,-142.8252951,5z/data=!4m10!1m2!2m1!1sPlumbers+Corvallis+Oregon!3m6!1s0xa4dc29d6091b240b:0x895d92fd67bdd8d!8m2!3d44.5889435!4d-123.1273009!15sChlQbHVtYmVycyBDb3J2YWxsaXMgT3JlZ29uWhsiGXBsdW1iZXJzIGNvcnZhbGxpcyBvcmVnb26SAQdwbHVtYmVymgFEQ2k5RFFVbFJRVU52WkVOb2RIbGpSamx2VDI1cmVHUXlkR2xaVkZKTFdURldkMkZVV21aVE1UbENUMWRrZDFFell4QULgAQD6AQQIABAn!16s%2Fg%2F11y17ph8x0?entry=ttu&g_ep=EgoyMDI2MDQyOS4wIKXMDSoASAFQAw%3D%3D","https://www.freestoneplumbing.com/","(541) 7600133","Plumber","corvallis__construction-home-services","freestone-plumbing","/city/corvallis/construction-home-services/freestone-plumbing/",""
"L. Gu Trees and Beyond LLC","https://www.google.com/maps/place/L.+Gu+Trees+and+Beyond+LLC/@44.5547104,-125.8284778,8z/data=!4m10!1m2!2m1!1sLandscaping+Corvallis+Oregon!3m6!1s0xade380f963ccc793:0x629ad43624ae14e3!8m2!3d44.60048!4d-123.2081784!15sChxMYW5kc2NhcGluZyBDb3J2YWxsaXMgT3JlZ29uWh4iHGxhbmRzY2FwaW5nIGNvcnZhbGxpcyBvcmVnb26SAQx0cmVlX3NlcnZpY2WaASRDaGREU1VoTk1HOW5TMFZKUTBGblNVUllOMUJpVjE5QlJSQULgAQD6AQQIfhBH!16s%2Fg%2F11s59b3z51?entry=ttu&g_ep=EgoyMDI2MDQyOS4wIKXMDSoASAFQAw%3D%3D","https://www.lgutreesandbeyond.com/","(541) 6020831","Tree service","corvallis__construction-home-services","l-gu-trees-and-beyond-llc","/city/corvallis/construction-home-services/l-gu-trees-and-beyond-llc/",""
"Lakeside Environmental Landscape Maintenance LLC","https://www.google.com/maps/place/Lakeside+Environmental+Landscape+Maintenance+LLC/@44.5547104,-125.8284778,8z/data=!4m10!1m2!2m1!1sLandscaping+Corvallis+Oregon!3m6!1s0x54c05aab1826ea61:0xc091a5111a8c966c!8m2!3d46.423669!4d-129.9427086!15sChxMYW5kc2NhcGluZyBDb3J2YWxsaXMgT3JlZ29ukgEKbGFuZHNjYXBlcuABAA!16s%2Fg%2F1tcwwfwq?entry=ttu&g_ep=EgoyMDI2MDQyOS4wIKXMDSoASAFQAw%3D%3D","http://www.facebook.com/lakesideelm","(541) 7601247","Landscaper","corvallis__construction-home-services","lakeside-environmental-landscape-maintenance-llc","/city/corvallis/construction-home-services/lakeside-environmental-landscape-maintenance-llc/",""
"Northwest Naturescapes","https://www.google.com/maps/place/Northwest+Naturescapes/@44.5547104,-125.8284778,8z/data=!4m10!1m2!2m1!1sLandscaping+Corvallis+Oregon!3m6!1s0x54c03e722556aaab:0x330c48deaf40569f!8m2!3d44.563567!4d-123.2836305!15sChxMYW5kc2NhcGluZyBDb3J2YWxsaXMgT3JlZ29uWh4iHGxhbmRzY2FwaW5nIGNvcnZhbGxpcyBvcmVnb26SAQpsYW5kc2NhcGVymgFEQ2k5RFFVbFJRVU52WkVOb2RIbGpSamx2VDIxR05WbFZiRlZaVkVKelRrUkJlRmRHVG1aa2JWSjBZbFZ3UkZKclJSQULgAQD6AQUI0wEQNg!16s%2Fg%2F11rxh_1dbs?entry=ttu&g_ep=EgoyMDI2MDQyOS4wIKXMDSoASAFQAw%3D%3D","https://www.northwest-naturescapes.com/","(541) 2311516","Landscaper","corvallis__construction-home-services","northwest-naturescapes","/city/corvallis/construction-home-services/northwest-naturescapes/",""
"Oscar's LawnCare LLC","https://www.google.com/maps/place/Oscar's+LawnCare+LLC/@44.5547104,-125.8284778,8z/data=!4m10!1m2!2m1!1sLandscaping+Corvallis+Oregon!3m6!1s0x8e61c339f11e3f2b:0x73b0412b44e8ac41!8m2!3d44.719779!4d-123.1098659!15sChxMYW5kc2NhcGluZyBDb3J2YWxsaXMgT3JlZ29uWh4iHGxhbmRzY2FwaW5nIGNvcnZhbGxpcyBvcmVnb26SAQpsYW5kc2NhcGVymgFEQ2k5RFFVbFJRVU52WkVOb2RIbGpSamx2VDJ0V1dWRnViRTFXVjNoVldWZEtUMVZIY0c5aE0xVjVXak5TVlZkVlJSQULgAQD6AQUIpwEQSg!16s%2Fg%2F11vxpgr_jv?entry=ttu&g_ep=EgoyMDI2MDQyOS4wIKXMDSoASAFQAw%3D%3D","http://landscapercorvallisor.com/","(541) 2086425","Landscaper","corvallis__construction-home-services","oscar-s-lawncare-llc","/city/corvallis/construction-home-services/oscar-s-lawncare-llc/",""
"Palmar Roofing & Siding","https://www.google.com/maps/place/Palmar+Roofing+%26+Siding/@44.5549944,-123.4771324,9z/data=!4m10!1m2!2m1!1sRoofing+Contractor+Corvallis+Oregon!3m6!1s0x603ccda1def1cfc9:0x8b5ec499a8a40af7!8m2!3d44.5020315!4d-123.5093945!15sCiNSb29maW5nIENvbnRyYWN0b3IgQ29ydmFsbGlzIE9yZWdvblolIiNyb29maW5nIGNvbnRyYWN0b3IgY29ydmFsbGlzIG9yZWdvbpIBEnJvb2ZpbmdfY29udHJhY3RvcpoBJENoZERTVWhOTUc5blMwVkpRMEZuU1VOV2JFNTZjM05uUlJBQuABAPoBBAglEEI!16s%2Fg%2F11v021lb21?entry=ttu&g_ep=EgoyMDI2MDQyOS4wIKXMDSoASAFQAw%3D%3D","http://www.palmarroofingandsiding.com/","(541) 8293435","Roofing contractor","corvallis__construction-home-services","palmar-roofing-siding","/city/corvallis/construction-home-services/palmar-roofing-siding/",""
"Phil Howard Construction LLC","https://www.google.com/maps/place/Phil+Howard+Construction+LLC/@44.6435067,-125.2707386,9z/data=!4m10!1m2!2m1!1sRoofing+Contractor+Corvallis+Oregon!3m6!1s0x54c03f7e5fa65ad5:0xd8cae5321dc1e51a!8m2!3d44.6764605!4d-123.4268919!15sCiNSb29maW5nIENvbnRyYWN0b3IgQ29ydmFsbGlzIE9yZWdvblolIiNyb29maW5nIGNvbnRyYWN0b3IgY29ydmFsbGlzIG9yZWdvbpIBFGNvbnN0cnVjdGlvbl9jb21wYW55mgEjQ2haRFNVaE5NRzluUzBWSlEwRm5TVU5pTVVremVXSjNFQUXgAQD6AQQIbBBJ!16s%2Fg%2F1tfx4mjz?entry=ttu&g_ep=EgoyMDI2MDQyOS4wIKXMDSoASAFQAw%3D%3D","http://philhowardconstruction.com/","(541) 7577829","Construction company","corvallis__construction-home-services","phil-howard-construction-llc","/city/corvallis/construction-home-services/phil-howard-construction-llc/",""
"Ramos Landscape Maintenance LLC","https://www.google.com/maps/place/Ramos+Landscape+Maintenance+LLC/@44.5547104,-125.8284778,8z/data=!4m10!1m2!2m1!1sLandscaping+Corvallis+Oregon!3m6!1s0x449acf7ceeaa1f69:0x515c98c8b62b3aea!8m2!3d44.7590935!4d-123.1273009!15sChxMYW5kc2NhcGluZyBDb3J2YWxsaXMgT3JlZ29uWh4iHGxhbmRzY2FwaW5nIGNvcnZhbGxpcyBvcmVnb26SARFsYXduX2NhcmVfc2VydmljZZoBRENpOURRVWxSUVVOdlpFTm9kSGxqUmpsdlQyeGFkR050VGxsV1JVcDBZa2RPUTFWWE5VZFdWa3BzWlVZNWJXUklZeEFC4AEA-gEECAAQOA!16s%2Fg%2F11vph2jyxs?entry=ttu&g_ep=EgoyMDI2MDQyOS4wIKXMDSoASAFQAw%3D%3D","https://www.ramosmaintenance.com/","(541) 7609578","Lawn care service","corvallis__construction-home-services","ramos-landscape-maintenance-llc","/city/corvallis/construction-home-services/ramos-landscape-maintenance-llc/",""
"Superior Electric","https://www.google.com/maps/place/Superior+Electric/@44.5619717,-123.8705985,10z/data=!4m10!1m2!2m1!1sElectricians+Corvallis+Oregon!3m6!1s0x54c040d9e2155555:0x60910e716e8894db!8m2!3d44.598089!4d-123.2081784!15sCh1FbGVjdHJpY2lhbnMgQ29ydmFsbGlzIE9yZWdvbpIBC2VsZWN0cmljaWFu4AEA!16s%2Fg%2F11h3vc3wf9?entry=ttu&g_ep=EgoyMDI2MDQyOS4wIKXMDSoASAFQAw%3D%3D","","(541) 7571638","Electrician","corvallis__construction-home-services","superior-electric","/city/corvallis/construction-home-services/superior-electric/",""
"Terrace Hardscaping","https://www.google.com/maps/place/Terrace+Hardscaping/@44.5547104,-125.8284778,8z/data=!4m10!1m2!2m1!1sLandscaping+Corvallis+Oregon!3m6!1s0x54c03f7f5a871d37:0x9e0cc4f0745fce58!8m2!3d44.5020315!4d-122.2898674!15sChxMYW5kc2NhcGluZyBDb3J2YWxsaXMgT3JlZ29uWh4iHGxhbmRzY2FwaW5nIGNvcnZhbGxpcyBvcmVnb26SARJsYW5kc2NhcGVfZGVzaWduZXKaAURDaTlEUVVsUlFVTnZaRU5vZEhsalJqbHZUMnBLYlZOc1RscE9NRTR3V1ZWR2NWZEhZekZXTUZadllrVmFUVnBIWXhBQuABAPoBBQi1ARBC!16s%2Fg%2F11dxpgnsfn?entry=ttu&g_ep=EgoyMDI2MDQyOS4wIKXMDSoASAFQAw%3D%3D","http://www.terracehardscaping.com/","(541) 9362341","Landscape designer","corvallis__construction-home-services","terrace-hardscaping","/city/corvallis/construction-home-services/terrace-hardscaping/",""
"Thevenin Electric","https://www.google.com/maps/place/Thevenin+Electric/@44.5619717,-123.8705985,10z/data=!4m10!1m2!2m1!1sElectricians+Corvallis+Oregon!3m6!1s0x244f0ecea337dbf5:0x324525c9b8a0bb86!8m2!3d44.6989626!4d-123.045901!15sCh1FbGVjdHJpY2lhbnMgQ29ydmFsbGlzIE9yZWdvblofIh1lbGVjdHJpY2lhbnMgY29ydmFsbGlzIG9yZWdvbpIBC2VsZWN0cmljaWFu4AEA!16s%2Fg%2F11ms017wyj?entry=ttu&g_ep=EgoyMDI2MDQyOS4wIKXMDSoASAFQAw%3D%3D","https://theveninelectric.com/","(541) 2503503","Electrician","corvallis__construction-home-services","thevenin-electric","/city/corvallis/construction-home-services/thevenin-electric/",""
"Top Grade Plumbing, LLC","https://www.google.com/maps/place/Top+Grade+Plumbing,+LLC/@44.5501717,-142.8252951,5z/data=!4m10!1m2!2m1!1sPlumbers+Corvallis+Oregon!3m6!1s0x2fc972846b1f9a4d:0xf2c9cfa0a17bfe7b!8m2!3d44.820183!4d-123.2415075!15sChlQbHVtYmVycyBDb3J2YWxsaXMgT3JlZ29uWhsiGXBsdW1iZXJzIGNvcnZhbGxpcyBvcmVnb26SAQdwbHVtYmVymgEkQ2hkRFNVaE5NRzluUzBWSlEwRm5TVVE1TW5abVptZFJSUkFC4AEA-gEECAAQMw!16s%2Fg%2F11y2j_f2q8?entry=ttu&g_ep=EgoyMDI2MDQyOS4wIKXMDSoASAFQAw%3D%3D","https://topgradeplumbingllc.com/","(541) 7520481","Plumber","corvallis__construction-home-services","top-grade-plumbing-llc","/city/corvallis/construction-home-services/top-grade-plumbing-llc/",""
"Valley Roof Care","https://www.google.com/maps/place/Valley+Roof+Care/@44.5549944,-123.4771324,9z/data=!4m10!1m2!2m1!1sRoofing+Contractor+Corvallis+Oregon!3m6!1s0x54c038aac4495555:0x5b60134f24ad5cc4!8m2!3d44.563567!4d-123.3074725!15sCiNSb29maW5nIENvbnRyYWN0b3IgQ29ydmFsbGlzIE9yZWdvblolIiNyb29maW5nIGNvbnRyYWN0b3IgY29ydmFsbGlzIG9yZWdvbpIBF2d1dHRlcl9jbGVhbmluZ19zZXJ2aWNlmgEjQ2haRFNVaE5NRzluUzBWSlEwRm5TVU5QTkhNeU9HWkJFQUXgAQD6AQQIThBK!16s%2Fg%2F11h5q8jtyt?entry=ttu&g_ep=EgoyMDI2MDQyOS4wIKXMDSoASAFQAw%3D%3D","http://valleyroofcare.com/","(541) 2860522","Gutter cleaning service","corvallis__construction-home-services","valley-roof-care","/city/corvallis/construction-home-services/valley-roof-care/",""
"Yellow Stone Landscaping","https://www.google.com/maps/place/Yellow+Stone+Landscaping/@44.7043941,-125.4705323,8z/data=!4m10!1m2!2m1!1sLandscaping+Corvallis+Oregon!3m6!1s0x54c041a6972da349:0x38aabf2f2b172761!8m2!3d44.49405!4d-123.3929466!15sChxMYW5kc2NhcGluZyBDb3J2YWxsaXMgT3JlZ29ukgEKbGFuZHNjYXBlcuABAA!16s%2Fg%2F11ft4j9bft?entry=ttu&g_ep=EgoyMDI2MDQyOS4wIKXMDSoASAFQAw%3D%3D","","(541) 2316285","Landscaper","corvallis__construction-home-services","yellow-stone-landscaping","/city/corvallis/construction-home-services/yellow-stone-landscaping/",""
"Jessica Larsen, LMT","https://www.google.com/maps/place/Jessica+Larsen,+LMT/@46.423669,-129.9808174,14z/data=!4m11!1m3!2m2!1sMassage+Therapists+Corvallis+Oregon!6e1!3m6!1s0x7eaaf167f2c45ab:0x2f40ca4b4c47e257!8m2!3d46.423669!4d-129.9427086!15sCiNNYXNzYWdlIFRoZXJhcGlzdHMgQ29ydmFsbGlzIE9yZWdvblolIiNtYXNzYWdlIHRoZXJhcGlzdHMgY29ydmFsbGlzIG9yZWdvbpIBEW1hc3NhZ2VfdGhlcmFwaXN0mgEkQ2hkRFNVaE5NRzluUzBWSlEwRm5TVVJsTURVM2FUWm5SUkFC4AEA-gEECD8QRQ!16s%2Fg%2F11tfw769y9?entry=ttu&g_ep=EgoyMDI2MDQyOS4wIKXMDSoASAFQAw%3D%3D","http://www.massagecorvallis.com/","(917) 6797296","Massage therapist","corvallis__health-wellness","jessica-larsen-lmt","/city/corvallis/health-wellness/jessica-larsen-lmt/",""
"Dan Armstrong Attorney at Law","https://www.google.com/maps/place/Dan+Armstrong+Attorney+at+Law/@44.4929815,-123.3372278,15z/data=!4m10!1m2!2m1!1sLaw+Firms+Corvallis+Oregon!3m6!1s0x54c0478824a3f989:0x96104dfbfb56d470!8m2!3d44.4929815!4d-123.3181734!15sChpMYXcgRmlybXMgQ29ydmFsbGlzIE9yZWdvblocIhpsYXcgZmlybXMgY29ydmFsbGlzIG9yZWdvbpIBBmxhd3llcuABAA!16s%2Fg%2F11n1vfp71n?entry=ttu&g_ep=EgoyMDI2MDQyOS4wIKXMDSoASAFQAw%3D%3D","https://danarmstronglaw.com/","(541) 2318206","Attorney","corvallis__legal-services","dan-armstrong-attorney-at-law","/city/corvallis/legal-services/dan-armstrong-attorney-at-law/",""
"Bianca's Retreat","https://www.google.com/maps/place/Bianca's+Retreat/@46.423669,-129.9427085,4z/data=!4m11!1m3!2m2!1sDay+Spas+Eugene+Oregon!6e1!3m6!1s0x54c11feae6309b39:0xee60c7401486498c!8m2!3d46.423669!4d-129.9427086!15sChZEYXkgU3BhcyBFdWdlbmUgT3JlZ29uWhgiFmRheSBzcGFzIGV1Z2VuZSBvcmVnb26SAR5ob2xpc3RpY19tZWRpY2luZV9wcmFjdGl0aW9uZXKaASRDaGREU1VoTk1HOW5TMFZKUTBGblNVUkNhMW96WVhsQlJSQULgAQD6AQQIWBAq!16s%2Fg%2F11hycry9hh?entry=ttu&g_ep=EgoyMDI2MDQyOS4wIKXMDSoASAFQAw%3D%3D","https://square.site/book/C2QFJBXYJMA9Q/bianca-s-retreat","","Holistic medicine practitioner","eugene__beauty-personal-care","bianca-s-retreat","/city/eugene/beauty-personal-care/bianca-s-retreat/",""
"AKreative Digital Marketing","https://www.google.com/maps/place/AKreative+Digital+Marketing/@44.049719,-127.9711028,7z/data=!4m10!1m2!2m1!1sWeb+Design+and+Digital+Marketing+Eugene+Oregon!3m6!1s0x56d39259ddeee4f:0xddb6b74dbe420d5b!8m2!3d44.0599225!4d-123.0438149!15sCi5XZWIgRGVzaWduIGFuZCBEaWdpdGFsIE1hcmtldGluZyBFdWdlbmUgT3JlZ29uWjAiLndlYiBkZXNpZ24gYW5kIGRpZ2l0YWwgbWFya2V0aW5nIGV1Z2VuZSBvcmVnb26SARBtYXJrZXRpbmdfYWdlbmN5mgFEQ2k5RFFVbFJRVU52WkVOb2RIbGpSamx2VDJzeFNWVlVRbGxaYWxKMVkxWk9SMlJxV2pGT1JURnVZVk13ZWxFeVl4QULgAQD6AQQIABA8!16s%2Fg%2F11vc5pg57j?entry=ttu&g_ep=EgoyMDI2MDQyOS4wIKXMDSoASAFQAw%3D%3D","https://akreativedm.com/","(541) 3736553","Marketing agency","eugene__business-professional-services","akreative-digital-marketing","/city/eugene/business-professional-services/akreative-digital-marketing/",""
"Arago Website Co","https://www.google.com/maps/place/Arago+Website+Co/@42.2733234,-88.6156152,7z/data=!4m10!1m2!2m1!1sWeb+Design+and+Digital+Marketing+Eugene+Oregon!3m6!1s0x6e8c7e06f106b267:0xd2d69e54351af6bb!8m2!3d42.2733234!4d-83.7376855!15sCi5XZWIgRGVzaWduIGFuZCBEaWdpdGFsIE1hcmtldGluZyBFdWdlbmUgT3JlZ29uWjAiLndlYiBkZXNpZ24gYW5kIGRpZ2l0YWwgbWFya2V0aW5nIGV1Z2VuZSBvcmVnb26SARB3ZWJzaXRlX2Rlc2lnbmVymgFEQ2k5RFFVbFJRVU52WkVOb2RIbGpSamx2VDJwU2MxRnJWbWhNV0ZaVlZsWTVWMDR6Y0VWa1IzaFpWRWhTUm1Sc1JSQULgAQD6AQUImgIQRw!16s%2Fg%2F11xdqcff3_?entry=ttu&g_ep=EgoyMDI2MDQyOS4wIKXMDSoASAFQAw%3D%3D","http://aragowebsiteco.com/","","Website designer","eugene__business-professional-services","arago-website-co","/city/eugene/business-professional-services/arago-website-co/",""
"Bloem Creations","https://www.google.com/maps/place/Bloem+Creations/@44.0687842,-127.9785601,7z/data=!4m10!1m2!2m1!1sWeb+Design+and+Digital+Marketing+Eugene+Oregon!3m6!1s0xad872a0e685152a5:0xa86a3c6bfd40678!8m2!3d45.5863375!4d-120.1621779!15sCi5XZWIgRGVzaWduIGFuZCBEaWdpdGFsIE1hcmtldGluZyBFdWdlbmUgT3JlZ29uWjAiLndlYiBkZXNpZ24gYW5kIGRpZ2l0YWwgbWFya2V0aW5nIGV1Z2VuZSBvcmVnb26SARB3ZWJzaXRlX2Rlc2lnbmVymgEkQ2hkRFNVaE5NRzluUzBWSlEwRm5UVVJuTWpsTVZ5MVJSUkFC4AEA-gEFCPYCEEE!16s%2Fg%2F11y51dn53l?entry=ttu&g_ep=EgoyMDI2MDQyOS4wIKXMDSoASAFQAw%3D%3D","https://bloemcreations.com/","","Website designer","eugene__business-professional-services","bloem-creations","/city/eugene/business-professional-services/bloem-creations/",""
"Fairbuilt Design Studio","https://www.google.com/maps/place/Fairbuilt+Design+Studio/@44.0538553,-127.9825365,7z/data=!4m10!1m2!2m1!1sWeb+Design+and+Digital+Marketing+Eugene+Oregon!3m6!1s0x54c11f308fb1023d:0x25c1d6bdf0f3179e!8m2!3d44.8427409!4d-122.2260429!15sCi5XZWIgRGVzaWduIGFuZCBEaWdpdGFsIE1hcmtldGluZyBFdWdlbmUgT3JlZ29uWjAiLndlYiBkZXNpZ24gYW5kIGRpZ2l0YWwgbWFya2V0aW5nIGV1Z2VuZSBvcmVnb26SAQ1kZXNpZ25fYWdlbmN54AEA!16s%2Fg%2F11lgy8nt6c?entry=ttu&g_ep=EgoyMDI2MDQyOS4wIKXMDSoASAFQAw%3D%3D","http://builtfair.com/","(541) 2900363","Design agency","eugene__business-professional-services","fairbuilt-design-studio","/city/eugene/business-professional-services/fairbuilt-design-studio/",""
"Kim Design Oregon, LLC","https://www.google.com/maps/place/Kim+Design+Oregon,+LLC/@44.0687842,-127.9785601,7z/data=!4m10!1m2!2m1!1sWeb+Design+and+Digital+Marketing+Eugene+Oregon!3m6!1s0x54c11f4e04158521:0xee4aaa1f75b62e3a!8m2!3d44.820183!4d-122.2898674!15sCi5XZWIgRGVzaWduIGFuZCBEaWdpdGFsIE1hcmtldGluZyBFdWdlbmUgT3JlZ29ukgEQd2Vic2l0ZV9kZXNpZ25lcuABAA!16s%2Fg%2F11h4n9sswv?entry=ttu&g_ep=EgoyMDI2MDQyOS4wIKXMDSoASAFQAw%3D%3D","https://www.kimdesignoregon.com/","(541) 3374340","Website designer","eugene__business-professional-services","kim-design-oregon-llc","/city/eugene/business-professional-services/kim-design-oregon-llc/",""
"Kuhn Design Group","https://www.google.com/maps/place/Kuhn+Design+Group/@46.423669,-134.8206383,7z/data=!4m10!1m2!2m1!1sWeb+Design+and+Digital+Marketing+Eugene+Oregon!3m6!1s0x54c11da7b3a5bd6b:0x211ea360c7781132!8m2!3d46.423669!4d-129.9427086!15sCi5XZWIgRGVzaWduIGFuZCBEaWdpdGFsIE1hcmtldGluZyBFdWdlbmUgT3JlZ29uWjAiLndlYiBkZXNpZ24gYW5kIGRpZ2l0YWwgbWFya2V0aW5nIGV1Z2VuZSBvcmVnb26SARBncmFwaGljX2Rlc2lnbmVymgEjQ2haRFNVaE5NRzluUzBWSlEwRm5TVU0zZEUxaWJHUlJFQUXgAQD6AQUIygEQTA!16s%2Fg%2F11gy2mk353?entry=ttu&g_ep=EgoyMDI2MDQyOS4wIKXMDSoASAFQAw%3D%3D","https://kuhndesigngroup.com/","(541) 5150768","Graphic designer","eugene__business-professional-services","kuhn-design-group","/city/eugene/business-professional-services/kuhn-design-group/",""
"Northwest Brand Design","https://www.google.com/maps/place/Northwest+Brand+Design/@44.0687842,-127.9785601,7z/data=!4m10!1m2!2m1!1sWeb+Design+and+Digital+Marketing+Eugene+Oregon!3m6!1s0xaaf2170817499b85:0xa7f990029e9c3092!8m2!3d44.1455904!4d-120.5834015!15sCi5XZWIgRGVzaWduIGFuZCBEaWdpdGFsIE1hcmtldGluZyBFdWdlbmUgT3JlZ29uWjAiLndlYiBkZXNpZ24gYW5kIGRpZ2l0YWwgbWFya2V0aW5nIGV1Z2VuZSBvcmVnb26SAQ1kZXNpZ25fYWdlbmN5mgEjQ2haRFNVaE5NRzluUzBWSlEwRm5TVU5rTkZsSVEwcEJFQUXgAQD6AQQIABAx!16s%2Fg%2F11kj4sx4x3?entry=ttu&g_ep=EgoyMDI2MDQyOS4wIKXMDSoASAFQAw%3D%3D","http://www.nwbranddesign.com/","(541) 5256027","Design agency","eugene__business-professional-services","northwest-brand-design","/city/eugene/business-professional-services/northwest-brand-design/",""
"Oregon Web Solutions Eugene SEO","https://www.google.com/maps/place/Oregon+Web+Solutions+Eugene+SEO/@44.0687842,-127.9785601,7z/data=!4m10!1m2!2m1!1sWeb+Design+and+Digital+Marketing+Eugene+Oregon!3m6!1s0x54c11f5ec58de92f:0x8524a73e2df16335!8m2!3d44.0599225!4d-123.0438149!15sCi5XZWIgRGVzaWduIGFuZCBEaWdpdGFsIE1hcmtldGluZyBFdWdlbmUgT3JlZ29uWjAiLndlYiBkZXNpZ24gYW5kIGRpZ2l0YWwgbWFya2V0aW5nIGV1Z2VuZSBvcmVnb26SARppbnRlcm5ldF9tYXJrZXRpbmdfc2VydmljZZoBI0NoWkRTVWhOTUc5blMwVkpRMEZuU1VOZloyVkxRbEZCRUFF4AEA-gEFCKkBEEo!16s%2Fg%2F11gsbjld96?entry=ttu&g_ep=EgoyMDI2MDQyOS4wIKXMDSoASAFQAw%3D%3D","https://www.oregonwebsolutions.com/eugene-seo/","(541) 2387222","Internet marketing service","eugene__business-professional-services","oregon-web-solutions-eugene-seo","/city/eugene/business-professional-services/oregon-web-solutions-eugene-seo/",""
"Supernova Creative Studio","https://www.google.com/maps/place/Supernova+Creative+Studio/@46.423669,-134.8206383,7z/data=!4m10!1m2!2m1!1sWeb+Design+and+Digital+Marketing+Eugene+Oregon!3m6!1s0x54c11daf50898a9b:0xe6ae4121aa9158d0!8m2!3d46.423669!4d-129.9427086!15sCi5XZWIgRGVzaWduIGFuZCBEaWdpdGFsIE1hcmtldGluZyBFdWdlbmUgT3JlZ29uWjAiLndlYiBkZXNpZ24gYW5kIGRpZ2l0YWwgbWFya2V0aW5nIGV1Z2VuZSBvcmVnb26SARBncmFwaGljX2Rlc2lnbmVymgEjQ2haRFNVaE5NRzluUzBWSlEwRm5TVU10TlhWVGMwRm5FQUXgAQD6AQQIABBF!16s%2Fg%2F11g_pnwr1t?entry=ttu&g_ep=EgoyMDI2MDQyOS4wIKXMDSoASAFQAw%3D%3D","https://www.supernovacreativestudio.com/","(206) 2403855","Graphic designer","eugene__business-professional-services","supernova-creative-studio","/city/eugene/business-professional-services/supernova-creative-studio/",""
"The Talk of the Town/ Amazing Design","https://www.google.com/maps/place/The+Talk+of+the+Town%2F+Amazing+Design/@44.049719,-127.9711028,7z/data=!4m10!1m2!2m1!1sWeb+Design+and+Digital+Marketing+Eugene+Oregon!3m6!1s0x54c0e1fe82453711:0xbcb7dfdc6ad7311a!8m2!3d44.1455904!4d-120.5834015!15sCi5XZWIgRGVzaWduIGFuZCBEaWdpdGFsIE1hcmtldGluZyBFdWdlbmUgT3JlZ29ukgEUbWFya2V0aW5nX2NvbnN1bHRhbnTgAQA!16s%2Fg%2F11d_788wkh?entry=ttu&g_ep=EgoyMDI2MDQyOS4wIKXMDSoASAFQAw%3D%3D","https://thetalkofthetown.net/","(541) 3351912","Marketing consultant","eugene__business-professional-services","the-talk-of-the-town-amazing-design","/city/eugene/business-professional-services/the-talk-of-the-town-amazing-design/",""
"Uyo Digital Marketing","https://www.google.com/maps/place/Uyo+Digital+Marketing/@44.0456994,-127.9664135,7z/data=!4m10!1m2!2m1!1sWeb+Design+and+Digital+Marketing+Eugene+Oregon!3m6!1s0x54c11dd4ce09f16b:0x3ec46be565c69e6!8m2!3d46.423669!4d-129.9427086!15sCi5XZWIgRGVzaWduIGFuZCBEaWdpdGFsIE1hcmtldGluZyBFdWdlbmUgT3JlZ29uWjAiLndlYiBkZXNpZ24gYW5kIGRpZ2l0YWwgbWFya2V0aW5nIGV1Z2VuZSBvcmVnb26SARBtYXJrZXRpbmdfYWdlbmN5mgEkQ2hkRFNVaE5NRzluUzBWSlEwRm5TVU5sZWtsaVJISlJSUkFC4AEA-gEECAAQPg!16s%2Fg%2F11j20k_xvm?entry=ttu&g_ep=EgoyMDI2MDQyOS4wIKXMDSoASAFQAw%3D%3D","http://uyodigitalmarketing.com/","(541) 4143423","Marketing agency","eugene__business-professional-services","uyo-digital-marketing","/city/eugene/business-professional-services/uyo-digital-marketing/",""
"Wildwood SEO","https://www.google.com/maps/place/Wildwood+SEO/@44.0687842,-127.9785601,7z/data=!4m10!1m2!2m1!1sWeb+Design+and+Digital+Marketing+Eugene+Oregon!3m6!1s0x54c11e6905432b19:0xc908732aa1a927a2!8m2!3d46.423669!4d-129.9427086!15sCi5XZWIgRGVzaWduIGFuZCBEaWdpdGFsIE1hcmtldGluZyBFdWdlbmUgT3JlZ29ukgEQbWFya2V0aW5nX2FnZW5jeeABAA!16s%2Fg%2F1pxq5_m4m?entry=ttu&g_ep=EgoyMDI2MDQyOS4wIKXMDSoASAFQAw%3D%3D","http://wildwoodseo.com/","(541) 9462068","Marketing agency","eugene__business-professional-services","wildwood-seo","/city/eugene/business-professional-services/wildwood-seo/",""
"Acer Landscape & Lawn Care","https://www.google.com/maps/place/Acer+Landscape+%26+Lawn+Care/@44.0568395,-122.9990969,9z/data=!4m10!1m2!2m1!1sLandscaping+Eugene+Oregon!3m6!1s0x23d7db93662bd4d1:0x2493affe0cc90088!8m2!3d44.0599225!4d-123.122194!15sChlMYW5kc2NhcGluZyBFdWdlbmUgT3JlZ29uWhsiGWxhbmRzY2FwaW5nIGV1Z2VuZSBvcmVnb26SAQpsYW5kc2NhcGVymgEjQ2haRFNVaE5NRzluUzBWSlEwRm5TVU51ZGsxTGNHVlJFQUXgAQD6AQUIjgIQOw!16s%2Fg%2F11vwgtv9q9?entry=ttu&g_ep=EgoyMDI2MDQyOS4wIKXMDSoASAFQAw%3D%3D","https://acer-landscape.com/","(541) 3351252","Landscaper","eugene__construction-home-services","acer-landscape-lawn-care","/city/eugene/construction-home-services/acer-landscape-lawn-care/",""
"Action Drain LLCPlumbing Eugene","https://www.google.com/maps/place/Action+Drain+LLC-Plumbing+Eugene/@43.7305655,-123.1598616,8z/data=!4m10!1m2!2m1!1sPlumbers+Eugene+Oregon!3m6!1s0x209addb71f7a7c5f:0xd2baec61e3d19753!8m2!3d43.863966!4d-122.9990969!15sChZQbHVtYmVycyBFdWdlbmUgT3JlZ29uWhgiFnBsdW1iZXJzIGV1Z2VuZSBvcmVnb26SAQdwbHVtYmVymgFEQ2k5RFFVbFJRVU52WkVOb2RIbGpSamx2VDJwU2NVMXFZM2RpZWtKaFUyMTRWbFZHYUZoaFZ6RnBUMFprZWxOWFl4QULgAQD6AQQIABBH!16s%2Fg%2F11q94bffxr?entry=ttu&g_ep=EgoyMDI2MDQyOS4wIKXMDSoASAFQAw%3D%3D","","(541) 9544948","Plumber","eugene__construction-home-services","action-drain-llcplumbing-eugene","/city/eugene/construction-home-services/action-drain-llcplumbing-eugene/",""
"All in one plumbing and Construction","https://www.google.com/maps/place/All+in+one+plumbing+and+Construction/@43.7305655,-123.1598616,8z/data=!4m10!1m2!2m1!1sPlumbers+Eugene+Oregon!3m6!1s0x54c11e40760c8cdf:0xc5856008c2c18dba!8m2!3d44.068296!4d-122.9990969!15sChZQbHVtYmVycyBFdWdlbmUgT3JlZ29uWhgiFnBsdW1iZXJzIGV1Z2VuZSBvcmVnb26SAQdwbHVtYmVymgFEQ2k5RFFVbFJRVU52WkVOb2RIbGpSamx2VDJ0MFZGUkZiR2xXTUhSUlkwVjBUVTFYZUdaT2JHaFJVV3hPTW1ReFJSQULgAQD6AQQIABBM!16s%2Fg%2F1w04jv5_?entry=ttu&g_ep=EgoyMDI2MDQyOS4wIKXMDSoASAFQAw%3D%3D","https://www.allinonepnc.com/","(541) 9538126","Plumber","eugene__construction-home-services","all-in-one-plumbing-and-construction","/city/eugene/construction-home-services/all-in-one-plumbing-and-construction/",""
"Alta Plumbing","https://www.google.com/maps/place/Alta+Plumbing/@43.7305655,-123.1598616,8z/data=!4m10!1m2!2m1!1sPlumbers+Eugene+Oregon!3m6!1s0x438c57599aedc94b:0x5b7da75aac49f428!8m2!3d44.0283285!4d-122.9053414!15sChZQbHVtYmVycyBFdWdlbmUgT3JlZ29uWhgiFnBsdW1iZXJzIGV1Z2VuZSBvcmVnb26SAQdwbHVtYmVymgEkQ2hkRFNVaE5NRzluUzBWSlEwRm5TVVJ1TjBsUE5XdG5SUkFC4AEA-gEECAAQMw!16s%2Fg%2F11w1jt3k4p?entry=ttu&g_ep=EgoyMDI2MDQyOS4wIKXMDSoASAFQAw%3D%3D","https://alta-plumbing.com/?utm_source=google&utm_medium=organic&utm_campaign=gbp-listing","(541) 3216963","Plumber","eugene__construction-home-services","alta-plumbing","/city/eugene/construction-home-services/alta-plumbing/",""
"Ants Concrete LLC","https://www.google.com/maps/place/Ants+Concrete+LLC/@43.9924869,-122.9990969,8z/data=!4m10!1m2!2m1!1sConcrete+Contractors+Eugene+Oregon!3m6!1s0x54c0e14837a6c37b:0xcce012a4a45a1b02!8m2!3d44.0223175!4d-122.9990969!15sCiJDb25jcmV0ZSBDb250cmFjdG9ycyBFdWdlbmUgT3JlZ29uWiQiImNvbmNyZXRlIGNvbnRyYWN0b3JzIGV1Z2VuZSBvcmVnb26SARNjb25jcmV0ZV9jb250cmFjdG9ymgFEQ2k5RFFVbFJRVU52WkVOb2RIbGpSamx2VDIxa1ZWWXhTbE5VYmxaNFRWTXhWRmxzU25aV2Eyc3hVVmhOTVZKdVl4QULgAQD6AQQIPxA6!16s%2Fg%2F11nx1g0q23?entry=ttu&g_ep=EgoyMDI2MDQyOS4wIKXMDSoASAFQAw%3D%3D","","(541) 7354836","Concrete contractor","eugene__construction-home-services","ants-concrete-llc","/city/eugene/construction-home-services/ants-concrete-llc/",""
"Back to the Roots Landscaping","https://www.google.com/maps/place/Back+to+the+Roots+Landscaping/@44.0568395,-122.9990969,9z/data=!4m10!1m2!2m1!1sLandscaping+Eugene+Oregon!3m6!1s0x21ddc5be6267c245:0x49574393dafc8ce4!8m2!3d44.005187!4d-123.1255575!15sChlMYW5kc2NhcGluZyBFdWdlbmUgT3JlZ29uWhsiGWxhbmRzY2FwaW5nIGV1Z2VuZSBvcmVnb26SAQpsYW5kc2NhcGVymgFEQ2k5RFFVbFJRVU52WkVOb2RIbGpSamx2VDJ0WmVsSllTbk5STTBaSFlWUldTMVl6YUhWTVZ6Rm9VbnBrY2swd1JSQULgAQD6AQQIFBA3!16s%2Fg%2F11z146rc5f?entry=ttu&g_ep=EgoyMDI2MDQyOS4wIKXMDSoASAFQAw%3D%3D","","(541) 3444969","Landscaper","eugene__construction-home-services","back-to-the-roots-landscaping","/city/eugene/construction-home-services/back-to-the-roots-landscaping/",""
"Boles Concrete Construction","https://www.google.com/maps/place/Boles+Concrete+Construction/@43.9924869,-122.9990969,8z/data=!4m10!1m2!2m1!1sConcrete+Contractors+Eugene+Oregon!3m6!1s0x54c11c4f9ba7d651:0xa4266901e3d34eaf!8m2!3d44.115921!4d-122.9990969!15sCiJDb25jcmV0ZSBDb250cmFjdG9ycyBFdWdlbmUgT3JlZ29uWiQiImNvbmNyZXRlIGNvbnRyYWN0b3JzIGV1Z2VuZSBvcmVnb26SARNjb25jcmV0ZV9jb250cmFjdG9ymgEkQ2hkRFNVaE5NRzluUzBWSlEwRm5TVU5vZVc5TE4zZDNSUkFC4AEA-gEFCJUDEEY!16s%2Fg%2F1tdjqwd6?entry=ttu&g_ep=EgoyMDI2MDQyOS4wIKXMDSoASAFQAw%3D%3D","","(541) 6898255","Concrete contractor","eugene__construction-home-services","boles-concrete-construction","/city/eugene/construction-home-services/boles-concrete-construction/",""
"Brightside Electric","https://www.google.com/maps/place/Brightside+Electric/@44.005187,-123.0119265,10z/data=!4m10!1m2!2m1!1sElectricians+Eugene+Oregon!3m6!1s0x39c2003a75ea725:0xe47f8635effea0c0!8m2!3d44.059293!4d-122.964626!15sChpFbGVjdHJpY2lhbnMgRXVnZW5lIE9yZWdvblocIhplbGVjdHJpY2lhbnMgZXVnZW5lIG9yZWdvbpIBC2VsZWN0cmljaWFumgFEQ2k5RFFVbFJRVU52WkVOb2RIbGpSamx2VDJ4Q05tSXhVbVpZTUZaNlVsUkdhMDR6YkRSVVJGWm1VVlZzTUdOVlJSQULgAQD6AQUIhAEQKg!16s%2Fg%2F11z5xxgk94?entry=ttu&g_ep=EgoyMDI2MDQyOS4wIKXMDSoASAFQAw%3D%3D","https://www.brightsideelectricoregon.com/","(541) 7293582","Electrician","eugene__construction-home-services","brightside-electric","/city/eugene/construction-home-services/brightside-electric/",""
"BRONCO PLUMBING & ROOTER LLC","https://www.google.com/maps/place/BRONCO+PLUMBING+%26+ROOTER+LLC/@43.7305655,-123.1598616,8z/data=!4m10!1m2!2m1!1sPlumbers+Eugene+Oregon!3m6!1s0x27cd4803c38de307:0x43ba9c4bdde14419!8m2!3d44.1100804!4d-123.059473!15sChZQbHVtYmVycyBFdWdlbmUgT3JlZ29uWhgiFnBsdW1iZXJzIGV1Z2VuZSBvcmVnb26SAQdwbHVtYmVymgFEQ2k5RFFVbFJRVU52WkVOb2RIbGpSamx2VDJ0ME1tTkRNVFJOYkZJMVVWZFdVRkZ0ZUhoaFZHZDNWRVpXYjJOSVl4QULgAQD6AQQIEhBK!16s%2Fg%2F11l1p5gcz6?entry=ttu&g_ep=EgoyMDI2MDQyOS4wIKXMDSoASAFQAw%3D%3D","","(458) 2451077","Plumber","eugene__construction-home-services","bronco-plumbing-rooter-llc","/city/eugene/construction-home-services/bronco-plumbing-rooter-llc/",""
"C & R Concrete and Excavation LLC","https://www.google.com/maps/place/C+%26+R+Concrete+and+Excavation+LLC/@43.9924869,-122.9990969,8z/data=!4m10!1m2!2m1!1sConcrete+Contractors+Eugene+Oregon!3m6!1s0xa4394c594032b887:0x48c933b29a23de98!8m2!3d44.0321785!4d-123.039193!15sCiJDb25jcmV0ZSBDb250cmFjdG9ycyBFdWdlbmUgT3JlZ29uWiQiImNvbmNyZXRlIGNvbnRyYWN0b3JzIGV1Z2VuZSBvcmVnb26SARNjb25jcmV0ZV9jb250cmFjdG9ymgFEQ2k5RFFVbFJRVU52WkVOb2RIbGpSamx2VDJwQ2RVNXVhRmhrYTBwd1drUnNTVkpFVFhSaFJFcGhXbXRHTlU1clJSQULgAQD6AQQIIhA4!16s%2Fg%2F11pdvzlhtq?entry=ttu&g_ep=EgoyMDI2MDQyOS4wIKXMDSoASAFQAw%3D%3D","https://www.concrete541.com/","(541) 2288965","Concrete contractor","eugene__construction-home-services","c-r-concrete-and-excavation-llc","/city/eugene/construction-home-services/c-r-concrete-and-excavation-llc/",""
"CUSTOM CONCRETE AND DEVELOPMENT LLC","https://www.google.com/maps/place/CUSTOM+CONCRETE+AND+DEVELOPMENT+LLC/@43.9924869,-122.9990969,8z/data=!4m10!1m2!2m1!1sConcrete+Contractors+Eugene+Oregon!3m6!1s0xac2c77bf711432dd:0xe244777b3b3cfd9a!8m2!3d44.0599225!4d-123.122194!15sCiJDb25jcmV0ZSBDb250cmFjdG9ycyBFdWdlbmUgT3JlZ29uWiQiImNvbmNyZXRlIGNvbnRyYWN0b3JzIGV1Z2VuZSBvcmVnb26SARNjb25jcmV0ZV9jb250cmFjdG9ymgEjQ2haRFNVaE5NRzluUzBWSlEwRm5UVU4zYTE5bVRrNUJFQUXgAQD6AQQIABBL!16s%2Fg%2F11m69txkwv?entry=ttu&g_ep=EgoyMDI2MDQyOS4wIKXMDSoASAFQAw%3D%3D","https://customconcretedevelopment.com/","(541) 9011681","Concrete contractor","eugene__construction-home-services","custom-concrete-and-development-llc","/city/eugene/construction-home-services/custom-concrete-and-development-llc/",""
"Dustin J. Dawson Plumbing, LLC","https://www.google.com/maps/place/Dustin+J.+Dawson+Plumbing,+LLC/@43.7305655,-123.1598616,8z/data=!4m10!1m2!2m1!1sPlumbers+Eugene+Oregon!3m6!1s0x8748b3de213bed93:0x32acc0250cd28a82!8m2!3d43.881373!4d-122.9990969!15sChZQbHVtYmVycyBFdWdlbmUgT3JlZ29uWhgiFnBsdW1iZXJzIGV1Z2VuZSBvcmVnb26SAQdwbHVtYmVymgEjQ2haRFNVaE5NRzluUzBWS1lsUjBUVWhyZEV0VWRrbDNFQUXgAQD6AQUIlQEQRg!16s%2Fg%2F11x84gwydz?entry=ttu&g_ep=EgoyMDI2MDQyOS4wIKXMDSoASAFQAw%3D%3D","https://dustindawson.com/","(541) 6364447","Plumber","eugene__construction-home-services","dustin-j-dawson-plumbing-llc","/city/eugene/construction-home-services/dustin-j-dawson-plumbing-llc/",""
"Elevated Landscape & Design Eugene","https://www.google.com/maps/place/Elevated+Landscape+%26+Design+Eugene/@44.0568395,-122.9990969,9z/data=!4m10!1m2!2m1!1sLandscaping+Eugene+Oregon!3m6!1s0x4fc66b11653ffdd:0xe0bf009b65b2bcec!8m2!3d44.02108!4d-123.1255575!15sChlMYW5kc2NhcGluZyBFdWdlbmUgT3JlZ29uWhsiGWxhbmRzY2FwaW5nIGV1Z2VuZSBvcmVnb26SAQpsYW5kc2NhcGVymgFEQ2k5RFFVbFJRVU52WkVOb2RIbGpSamx2VDJ0U00yRnViSFpPYW1SSlVsWk9TMkZWVmxWU1ZWWmhWVmhvV0ZNd1JSQULgAQD6AQUI5wEQSQ!16s%2Fg%2F11y5zkyc__?entry=ttu&g_ep=EgoyMDI2MDQyOS4wIKXMDSoASAFQAw%3D%3D","https://www.elevatedlandscapesllc.com/","(541) 5542028","Landscaper","eugene__construction-home-services","elevated-landscape-design-eugene","/city/eugene/construction-home-services/elevated-landscape-design-eugene/",""
"Elevated Landscape Maintenance LLC","https://www.google.com/maps/place/Elevated+Landscape+Maintenance+LLC/@44.0568395,-122.9990969,9z/data=!4m10!1m2!2m1!1sLandscaping+Eugene+Oregon!3m6!1s0x788e50fff09adc9:0x689b04fe9cf8e4fc!8m2!3d44.1100804!4d-123.059473!15sChlMYW5kc2NhcGluZyBFdWdlbmUgT3JlZ29uWhsiGWxhbmRzY2FwaW5nIGV1Z2VuZSBvcmVnb26SAQpsYW5kc2NhcGVymgEkQ2hkRFNVaE5NRzluUzBWSlEwRm5TVVJDYXpsdU5HOVJSUkFC4AEA-gEECAAQLg!16s%2Fg%2F11rr2ng6lh?entry=ttu&g_ep=EgoyMDI2MDQyOS4wIKXMDSoASAFQAw%3D%3D","https://mgelevatedlandscape.com/","(541) 5832800","Landscaper","eugene__construction-home-services","elevated-landscape-maintenance-llc","/city/eugene/construction-home-services/elevated-landscape-maintenance-llc/",""
"Eugene Concrete Contractor of Green","https://www.google.com/maps/place/Eugene+Concrete+Contractor+of+Green/@43.9924869,-122.9990969,8z/data=!4m10!1m2!2m1!1sConcrete+Contractors+Eugene+Oregon!3m6!1s0x24deef5e8ef177af:0xab4b171992ee7866!8m2!3d43.2281445!4d-123.5116724!15sCiJDb25jcmV0ZSBDb250cmFjdG9ycyBFdWdlbmUgT3JlZ29ukgETY29uY3JldGVfY29udHJhY3RvcuABAA!16s%2Fg%2F11rgzmf44b?entry=ttu&g_ep=EgoyMDI2MDQyOS4wIKXMDSoASAFQAw%3D%3D","https://eugenerockconcrete.com/","(541) 2548501","Concrete contractor","eugene__construction-home-services","eugene-concrete-contractor-of-green","/city/eugene/construction-home-services/eugene-concrete-contractor-of-green/",""
"Evenflo Plumbing LLC","https://www.google.com/maps/place/Evenflo+Plumbing+LLC/@43.7305655,-123.1598616,8z/data=!4m10!1m2!2m1!1sPlumbers+Eugene+Oregon!3m6!1s0x245da4234b721c53:0xdf7529b0cbd3d1c2!8m2!3d44.1100804!4d-123.059473!15sChZQbHVtYmVycyBFdWdlbmUgT3JlZ29uWhgiFnBsdW1iZXJzIGV1Z2VuZSBvcmVnb26SAQdwbHVtYmVymgFEQ2k5RFFVbFJRVU52WkVOb2RIbGpSamx2VDI1d1RXVldPV1pOZVRGU1ZVVkZkMDFWUmtWV01HY3pZa1ZWTVU0ell4QULgAQD6AQUIyAIQRw!16s%2Fg%2F11ydx787mv?entry=ttu&g_ep=EgoyMDI2MDQyOS4wIKXMDSoASAFQAw%3D%3D","https://evenfloplumbing.com/","(541) 6127930","Plumber","eugene__construction-home-services","evenflo-plumbing-llc","/city/eugene/construction-home-services/evenflo-plumbing-llc/",""
"Executive Landscape & Maintenance","https://www.google.com/maps/place/Executive+Landscape+%26+Maintenance/@44.0568395,-122.9990969,9z/data=!4m10!1m2!2m1!1sLandscaping+Eugene+Oregon!3m6!1s0x54c11ddf883bd3d7:0x90712ea4a26978d!8m2!3d44.1100804!4d-123.059473!15sChlMYW5kc2NhcGluZyBFdWdlbmUgT3JlZ29uWhsiGWxhbmRzY2FwaW5nIGV1Z2VuZSBvcmVnb26SAQpsYW5kc2NhcGVymgEjQ2haRFNVaE5NRzluUzBWSlEwRm5TVVJTTTJaZk5WTjNFQUXgAQD6AQUI-wEQMg!16s%2Fg%2F11hfjtqs0f?entry=ttu&g_ep=EgoyMDI2MDQyOS4wIKXMDSoASAFQAw%3D%3D","http://executivescape.com/","(541) 5795733","Landscaper","eugene__construction-home-services","executive-landscape-maintenance","/city/eugene/construction-home-services/executive-landscape-maintenance/",""
"Faithful Rooter CCB #240420","https://www.google.com/maps/place/Faithful+Rooter+CCB+%23240420/@43.7305655,-123.1598616,8z/data=!4m10!1m2!2m1!1sPlumbers+Eugene+Oregon!3m6!1s0x435cda2f805b32a7:0x31c6f4ac2e6b6afd!8m2!3d44.0221911!4d-122.9630172!15sChZQbHVtYmVycyBFdWdlbmUgT3JlZ29uWhgiFnBsdW1iZXJzIGV1Z2VuZSBvcmVnb26SAQdwbHVtYmVymgEjQ2haRFNVaE5NRzluUzBWSlEwRm5TVU5vYVVwVFdHSjNFQUXgAQD6AQQIdBBA!16s%2Fg%2F11rw9f0jc_?entry=ttu&g_ep=EgoyMDI2MDQyOS4wIKXMDSoASAFQAw%3D%3D","","(458) 2109703","Plumber","eugene__construction-home-services","faithful-rooter-ccb-240420","/city/eugene/construction-home-services/faithful-rooter-ccb-240420/",""
"Frank Lopez and Sons Landscaping and Garden","https://www.google.com/maps/place/Frank+Lopez+and+Sons+Landscaping+and+Garden/@42.960976,-98.3288304,9z/data=!4m10!1m2!2m1!1sLandscaping+Eugene+Oregon!3m6!1s0x54c11d9e06e41aa5:0xa62590c2e344b74c!8m2!3d42.960976!4d-97.109348!15sChlMYW5kc2NhcGluZyBFdWdlbmUgT3JlZ29uWhsiGWxhbmRzY2FwaW5nIGV1Z2VuZSBvcmVnb26SAQpsYW5kc2NhcGVymgFEQ2k5RFFVbFJRVU52WkVOb2RIbGpSamx2VDIxd1VWSllXbWxXU0U1SVRVaHdNbGw2V2t0VGJEaDNaVmRHV1Zvell4QULgAQD6AQQINBBA!16s%2Fg%2F11c1qmbrkk?entry=ttu&g_ep=EgoyMDI2MDQyOS4wIKXMDSoASAFQAw%3D%3D","https://franklopezandsonsor.com/","(541) 5253345","Landscaper","eugene__construction-home-services","frank-lopez-and-sons-landscaping-and-garden","/city/eugene/construction-home-services/frank-lopez-and-sons-landscaping-and-garden/",""
"Frank's Lawn Care","https://www.google.com/maps/place/Frank's+Lawn+Care/@44.0568395,-122.9990969,9z/data=!4m10!1m2!2m1!1sLandscaping+Eugene+Oregon!3m6!1s0x54c11f9c10a964eb:0xe65d01f04b7c799f!8m2!3d44.0599225!4d-123.0438149!15sChlMYW5kc2NhcGluZyBFdWdlbmUgT3JlZ29uWhsiGWxhbmRzY2FwaW5nIGV1Z2VuZSBvcmVnb26SARFsYXduX2NhcmVfc2VydmljZZoBI0NoWkRTVWhOTUc5blMwVkpRMEZuU1VScWJFNXhSMEozRUFF4AEA-gEECF8QTA!16s%2Fg%2F11rfs2q7ny?entry=ttu&g_ep=EgoyMDI2MDQyOS4wIKXMDSoASAFQAw%3D%3D","https://www.frankslawncareor.com/","(541) 5257163","Lawn care service","eugene__construction-home-services","frank-s-lawn-care","/city/eugene/construction-home-services/frank-s-lawn-care/",""
"Freedom Electric Construction LLC","https://www.google.com/maps/place/Freedom+Electric+Construction+LLC/@44.005187,-123.0119265,10z/data=!4m10!1m2!2m1!1sElectricians+Eugene+Oregon!3m6!1s0x54c11198dc990435:0x2ca096f6357100cb!8m2!3d44.005187!4d-123.1255575!15sChpFbGVjdHJpY2lhbnMgRXVnZW5lIE9yZWdvblocIhplbGVjdHJpY2lhbnMgZXVnZW5lIG9yZWdvbpIBH2VsZWN0cmljYWxfaW5zdGFsbGF0aW9uX3NlcnZpY2WaASRDaGREU1VoTk1HOW5TMFZKUTBGblNVUmFlVFJ5U1haM1JSQULgAQD6AQQIEhBI!16s%2Fg%2F11k99_nmfy?entry=ttu&g_ep=EgoyMDI2MDQyOS4wIKXMDSoASAFQAw%3D%3D","http://freedomelectricconstruction.com/","(541) 6713724","Electrical installation service","eugene__construction-home-services","freedom-electric-construction-llc","/city/eugene/construction-home-services/freedom-electric-construction-llc/",""
"Garcia Landscaping","https://www.google.com/maps/place/Garcia+Landscaping/@44.039894,-124.307153,9z/data=!4m10!1m2!2m1!1sLandscaping+Eugene+Oregon!3m6!1s0x21752652f7fb49ad:0x95c6283d0e7a9255!8m2!3d44.0599225!4d-123.122194!15sChlMYW5kc2NhcGluZyBFdWdlbmUgT3JlZ29ukgEKbGFuZHNjYXBlcuABAA!16s%2Fg%2F11vs3jkgw0?entry=ttu&g_ep=EgoyMDI2MDQyOS4wIKXMDSoASAFQAw%3D%3D","https://www.facebook.com/profile.php?id=61555610916627&mibextid=opq0tG","(541) 6060473","Landscaper","eugene__construction-home-services","garcia-landscaping","/city/eugene/construction-home-services/garcia-landscaping/",""
"Green Ridge Concrete","https://www.google.com/maps/place/Green+Ridge+Concrete/@43.9924869,-122.9990969,8z/data=!4m10!1m2!2m1!1sConcrete+Contractors+Eugene+Oregon!3m6!1s0x54c11ef6f837f7e1:0x32b6ff72e110a914!8m2!3d44.0599225!4d-123.0438149!15sCiJDb25jcmV0ZSBDb250cmFjdG9ycyBFdWdlbmUgT3JlZ29uWiQiImNvbmNyZXRlIGNvbnRyYWN0b3JzIGV1Z2VuZSBvcmVnb26SARNjb25jcmV0ZV9jb250cmFjdG9ymgEkQ2hkRFNVaE5NRzluUzBWSlEwRm5TVU5rT1ZCWGVEWkJSUkFC4AEA-gEECAAQPQ!16s%2Fg%2F1w0h7751?entry=ttu&g_ep=EgoyMDI2MDQyOS4wIKXMDSoASAFQAw%3D%3D","http://greenridgeconcrete.net/","(541) 3373396","Concrete contractor","eugene__construction-home-services","green-ridge-concrete","/city/eugene/construction-home-services/green-ridge-concrete/",""
"Juanitos Landscape Service LLC","https://www.google.com/maps/place/Juanitos+Landscape+Service+LLC/@44.039894,-124.307153,9z/data=!4m10!1m2!2m1!1sLandscaping+Eugene+Oregon!3m6!1s0x54c131e513549d77:0x3bf6f36ac306d184!8m2!3d43.863966!4d-122.9990969!15sChlMYW5kc2NhcGluZyBFdWdlbmUgT3JlZ29uWhsiGWxhbmRzY2FwaW5nIGV1Z2VuZSBvcmVnb26SAQpsYW5kc2NhcGVymgEkQ2hkRFNVaE5NRzluUzBWSlEwRm5TVU5zYldSNWRHeFJSUkFC4AEA-gEFCI4DEEk!16s%2Fg%2F11ls4rg704?entry=ttu&g_ep=EgoyMDI2MDQyOS4wIKXMDSoASAFQAw%3D%3D","","(541) 6069655","Landscaper","eugene__construction-home-services","juanitos-landscape-service-llc","/city/eugene/construction-home-services/juanitos-landscape-service-llc/",""
"Ken The Sewer Dr LLC","https://www.google.com/maps/place/Ken+The+Sewer+Dr+LLC/@43.7305655,-123.1598616,8z/data=!4m10!1m2!2m1!1sPlumbers+Eugene+Oregon!3m6!1s0x46b0665b1df0c06f:0xe1640fb11c3616d6!8m2!3d43.863966!4d-122.9990969!15sChZQbHVtYmVycyBFdWdlbmUgT3JlZ29uWhgiFnBsdW1iZXJzIGV1Z2VuZSBvcmVnb26SAQdwbHVtYmVymgEkQ2hkRFNVaE5NRzluUzBWSlEwRm5TVU5zZUdGVUxXZG5SUkFC4AEA-gEFCM0BEDI!16s%2Fg%2F11sf016g9t?entry=ttu&g_ep=EgoyMDI2MDQyOS4wIKXMDSoASAFQAw%3D%3D","https://kensewerdoctor.com/","(541) 6038421","Plumber","eugene__construction-home-services","ken-the-sewer-dr-llc","/city/eugene/construction-home-services/ken-the-sewer-dr-llc/",""
"Living Concepts","https://www.google.com/maps/place/Living+Concepts/@44.0568395,-122.9990969,9z/data=!4m10!1m2!2m1!1sLandscaping+Eugene+Oregon!3m6!1s0x54c11e9d983bb289:0xd9e4591714d73862!8m2!3d44.397138!4d-123.121377!15sChlMYW5kc2NhcGluZyBFdWdlbmUgT3JlZ29uWhsiGWxhbmRzY2FwaW5nIGV1Z2VuZSBvcmVnb26SAQpsYW5kc2NhcGVymgEjQ2haRFNVaE5NRzluUzBWSlEwRm5TVU5VTTJGUVRFTjNFQUXgAQD6AQUIwgMQKw!16s%2Fg%2F1tksn2d8?entry=ttu&g_ep=EgoyMDI2MDQyOS4wIKXMDSoASAFQAw%3D%3D","https://www.livingconceptslandscape.com/","(541) 5023811","Landscaper","eugene__construction-home-services","living-concepts","/city/eugene/construction-home-services/living-concepts/",""
"Matt Pyle Landscape Maintenance, LLC","https://www.google.com/maps/place/Matt+Pyle+Landscape+Maintenance,+LLC/@44.039894,-124.307153,9z/data=!4m10!1m2!2m1!1sLandscaping+Eugene+Oregon!3m6!1s0x54c1100e14b37435:0xd934f1f4ca937c21!8m2!3d44.115921!4d-122.9990969!15sChlMYW5kc2NhcGluZyBFdWdlbmUgT3JlZ29uWhsiGWxhbmRzY2FwaW5nIGV1Z2VuZSBvcmVnb26SARFsYXduX2NhcmVfc2VydmljZZoBRENpOURRVWxSUVVOdlpFTm9kSGxqUmpsdlQyNUtSbFpXVWpOaWJVWkxaVWM1WVdSdVpHeE5hMjgwV2pKS05GWXlZeEFC4AEA-gEECAAQQg!16s%2Fg%2F1q67s26t7?entry=ttu&g_ep=EgoyMDI2MDQyOS4wIKXMDSoASAFQAw%3D%3D","http://mattpylelandscape.com/","(541) 7355653","Lawn care service","eugene__construction-home-services","matt-pyle-landscape-maintenance-llc","/city/eugene/construction-home-services/matt-pyle-landscape-maintenance-llc/",""
"MC Plumbing Service, LLC","https://www.google.com/maps/place/MC+Plumbing+Service,+LLC/@43.7305655,-123.1598616,8z/data=!4m10!1m2!2m1!1sPlumbers+Eugene+Oregon!3m6!1s0x54c11d869083fa7f:0x36dba34249040fb7!8m2!3d44.0982295!4d-122.9570688!15sChZQbHVtYmVycyBFdWdlbmUgT3JlZ29uWhgiFnBsdW1iZXJzIGV1Z2VuZSBvcmVnb26SAQdwbHVtYmVymgEkQ2hkRFNVaE5NRzluUzBWSlEwRm5TVU5JZGpWcU1UQm5SUkFC4AEA-gEECA8QKg!16s%2Fg%2F11f0wkzx53?entry=ttu&g_ep=EgoyMDI2MDQyOS4wIKXMDSoASAFQAw%3D%3D","http://mcplumbingservicellc.com/","(541) 6892313","Plumber","eugene__construction-home-services","mc-plumbing-service-llc","/city/eugene/construction-home-services/mc-plumbing-service-llc/",""
"Mystic Landscaping","https://www.google.com/maps/place/Mystic+Landscaping/@44.0568395,-122.9990969,9z/data=!4m10!1m2!2m1!1sLandscaping+Eugene+Oregon!3m6!1s0xa9eeed40233f4349:0x9ec26cd635f1d98d!8m2!3d44.0321785!4d-123.1255575!15sChlMYW5kc2NhcGluZyBFdWdlbmUgT3JlZ29uWhsiGWxhbmRzY2FwaW5nIGV1Z2VuZSBvcmVnb26SARNsYW5kc2NhcGVfYXJjaGl0ZWN0mgEkQ2hkRFNVaE5NRzluUzBWSlEwRm5TVVJxYkV0bGRYVjNSUkFC4AEA-gEFCIECEEY!16s%2Fg%2F11sts3w4f3?entry=ttu&g_ep=EgoyMDI2MDQyOS4wIKXMDSoASAFQAw%3D%3D","https://mysticlandscaping.com/","(541) 3067881","Landscape architect","eugene__construction-home-services","mystic-landscaping","/city/eugene/construction-home-services/mystic-landscaping/",""
"OJEG Construction, LLC","https://www.google.com/maps/place/OJEG+Construction,+LLC/@43.9924869,-122.9990969,8z/data=!4m10!1m2!2m1!1sConcrete+Contractors+Eugene+Oregon!3m6!1s0x54c11ce1346eaaab:0x8f3d82d7c1c784f5!8m2!3d43.881373!4d-122.9990969!15sCiJDb25jcmV0ZSBDb250cmFjdG9ycyBFdWdlbmUgT3JlZ29uWiQiImNvbmNyZXRlIGNvbnRyYWN0b3JzIGV1Z2VuZSBvcmVnb26SARRjb25zdHJ1Y3Rpb25fY29tcGFueZoBRENpOURRVWxSUVVOdlpFTm9kSGxqUmpsdlQycFdabU5XUmtSYWJUQjNWMFJDVjFZd1drOVdWa0o0VFZoc2MyRkZSUkFC4AEA-gEFCIABEEU!16s%2Fg%2F11h7v7n1r7?entry=ttu&g_ep=EgoyMDI2MDQyOS4wIKXMDSoASAFQAw%3D%3D","https://ojegconstruction.com/","(541) 3359743","Construction company","eugene__construction-home-services","ojeg-construction-llc","/city/eugene/construction-home-services/ojeg-construction-llc/",""
"Oregon Custom Plumbing","https://www.google.com/maps/place/Oregon+Custom+Plumbing/@43.7305655,-123.1598616,8z/data=!4m10!1m2!2m1!1sPlumbers+Eugene+Oregon!3m6!1s0x54c11e0400000001:0xe2a974407627d76f!8m2!3d43.863966!4d-122.9990969!15sChZQbHVtYmVycyBFdWdlbmUgT3JlZ29uWhgiFnBsdW1iZXJzIGV1Z2VuZSBvcmVnb26SAQdwbHVtYmVymgEkQ2hkRFNVaE5NRzluUzBWSlEwRm5TVU5sZGt4cWVpMVJSUkFC4AEA-gEECFYQRA!16s%2Fg%2F1264bllgy?entry=ttu&g_ep=EgoyMDI2MDQyOS4wIKXMDSoASAFQAw%3D%3D","https://oregoncustomplumbing.com/","(541) 7317412","Plumber","eugene__construction-home-services","oregon-custom-plumbing","/city/eugene/construction-home-services/oregon-custom-plumbing/",""
"Oregon Empire Concrete LLC","https://www.google.com/maps/place/Oregon+Empire+Concrete+LLC/@43.9924869,-122.9990969,8z/data=!4m10!1m2!2m1!1sConcrete+Contractors+Eugene+Oregon!3m6!1s0x40f01e7b8bf449bb:0xf6a9ceba82417ef7!8m2!3d43.863966!4d-122.9990969!15sCiJDb25jcmV0ZSBDb250cmFjdG9ycyBFdWdlbmUgT3JlZ29uWiQiImNvbmNyZXRlIGNvbnRyYWN0b3JzIGV1Z2VuZSBvcmVnb26SARNjb25jcmV0ZV9jb250cmFjdG9ymgFEQ2k5RFFVbFJRVU52WkVOb2RIbGpSamx2VDJ4d1JVMXNUVFJoUjNScVltczVNRlpIZEhwT00wWlRUa1JuTUZRell4QULgAQD6AQQIPxBB!16s%2Fg%2F11rptbkqdg?entry=ttu&g_ep=EgoyMDI2MDQyOS4wIKXMDSoASAFQAw%3D%3D","https://www.facebook.com/OregonEmpireConcrete/","(541) 2060685","Concrete contractor","eugene__construction-home-services","oregon-empire-concrete-llc","/city/eugene/construction-home-services/oregon-empire-concrete-llc/",""
"Outdoor Aesthetics Landscape Construction, Inc.","https://www.google.com/maps/place/Outdoor+Aesthetics+Landscape+Construction,+Inc./@44.039894,-124.307153,9z/data=!4m10!1m2!2m1!1sLandscaping+Eugene+Oregon!3m6!1s0x54c0e1400fcee8f7:0x22eadbc63effbe9d!8m2!3d43.863966!4d-122.9990969!15sChlMYW5kc2NhcGluZyBFdWdlbmUgT3JlZ29uWhsiGWxhbmRzY2FwaW5nIGV1Z2VuZSBvcmVnb26SARNsYW5kc2NhcGVfYXJjaGl0ZWN0mgEjQ2haRFNVaE5NRzluUzBWSlEwRm5TVU5sWjFCVVNsZFJFQUXgAQD6AQUIjwEQSw!16s%2Fg%2F11j4v4pjgb?entry=ttu&g_ep=EgoyMDI2MDQyOS4wIKXMDSoASAFQAw%3D%3D","https://www.oa-landscaping.com/?utm_source=gmb","(541) 6531433","Landscape architect","eugene__construction-home-services","outdoor-aesthetics-landscape-construction-inc","/city/eugene/construction-home-services/outdoor-aesthetics-landscape-construction-inc/",""
"Perfect Finish Concrete, LLC","https://www.google.com/maps/place/Perfect+Finish+Concrete,+LLC/@43.9924869,-122.9990969,8z/data=!4m10!1m2!2m1!1sConcrete+Contractors+Eugene+Oregon!3m6!1s0x54c126b226ac74a3:0xaf117e547fecbd94!8m2!3d43.863966!4d-122.9990969!15sCiJDb25jcmV0ZSBDb250cmFjdG9ycyBFdWdlbmUgT3JlZ29uWiQiImNvbmNyZXRlIGNvbnRyYWN0b3JzIGV1Z2VuZSBvcmVnb26SARNjb25jcmV0ZV9jb250cmFjdG9ymgEkQ2hkRFNVaE5NRzluUzBWSlEwRm5TVU5hYlY5VWFYbDNSUkFC4AEA-gEECAAQRA!16s%2Fg%2F11cm4hb782?entry=ttu&g_ep=EgoyMDI2MDQyOS4wIKXMDSoASAFQAw%3D%3D","","(541) 5544136","Concrete contractor","eugene__construction-home-services","perfect-finish-concrete-llc","/city/eugene/construction-home-services/perfect-finish-concrete-llc/",""
"Precision Plumbing","https://www.google.com/maps/place/Precision+Plumbing/@43.7305655,-123.1598616,8z/data=!4m10!1m2!2m1!1sPlumbers+Eugene+Oregon!3m6!1s0x54c11d820d74e0f7:0xb0fdcc26bc7a6188!8m2!3d44.0599225!4d-123.0438149!15sChZQbHVtYmVycyBFdWdlbmUgT3JlZ29uWhgiFnBsdW1iZXJzIGV1Z2VuZSBvcmVnb26SAQdwbHVtYmVymgFEQ2k5RFFVbFJRVU52WkVOb2RIbGpSamx2VDI1b05sbHNPVU5WTVZaelZrWldSR05WVmpaTldFSm1VekZhV0dRd1JSQULgAQD6AQQIABBL!16s%2Fg%2F11qq4k26zn?entry=ttu&g_ep=EgoyMDI2MDQyOS4wIKXMDSoASAFQAw%3D%3D","http://www.precisionplumbing.co/","(541) 6364725","Plumber","eugene__construction-home-services","precision-plumbing","/city/eugene/construction-home-services/precision-plumbing/",""
"Reasonably Acceptable Electrical Services","https://www.google.com/maps/place/Reasonably+Acceptable+Electrical+Services/@44.005187,-123.0119265,10z/data=!4m10!1m2!2m1!1sElectricians+Eugene+Oregon!3m6!1s0x25a52b413a0487e9:0x936a5d602fd9d8a!8m2!3d44.0599225!4d-123.122194!15sChpFbGVjdHJpY2lhbnMgRXVnZW5lIE9yZWdvblocIhplbGVjdHJpY2lhbnMgZXVnZW5lIG9yZWdvbpIBH2VsZWN0cmljYWxfaW5zdGFsbGF0aW9uX3NlcnZpY2WaASRDaGREU1VoTk1HOW5TMFZKVjA0M1kyMVdNbkJRWm5oM1JSQULgAQD6AQQIABAf!16s%2Fg%2F11wvmg2398?entry=ttu&g_ep=EgoyMDI2MDQyOS4wIKXMDSoASAFQAw%3D%3D","http://www.fixthepower.com/","(541) 7808442","Electrical installation service","eugene__construction-home-services","reasonably-acceptable-electrical-services","/city/eugene/construction-home-services/reasonably-acceptable-electrical-services/",""
"Rios Concrete Inc.","https://www.google.com/maps/place/Rios+Concrete+Inc./@43.9924869,-122.9990969,8z/data=!4m10!1m2!2m1!1sConcrete+Contractors+Eugene+Oregon!3m6!1s0x54c11d7bb6a36541:0x7b75d0732563233c!8m2!3d44.0544895!4d-123.0438149!15sCiJDb25jcmV0ZSBDb250cmFjdG9ycyBFdWdlbmUgT3JlZ29uWiQiImNvbmNyZXRlIGNvbnRyYWN0b3JzIGV1Z2VuZSBvcmVnb26SARNjb25jcmV0ZV9jb250cmFjdG9ymgEjQ2haRFNVaE5NRzluUzBWSlEwRm5TVU42Y0c5bFNrVjNFQUXgAQD6AQUIxAYQQw!16s%2Fg%2F11jnx78nfp?entry=ttu&g_ep=EgoyMDI2MDQyOS4wIKXMDSoASAFQAw%3D%3D","http://www.rios-concrete.com/","(541) 3377424","Concrete contractor","eugene__construction-home-services","rios-concrete-inc","/city/eugene/construction-home-services/rios-concrete-inc/",""
"Roof Maxx of Eugene, OR","https://www.google.com/maps/place/Roof+Maxx+of+Eugene,+OR/@44.0737214,-123.2938952,12z/data=!4m10!1m2!2m1!1sRoofing+Contractor+Eugene+Oregon!3m6!1s0x8ad1e0c764ffa6d1:0x8158cebe56d23971!8m2!3d44.0079524!4d-123.1225375!15sCiBSb29maW5nIENvbnRyYWN0b3IgRXVnZW5lIE9yZWdvbloiIiByb29maW5nIGNvbnRyYWN0b3IgZXVnZW5lIG9yZWdvbpIBEnJvb2ZpbmdfY29udHJhY3RvcpoBRENpOURRVWxSUVVOdlpFTm9kSGxqUmpsdlQyNUZNbU50YUhaVmJsb3pWRWN3TUZsWGJIZE5NRVpJVWtjME0yVkhZeEFC4AEA-gEECBkQNA!16s%2Fg%2F11ykxrx7h4?entry=ttu&g_ep=EgoyMDI2MDQyOS4wIKXMDSoASAFQAw%3D%3D","https://roofmaxx.com/find-a-dealer/oregon/eugene/?utm_source=gmb","(541) 8442442","Roofing contractor","eugene__construction-home-services","roof-maxx-of-eugene-or","/city/eugene/construction-home-services/roof-maxx-of-eugene-or/",""
"Royal Concrete","https://www.google.com/maps/place/Royal+Concrete/@43.9924869,-122.9990969,8z/data=!4m10!1m2!2m1!1sConcrete+Contractors+Eugene+Oregon!3m6!1s0x54c131a9b2fece69:0x91b44f1064a50da2!8m2!3d43.9334054!4d-123.5062446!15sCiJDb25jcmV0ZSBDb250cmFjdG9ycyBFdWdlbmUgT3JlZ29uWiQiImNvbmNyZXRlIGNvbnRyYWN0b3JzIGV1Z2VuZSBvcmVnb26SARNjb25jcmV0ZV9jb250cmFjdG9ymgFEQ2k5RFFVbFJRVU52WkVOb2RIbGpSamx2VDI1R1ZsUkVRa2hXUm5Cb1lteG9WbEpIWkZaVmJFSnBUa2hPYWxWdFl4QULgAQD6AQQIABA5!16s%2Fg%2F11cmbs097f?entry=ttu&g_ep=EgoyMDI2MDQyOS4wIKXMDSoASAFQAw%3D%3D","http://www.royalconcreteoregon.com/","(541) 6716690","Concrete contractor","eugene__construction-home-services","royal-concrete","/city/eugene/construction-home-services/royal-concrete/",""
"SHAMROCK ROOTER AND PIPE REPAIR","https://www.google.com/maps/place/SHAMROCK+ROOTER+AND+PIPE+REPAIR/@43.7305655,-123.1598616,8z/data=!4m10!1m2!2m1!1sPlumbers+Eugene+Oregon!3m6!1s0x54c11e43fdfad633:0xf4475177fd35c5a5!8m2!3d43.7305655!4d-123.1601945!15sChZQbHVtYmVycyBFdWdlbmUgT3JlZ29ukgEHcGx1bWJlcuABAA!16s%2Fg%2F11bwpcpz10?entry=ttu&g_ep=EgoyMDI2MDQyOS4wIKXMDSoASAFQAw%3D%3D","","(541) 2288330","Plumber","eugene__construction-home-services","shamrock-rooter-and-pipe-repair","/city/eugene/construction-home-services/shamrock-rooter-and-pipe-repair/",""
"Shaw Plumbing and Drain","https://www.google.com/maps/place/Shaw+Plumbing+and+Drain/@43.7305655,-123.1598616,8z/data=!4m10!1m2!2m1!1sPlumbers+Eugene+Oregon!3m6!1s0x89d3ca97317b420d:0xb9fdf5998b4d27e4!8m2!3d44.0114905!4d-122.9570688!15sChZQbHVtYmVycyBFdWdlbmUgT3JlZ29uWhgiFnBsdW1iZXJzIGV1Z2VuZSBvcmVnb26SAQdwbHVtYmVymgEkQ2hkRFNVaE5NRzluUzBWSlEwRm5UVVJKTmt4SE1UUm5SUkFC4AEA-gEFCNoBEDw!16s%2Fg%2F11v6cnpzfw?entry=ttu&g_ep=EgoyMDI2MDQyOS4wIKXMDSoASAFQAw%3D%3D","https://shawplumbinganddrain.com/","(541) 7268068","Plumber","eugene__construction-home-services","shaw-plumbing-and-drain","/city/eugene/construction-home-services/shaw-plumbing-and-drain/",""
"Signature Plumbing Corp","https://www.google.com/maps/place/Signature+Plumbing+Corp/@43.7305655,-123.1598616,8z/data=!4m10!1m2!2m1!1sPlumbers+Eugene+Oregon!3m6!1s0x54c12fa6cb049137:0xb8946aaff0207976!8m2!3d43.981762!4d-123.1052775!15sChZQbHVtYmVycyBFdWdlbmUgT3JlZ29ukgEHcGx1bWJlcuABAA!16s%2Fg%2F11jmysb783?entry=ttu&g_ep=EgoyMDI2MDQyOS4wIKXMDSoASAFQAw%3D%3D","https://www.signatureplumbingcorp.com/","(541) 6544449","Plumber","eugene__construction-home-services","signature-plumbing-corp","/city/eugene/construction-home-services/signature-plumbing-corp/",""
"Sustainable Landscape Services LLC","https://www.google.com/maps/place/Sustainable+Landscape+Services+LLC/@44.0568395,-122.9990969,9z/data=!4m10!1m2!2m1!1sLandscaping+Eugene+Oregon!3m6!1s0x44d37ee009cc3e29:0x6ed36fe9c94f021e!8m2!3d44.0599225!4d-123.122194!15sChlMYW5kc2NhcGluZyBFdWdlbmUgT3JlZ29uWhsiGWxhbmRzY2FwaW5nIGV1Z2VuZSBvcmVnb26SAQpsYW5kc2NhcGVymgFEQ2k5RFFVbFJRVU52WkVOb2RIbGpSamx2VDI1c2FrOUZNVkpUU0dNd1dsUk9kRlZJYkhOUk1WSXlWREZXYkdWdVl4QULgAQD6AQUIvAMQRQ!16s%2Fg%2F11k4bby_5k?entry=ttu&g_ep=EgoyMDI2MDQyOS4wIKXMDSoASAFQAw%3D%3D","https://suslandscapeservices.com/","(541) 6004380","Landscaper","eugene__construction-home-services","sustainable-landscape-services-llc","/city/eugene/construction-home-services/sustainable-landscape-services-llc/",""
"T&M Plumbing Inc","https://www.google.com/maps/place/T%26M+Plumbing+Inc/@43.7305655,-123.1598616,8z/data=!4m10!1m2!2m1!1sPlumbers+Eugene+Oregon!3m6!1s0x54c0fe56c8c73f4d:0xd4ff528fd4f87a50!8m2!3d44.0321785!4d-123.07137!15sChZQbHVtYmVycyBFdWdlbmUgT3JlZ29uWhgiFnBsdW1iZXJzIGV1Z2VuZSBvcmVnb26SAQdwbHVtYmVymgEjQ2haRFNVaE5NRzluUzBWSlEwRm5TVU42TFU5RWFXVjNFQUXgAQD6AQQIABBI!16s%2Fg%2F11dfq8tfp4?entry=ttu&g_ep=EgoyMDI2MDQyOS4wIKXMDSoASAFQAw%3D%3D","https://www.tandmplumbinginc.com/","(541) 5258471","Plumber","eugene__construction-home-services","t-m-plumbing-inc","/city/eugene/construction-home-services/t-m-plumbing-inc/",""
"Thornton Electric Inc","https://www.google.com/maps/place/Thornton+Electric+Inc/@44.005187,-123.0119265,10z/data=!4m10!1m2!2m1!1sElectricians+Eugene+Oregon!3m6!1s0x54c11f73f0d849cd:0x82c7f6c3a18537eb!8m2!3d44.005187!4d-123.059473!15sChpFbGVjdHJpY2lhbnMgRXVnZW5lIE9yZWdvblocIhplbGVjdHJpY2lhbnMgZXVnZW5lIG9yZWdvbpIBC2VsZWN0cmljaWFumgEkQ2hkRFNVaE5NRzluUzBWSlEwRm5TVU5PTm05MWEzSkJSUkFC4AEA-gEECAAQNg!16s%2Fg%2F11j241yggq?entry=ttu&g_ep=EgoyMDI2MDQyOS4wIKXMDSoASAFQAw%3D%3D","https://thornton-electric.com/","(541) 9150537","Electrician","eugene__construction-home-services","thornton-electric-inc","/city/eugene/construction-home-services/thornton-electric-inc/",""
"Tradition Plumbing","https://www.google.com/maps/place/Tradition+Plumbing/@43.7305655,-123.1598616,8z/data=!4m10!1m2!2m1!1sPlumbers+Eugene+Oregon!3m6!1s0x67790f7bc08af189:0x5034dcad85477541!8m2!3d43.914359!4d-123.2860285!15sChZQbHVtYmVycyBFdWdlbmUgT3JlZ29uWhgiFnBsdW1iZXJzIGV1Z2VuZSBvcmVnb26SAQdwbHVtYmVymgEkQ2hkRFNVaE5NRzluUzBWSlEwRm5UVVJuZG5CcGFtMTNSUkFC4AEA-gEECFsQSA!16s%2Fg%2F11y22zltjg?entry=ttu&g_ep=EgoyMDI2MDQyOS4wIKXMDSoASAFQAw%3D%3D","https://tradition-plumbing.com/","(541) 5177412","Plumber","eugene__construction-home-services","tradition-plumbing","/city/eugene/construction-home-services/tradition-plumbing/",""
"Turfscapes Landscape Maintenance","https://www.google.com/maps/place/Turfscapes+Landscape+Maintenance/@44.0568395,-122.9990969,9z/data=!4m10!1m2!2m1!1sLandscaping+Eugene+Oregon!3m6!1s0xa56741ff3d135387:0xd44f1f898ccc0544!8m2!3d44.0840175!4d-123.07137!15sChlMYW5kc2NhcGluZyBFdWdlbmUgT3JlZ29uWhsiGWxhbmRzY2FwaW5nIGV1Z2VuZSBvcmVnb26SAQpsYW5kc2NhcGVymgEkQ2hkRFNVaE5NRzluUzBWSlMxRnVkRjloZEhaTVJqVm5SUkFC4AEA-gEECB8QPQ!16s%2Fg%2F11tslp8hc9?entry=ttu&g_ep=EgoyMDI2MDQyOS4wIKXMDSoASAFQAw%3D%3D","https://turfscapesoregon.com/","(541) 6366075","Landscaper","eugene__construction-home-services","turfscapes-landscape-maintenance","/city/eugene/construction-home-services/turfscapes-landscape-maintenance/",""
"Vinson concrete and construction","https://www.google.com/maps/place/Vinson+concrete+and+construction/@43.9924869,-122.9990969,8z/data=!4m10!1m2!2m1!1sConcrete+Contractors+Eugene+Oregon!3m6!1s0x44a0ba0fc37456cf:0xe29be9f352b0a01f!8m2!3d44.1455904!4d-120.5834015!15sCiJDb25jcmV0ZSBDb250cmFjdG9ycyBFdWdlbmUgT3JlZ29uWiQiImNvbmNyZXRlIGNvbnRyYWN0b3JzIGV1Z2VuZSBvcmVnb26SARJnZW5lcmFsX2NvbnRyYWN0b3KaASNDaFpEU1VoTk1HOW5TMFZKUTBGblNVTkNkM0pZVDJWUkVBReABAPoBBQjDAhBC!16s%2Fg%2F11srb35vg9?entry=ttu&g_ep=EgoyMDI2MDQyOS4wIKXMDSoASAFQAw%3D%3D","","(541) 6541494","General contractor","eugene__construction-home-services","vinson-concrete-and-construction","/city/eugene/construction-home-services/vinson-concrete-and-construction/",""
"Waye Plumbing","https://www.google.com/maps/place/Waye+Plumbing/@43.7305655,-123.1598616,8z/data=!4m10!1m2!2m1!1sPlumbers+Eugene+Oregon!3m6!1s0x29fc467cf399835f:0x2d8c3de97a3c5d0a!8m2!3d43.863966!4d-122.9990969!15sChZQbHVtYmVycyBFdWdlbmUgT3JlZ29uWhgiFnBsdW1iZXJzIGV1Z2VuZSBvcmVnb26SAQdwbHVtYmVymgEkQ2hkRFNVaE5NRzluUzBWTFdHNHhjVGRmYVdOMVlqaDNSUkFC4AEA-gEECBwQNg!16s%2Fg%2F11vbjs6cj7?entry=ttu&g_ep=EgoyMDI2MDQyOS4wIKXMDSoASAFQAw%3D%3D","http://www.wayeplumbing.com/","(541) 5437306","Plumber","eugene__construction-home-services","waye-plumbing","/city/eugene/construction-home-services/waye-plumbing/",""
"Whole Gardens","https://www.google.com/maps/place/Whole+Gardens/@44.0568395,-122.9990969,9z/data=!4m10!1m2!2m1!1sLandscaping+Eugene+Oregon!3m6!1s0x54c11e0b3fe1b1e1:0xe6ba50b895ecc23e!8m2!3d44.0599225!4d-123.0438149!15sChlMYW5kc2NhcGluZyBFdWdlbmUgT3JlZ29uWhsiGWxhbmRzY2FwaW5nIGV1Z2VuZSBvcmVnb26SARJsYW5kc2NhcGVfZGVzaWduZXKaASNDaFpEU1VoTk1HOW5TMFZKUTBGblNVUnFkbUZpYUVObkVBReABAPoBBAhFEEg!16s%2Fg%2F119x33y8x?entry=ttu&g_ep=EgoyMDI2MDQyOS4wIKXMDSoASAFQAw%3D%3D","https://wholegardensnw.com/","(541) 7366583","Landscape designer","eugene__construction-home-services","whole-gardens","/city/eugene/construction-home-services/whole-gardens/",""
"DC Performance","https://www.google.com/maps/place/DC+Performance/@42.431396,-123.3750538,14z/data=!4m11!1m3!2m2!1sUsed+Car+Dealerships+Grants+Pass+Oregon!6e6!3m6!1s0x54c577d9f8440f8d:0xc1066d70368526df!8m2!3d42.431396!4d-123.336945!15sCidVc2VkIENhciBEZWFsZXJzaGlwcyBHcmFudHMgUGFzcyBPcmVnb26SAQ91c2VkX2Nhcl9kZWFsZXLgAQA!16s%2Fg%2F11h4zgdx0n?entry=ttu&g_ep=EgoyMDI2MDQyOS4wIKXMDSoASAFQAw%3D%3D","","(541) 4410393","Used car dealer","grants-pass__automotive","dc-performance","/city/grants-pass/automotive/dc-performance/",""
"Loyal T's automotive mobil repair","https://www.google.com/maps/place/Loyal+T's+automotive+mobil+repair/@42.4026888,-123.5871497,12z/data=!4m10!1m2!2m1!1sAuto+Repair+Grants+Pass+Oregon!3m6!1s0x54c57b16e7316ca7:0xe5c0930ef739ed25!8m2!3d42.431396!4d-123.336945!15sCh5BdXRvIFJlcGFpciBHcmFudHMgUGFzcyBPcmVnb25aICIeYXV0byByZXBhaXIgZ3JhbnRzIHBhc3Mgb3JlZ29ukgEKY2FyX3JlcGFpcpoBI0NoWkRTVWhOTUc5blMwVkpRMEZuU1VSNE0wdGZlRTVCRUFF4AEA-gEECDMQRg!16s%2Fg%2F11n7dbh9gz?entry=ttu&g_ep=EgoyMDI2MDQyOS4wIKXMDSoASAFQAw%3D%3D","","","Car repair and maintenance service","grants-pass__automotive","loyal-t-s-automotive-mobil-repair","/city/grants-pass/automotive/loyal-t-s-automotive-mobil-repair/",""
"Used Cars Grants Pass","https://www.google.com/maps/place/Used+Cars+Grants+Pass/@42.9699655,-123.1703262,14z/data=!4m11!1m3!2m2!1sUsed+Car+Dealerships+Grants+Pass+Oregon!6e6!3m6!1s0x54c576db6f98579b:0x304e581a80e02cb8!8m2!3d42.9699655!4d-123.1322174!15sCidVc2VkIENhciBEZWFsZXJzaGlwcyBHcmFudHMgUGFzcyBPcmVnb26SAQ91c2VkX2Nhcl9kZWFsZXLgAQA!16s%2Fg%2F11g6j7dcld?entry=ttu&g_ep=EgoyMDI2MDQyOS4wIKXMDSoASAFQAw%3D%3D","","(541) 5070279","Used car dealer","grants-pass__automotive","used-cars-grants-pass","/city/grants-pass/automotive/used-cars-grants-pass/",""
"Design by Kiltz LLC","https://www.google.com/maps/place/Design+by+Kiltz+LLC/@51.2072,-121.9883,4z/data=!4m10!1m2!2m1!1sWeb+Design+and+Digital+Marketing+Grants+Pass+Oregon!3m6!1s0x54c57a237ea37581:0x584297e84336dda6!8m2!3d51.2072!4d-121.9883!15sCjNXZWIgRGVzaWduIGFuZCBEaWdpdGFsIE1hcmtldGluZyBHcmFudHMgUGFzcyBPcmVnb25aNSIzd2ViIGRlc2lnbiBhbmQgZGlnaXRhbCBtYXJrZXRpbmcgZ3JhbnRzIHBhc3Mgb3JlZ29ukgEQd2Vic2l0ZV9kZXNpZ25lcpoBI0NoWkRTVWhOTUc5blMwVkpRMEZuU1VNM2FWcFlVMHQzRUFF4AEA-gEECAAQTA!16s%2Fg%2F1tfb68zr?entry=ttu&g_ep=EgoyMDI2MDQyOS4wIKXMDSoASAFQAw%3D%3D","https://designbykiltz.com/","(541) 4509732","Website designer","grants-pass__business-professional-services","design-by-kiltz-llc","/city/grants-pass/business-professional-services/design-by-kiltz-llc/",""
"Grants Pass Online","https://www.google.com/maps/place/Grants+Pass+Online/@51.2072,-121.9883,4z/data=!4m10!1m2!2m1!1sWeb+Design+and+Digital+Marketing+Grants+Pass+Oregon!3m6!1s0x54c57965883fef51:0xa1b96f71cf9b477e!8m2!3d42.4959444!4d-123.1623324!15sCjNXZWIgRGVzaWduIGFuZCBEaWdpdGFsIE1hcmtldGluZyBHcmFudHMgUGFzcyBPcmVnb25aNSIzd2ViIGRlc2lnbiBhbmQgZGlnaXRhbCBtYXJrZXRpbmcgZ3JhbnRzIHBhc3Mgb3JlZ29ukgEQbWFya2V0aW5nX2FnZW5jeZoBJENoZERTVWhOTUc5blMwVkpRMEZuU1VOb2VuVnFMVGxCUlJBQuABAPoBBAgAEA4!16s%2Fg%2F11gpndvw8t?entry=ttu&g_ep=EgoyMDI2MDQyOS4wIKXMDSoASAFQAw%3D%3D","","(916) 8069027","Marketing agency","grants-pass__business-professional-services","grants-pass-online","/city/grants-pass/business-professional-services/grants-pass-online/",""
"Inspo Media Co.","https://www.google.com/maps/place/Inspo+Media+Co./@51.2072,-121.9883,4z/data=!4m10!1m2!2m1!1sWeb+Design+and+Digital+Marketing+Grants+Pass+Oregon!3m6!1s0x44814365401efab5:0x6ff42c9761757ea7!8m2!3d39.4143036!4d-100.8063455!15sCjNXZWIgRGVzaWduIGFuZCBEaWdpdGFsIE1hcmtldGluZyBHcmFudHMgUGFzcyBPcmVnb25aNSIzd2ViIGRlc2lnbiBhbmQgZGlnaXRhbCBtYXJrZXRpbmcgZ3JhbnRzIHBhc3Mgb3JlZ29ukgEQbWFya2V0aW5nX2FnZW5jeZoBRENpOURRVWxSUVVOdlpFTm9kSGxqUmpsdlQyeEJkRlpZY0daVE1Gb3laRlpzZG1OVmIzbFVNVnBOVkZWcmVFMVlZeEFC4AEA-gEFCKkCEDI!16s%2Fg%2F11yg40rky2?entry=ttu&g_ep=EgoyMDI2MDQyOS4wIKXMDSoASAFQAw%3D%3D","https://inspomediaco.com/","","Marketing agency","grants-pass__business-professional-services","inspo-media-co","/city/grants-pass/business-professional-services/inspo-media-co/",""
"jWeb Development","https://www.google.com/maps/place/jWeb+Development/@51.2072,-121.9883,4z/data=!4m10!1m2!2m1!1sWeb+Design+and+Digital+Marketing+Grants+Pass+Oregon!3m6!1s0x54c57bb1a0edf66f:0x1dbee9a8818f2cb0!8m2!3d42.4959444!4d-123.4931115!15sCjNXZWIgRGVzaWduIGFuZCBEaWdpdGFsIE1hcmtldGluZyBHcmFudHMgUGFzcyBPcmVnb26SARB3ZWJzaXRlX2Rlc2lnbmVy4AEA!16s%2Fg%2F11g02t3ss_?entry=ttu&g_ep=EgoyMDI2MDQyOS4wIKXMDSoASAFQAw%3D%3D","http://www.jweb.io/","(541) 4509290","Website designer","grants-pass__business-professional-services","jweb-development","/city/grants-pass/business-professional-services/jweb-development/",""
"MacJack Media","https://www.google.com/maps/place/MacJack+Media/@51.2072,-121.9883,4z/data=!4m10!1m2!2m1!1sWeb+Design+and+Digital+Marketing+Grants+Pass+Oregon!3m6!1s0x54cf898222696d69:0x3adef1163b84fe3b!8m2!3d40.7659762!4d-119.4900924!15sCjNXZWIgRGVzaWduIGFuZCBEaWdpdGFsIE1hcmtldGluZyBHcmFudHMgUGFzcyBPcmVnb26SARB3ZWJzaXRlX2Rlc2lnbmVy4AEA!16s%2Fg%2F11frnpp392?entry=ttu&g_ep=EgoyMDI2MDQyOS4wIKXMDSoASAFQAw%3D%3D","http://macjackmedia.com/","(541) 2188362","Website designer","grants-pass__business-professional-services","macjack-media","/city/grants-pass/business-professional-services/macjack-media/",""
"Plumb Creative","https://www.google.com/maps/place/Plumb+Creative/@51.2072,-121.9883,4z/data=!4m10!1m2!2m1!1sWeb+Design+and+Digital+Marketing+Grants+Pass+Oregon!3m6!1s0x54c57a3adb0ded69:0x9ba772af787fefdd!8m2!3d46.423669!4d-129.9427086!15sCjNXZWIgRGVzaWduIGFuZCBEaWdpdGFsIE1hcmtldGluZyBHcmFudHMgUGFzcyBPcmVnb26SAQpjb25zdWx0YW504AEA!16s%2Fg%2F11gf9f1j2j?entry=ttu&g_ep=EgoyMDI2MDQyOS4wIKXMDSoASAFQAw%3D%3D","https://plumbcreative.com/","(541) 2266116","Consultant","grants-pass__business-professional-services","plumb-creative","/city/grants-pass/business-professional-services/plumb-creative/",""
"Scott Marketing Solutions","https://www.google.com/maps/place/Scott+Marketing+Solutions/@51.2072,-121.9883,4z/data=!4m10!1m2!2m1!1sWeb+Design+and+Digital+Marketing+Grants+Pass+Oregon!3m6!1s0x57041d0e3c9362d:0x8b6aefd1fe42c13!8m2!3d46.423669!4d-129.9427086!15sCjNXZWIgRGVzaWduIGFuZCBEaWdpdGFsIE1hcmtldGluZyBHcmFudHMgUGFzcyBPcmVnb26SARB3ZWJzaXRlX2Rlc2lnbmVy4AEA!16s%2Fg%2F11x7sdvy_7?entry=ttu&g_ep=EgoyMDI2MDQyOS4wIKXMDSoASAFQAw%3D%3D","https://www.scottmarketingsolutions.com/","(707) 6902040","Website designer","grants-pass__business-professional-services","scott-marketing-solutions","/city/grants-pass/business-professional-services/scott-marketing-solutions/",""
"Spirit of the Fair","https://www.google.com/maps/place/Spirit+of+the+Fair/@51.2072,-121.9883,4z/data=!4m10!1m2!2m1!1sWeb+Design+and+Digital+Marketing+Grants+Pass+Oregon!3m6!1s0xafafea9dda373767:0xbd55b8a0742bfd35!8m2!3d42.969053!4d-122.031454!15sCjNXZWIgRGVzaWduIGFuZCBEaWdpdGFsIE1hcmtldGluZyBHcmFudHMgUGFzcyBPcmVnb25aNSIzd2ViIGRlc2lnbiBhbmQgZGlnaXRhbCBtYXJrZXRpbmcgZ3JhbnRzIHBhc3Mgb3JlZ29ukgEQbWFya2V0aW5nX2FnZW5jeeABAA!16s%2Fg%2F11rn0z_jjy?entry=ttu&g_ep=EgoyMDI2MDQyOS4wIKXMDSoASAFQAw%3D%3D","https://spiritofthefair.com/","(541) 6223980","Marketing agency","grants-pass__business-professional-services","spirit-of-the-fair","/city/grants-pass/business-professional-services/spirit-of-the-fair/",""
"VanDusen Design","https://www.google.com/maps/place/VanDusen+Design/@51.2072,-121.9883,4z/data=!4m10!1m2!2m1!1sWeb+Design+and+Digital+Marketing+Grants+Pass+Oregon!3m6!1s0x54c57a2f5d99fb77:0x887e71a151ae1fa1!8m2!3d46.423669!4d-129.9427086!15sCjNXZWIgRGVzaWduIGFuZCBEaWdpdGFsIE1hcmtldGluZyBHcmFudHMgUGFzcyBPcmVnb25aNSIzd2ViIGRlc2lnbiBhbmQgZGlnaXRhbCBtYXJrZXRpbmcgZ3JhbnRzIHBhc3Mgb3JlZ29ukgEQZ3JhcGhpY19kZXNpZ25lcpoBRENpOURRVWxSUVVOdlpFTm9kSGxqUmpsdlQycEtUbVJJU20xVk1VcDFaREl4TWxZelFuQlJiRGd4WWpOb1JFNXJSUkFC4AEA-gEECDIQSw!16s%2Fg%2F11cs4g2j0m?entry=ttu&g_ep=EgoyMDI2MDQyOS4wIKXMDSoASAFQAw%3D%3D","https://vandusendesign.com/","(541) 6222416","Graphic designer","grants-pass__business-professional-services","vandusen-design","/city/grants-pass/business-professional-services/vandusen-design/",""
"Verinotis","https://www.google.com/maps/place/Verinotis/@51.2072,-121.9883,4z/data=!4m10!1m2!2m1!1sWeb+Design+and+Digital+Marketing+Grants+Pass+Oregon!3m6!1s0x54c57b7b0aa02285:0x7862ddf9d63c944e!8m2!3d51.2072!4d-121.9883!15sCjNXZWIgRGVzaWduIGFuZCBEaWdpdGFsIE1hcmtldGluZyBHcmFudHMgUGFzcyBPcmVnb25aNSIzd2ViIGRlc2lnbiBhbmQgZGlnaXRhbCBtYXJrZXRpbmcgZ3JhbnRzIHBhc3Mgb3JlZ29ukgEQbWFya2V0aW5nX2FnZW5jeeABAA!16s%2Fg%2F11f6cqnjfs?entry=ttu&g_ep=EgoyMDI2MDQyOS4wIKXMDSoASAFQAw%3D%3D","http://verinotis.com/","(541) 4509171","Marketing agency","grants-pass__business-professional-services","verinotis","/city/grants-pass/business-professional-services/verinotis/",""
"Virtual Design","https://www.google.com/maps/place/Virtual+Design/@51.2072,-121.9883,4z/data=!4m10!1m2!2m1!1sWeb+Design+and+Digital+Marketing+Grants+Pass+Oregon!3m6!1s0x54c579ac2f13e38d:0xead4537333a4d54a!8m2!3d42.346771!4d-123.160333!15sCjNXZWIgRGVzaWduIGFuZCBEaWdpdGFsIE1hcmtldGluZyBHcmFudHMgUGFzcyBPcmVnb25aNSIzd2ViIGRlc2lnbiBhbmQgZGlnaXRhbCBtYXJrZXRpbmcgZ3JhbnRzIHBhc3Mgb3JlZ29ukgEWYXJjaGl0ZWN0dXJhbF9kZXNpZ25lcpoBJENoZERTVWhOTUc5blMwVkpRMEZuU1VOMWNEbEhiVFIzUlJBQuABAPoBBQiOBBBA!16s%2Fg%2F11nrwdbcmg?entry=ttu&g_ep=EgoyMDI2MDQyOS4wIKXMDSoASAFQAw%3D%3D","https://www.virtualdesignbynatasha.com/","","Architectural designer","grants-pass__business-professional-services","virtual-design","/city/grants-pass/business-professional-services/virtual-design/",""
"Web Design In Oregon","https://www.google.com/maps/place/Web+Design+In+Oregon/@51.2072,-121.9883,4z/data=!4m10!1m2!2m1!1sWeb+Design+and+Digital+Marketing+Grants+Pass+Oregon!3m6!1s0x54c5744e3a14a6b1:0x4550f7b24a09ec22!8m2!3d42.468515!4d-123.0747675!15sCjNXZWIgRGVzaWduIGFuZCBEaWdpdGFsIE1hcmtldGluZyBHcmFudHMgUGFzcyBPcmVnb26SARB3ZWJzaXRlX2Rlc2lnbmVy4AEA!16s%2Fg%2F11b5pks32f?entry=ttu&g_ep=EgoyMDI2MDQyOS4wIKXMDSoASAFQAw%3D%3D","http://webdesigninoregon.com/","","Website designer","grants-pass__business-professional-services","web-design-in-oregon","/city/grants-pass/business-professional-services/web-design-in-oregon/",""
"Webb Mountain Arts","https://www.google.com/maps/place/Webb+Mountain+Arts/@51.2072,-121.9883,4z/data=!4m10!1m2!2m1!1sWeb+Design+and+Digital+Marketing+Grants+Pass+Oregon!3m6!1s0x54c57f1fab7128a9:0x8509f01d3f4878f5!8m2!3d46.423669!4d-129.9427086!15sCjNXZWIgRGVzaWduIGFuZCBEaWdpdGFsIE1hcmtldGluZyBHcmFudHMgUGFzcyBPcmVnb25aNSIzd2ViIGRlc2lnbiBhbmQgZGlnaXRhbCBtYXJrZXRpbmcgZ3JhbnRzIHBhc3Mgb3JlZ29ukgEUbWFya2V0aW5nX2NvbnN1bHRhbnSaASNDaFpEU1VoTk1HOW5TMFZKUTBGblNVTTFhMlZUU21SUkVBReABAPoBBAgAEEQ!16s%2Fg%2F11fmsg3bjf?entry=ttu&g_ep=EgoyMDI2MDQyOS4wIKXMDSoASAFQAw%3D%3D","http://webbmountainarts.com/","(541) 3218428","Marketing consultant","grants-pass__business-professional-services","webb-mountain-arts","/city/grants-pass/business-professional-services/webb-mountain-arts/",""
"Website and Social Media Pro","https://www.google.com/maps/place/Website+and+Social+Media+Pro/@51.2072,-121.9883,4z/data=!4m10!1m2!2m1!1sWeb+Design+and+Digital+Marketing+Grants+Pass+Oregon!3m6!1s0x818209e674a5f657:0x8edf9e3cc8987ca0!8m2!3d46.423669!4d-129.9427086!15sCjNXZWIgRGVzaWduIGFuZCBEaWdpdGFsIE1hcmtldGluZyBHcmFudHMgUGFzcyBPcmVnb26SARB3ZWJzaXRlX2Rlc2lnbmVy4AEA!16s%2Fg%2F11lnr3gyzm?entry=ttu&g_ep=EgoyMDI2MDQyOS4wIKXMDSoASAFQAw%3D%3D","https://websiteandsocialmediapro.com/","(972) 9792224","Website designer","grants-pass__business-professional-services","website-and-social-media-pro","/city/grants-pass/business-professional-services/website-and-social-media-pro/",""
"323 Construction","https://www.google.com/maps/place/323+Construction/@42.385074,-142.3963938,5z/data=!4m10!1m2!2m1!1sConcrete+Contractors+Grants+Pass+Oregon!3m6!1s0x54c57bd8d41940ed:0x6827ea4cc4b05f11!8m2!3d42.4959444!4d-123.4931115!15sCidDb25jcmV0ZSBDb250cmFjdG9ycyBHcmFudHMgUGFzcyBPcmVnb25aKSInY29uY3JldGUgY29udHJhY3RvcnMgZ3JhbnRzIHBhc3Mgb3JlZ29ukgEUY29uc3RydWN0aW9uX2NvbXBhbnmaASNDaFpEU1VoTk1HOW5TMFZKUTBGblNVUjZPVTFoT0dSQkVBReABAPoBBAgAEEw!16s%2Fg%2F11qpmkzzy0?entry=ttu&g_ep=EgoyMDI2MDQyOS4wIKXMDSoASAFQAw%3D%3D","http://323construction.com/","(541) 2261395","Construction company","grants-pass__construction-home-services","323-construction","/city/grants-pass/construction-home-services/323-construction/",""
"4seasonslandscaping","https://www.google.com/maps/place/4seasonslandscaping/@42.422614,-124.5712779,9z/data=!4m10!1m2!2m1!1sLandscaping+Grants+Pass+Oregon!3m6!1s0x54c57b27a87e5147:0x5e9e8b0bc0c4ebd4!8m2!3d42.3895775!4d-123.6096915!15sCh5MYW5kc2NhcGluZyBHcmFudHMgUGFzcyBPcmVnb26SAQpsYW5kc2NhcGVy4AEA!16s%2Fg%2F11j90fbrjw?entry=ttu&g_ep=EgoyMDI2MDQyOS4wIKXMDSoASAFQAw%3D%3D","","(541) 6596017","Landscaper","grants-pass__construction-home-services","4seasonslandscaping","/city/grants-pass/construction-home-services/4seasonslandscaping/",""
"Almeda Plumbing, LLC","https://www.google.com/maps/place/Almeda+Plumbing,+LLC/@42.4959444,-125.6012972,8z/data=!4m10!1m2!2m1!1sPlumbers+Grants+Pass+Oregon!3m6!1s0x6839a1699e832351:0x69c7301142eb1651!8m2!3d42.431396!4d-123.336945!15sChtQbHVtYmVycyBHcmFudHMgUGFzcyBPcmVnb25aHSIbcGx1bWJlcnMgZ3JhbnRzIHBhc3Mgb3JlZ29ukgEHcGx1bWJlcpoBRENpOURRVWxSUVVOdlpFTm9kSGxqUmpsdlQydHdNV014U1RWUmJGSklaRmM1UkZac1RuSmhiRlpwVmpKR1NXSklZeEFC4AEA-gEFCLACEDo!16s%2Fg%2F11vt7f3wjj?entry=ttu&g_ep=EgoyMDI2MDQyOS4wIKXMDSoASAFQAw%3D%3D","https://almedaplumbing.com/","(541) 2267408","Plumber","grants-pass__construction-home-services","almeda-plumbing-llc","/city/grants-pass/construction-home-services/almeda-plumbing-llc/",""
"Anker Concrete LLC","https://www.google.com/maps/place/Anker+Concrete+LLC/@42.385074,-142.3963938,5z/data=!4m10!1m2!2m1!1sConcrete+Contractors+Grants+Pass+Oregon!3m6!1s0x54c57aeca532edc5:0x9ad8e39b4f8b790a!8m2!3d44.1455904!4d-120.5834015!15sCidDb25jcmV0ZSBDb250cmFjdG9ycyBHcmFudHMgUGFzcyBPcmVnb26SARRjb25zdHJ1Y3Rpb25fY29tcGFueeABAA!16s%2Fg%2F11h7v7sm3d?entry=ttu&g_ep=EgoyMDI2MDQyOS4wIKXMDSoASAFQAw%3D%3D","https://instagram.com/ankerconcrete?igshid=ltfvj6iwl6v6","(541) 7271534","Construction company","grants-pass__construction-home-services","anker-concrete-llc","/city/grants-pass/construction-home-services/anker-concrete-llc/",""
"Aristocrat Plumbing Inc","https://www.google.com/maps/place/Aristocrat+Plumbing+Inc/@42.4959444,-125.6012972,8z/data=!4m10!1m2!2m1!1sPlumbers+Grants+Pass+Oregon!3m6!1s0x54c5756bd62234e9:0xb03244bf5a772be7!8m2!3d42.4959444!4d-123.1623324!15sChtQbHVtYmVycyBHcmFudHMgUGFzcyBPcmVnb25aHSIbcGx1bWJlcnMgZ3JhbnRzIHBhc3Mgb3JlZ29ukgEHcGx1bWJlcpoBJENoZERTVWhOTUc5blMwVkpRMEZuU1VSNGVqbHFVbnBCUlJBQuABAPoBBAgrECE!16s%2Fg%2F1tfmhjtp?entry=ttu&g_ep=EgoyMDI2MDQyOS4wIKXMDSoASAFQAw%3D%3D","http://www.aristocratplumbinginc.com/","(541) 7612880","Plumber","grants-pass__construction-home-services","aristocrat-plumbing-inc","/city/grants-pass/construction-home-services/aristocrat-plumbing-inc/",""
"Augusta Lawn Care of Grants Pass","https://www.google.com/maps/place/Augusta+Lawn+Care+of+Grants+Pass/@42.422614,-124.5712779,9z/data=!4m10!1m2!2m1!1sLandscaping+Grants+Pass+Oregon!3m6!1s0x20ad1117956558b3:0x7f312d7c34e493d7!8m2!3d42.431396!4d-123.336945!15sCh5MYW5kc2NhcGluZyBHcmFudHMgUGFzcyBPcmVnb25aICIebGFuZHNjYXBpbmcgZ3JhbnRzIHBhc3Mgb3JlZ29ukgERbGF3bl9jYXJlX3NlcnZpY2WaASNDaFpEU1VoTk1HOW5TMFZOYWtRMFVGZDRMVnB0ZEVObkVBReABAPoBBQjuARBI!16s%2Fg%2F11smzx4dt1?entry=ttu&g_ep=EgoyMDI2MDQyOS4wIKXMDSoASAFQAw%3D%3D","https://www.augustalawncareservices.com/grantspass","(541) 2992694","Lawn care service","grants-pass__construction-home-services","augusta-lawn-care-of-grants-pass","/city/grants-pass/construction-home-services/augusta-lawn-care-of-grants-pass/",""
"Baileys Construction LLC","https://www.google.com/maps/place/Baileys+Construction+LLC/@42.385074,-142.3963938,5z/data=!4m10!1m2!2m1!1sConcrete+Contractors+Grants+Pass+Oregon!3m6!1s0xa459d06fd614ebd5:0x8062efc594ef2781!8m2!3d37.0244394!4d-103.0101266!15sCidDb25jcmV0ZSBDb250cmFjdG9ycyBHcmFudHMgUGFzcyBPcmVnb25aKSInY29uY3JldGUgY29udHJhY3RvcnMgZ3JhbnRzIHBhc3Mgb3JlZ29ukgETZmxvb3JpbmdfY29udHJhY3RvcpoBRENpOURRVWxSUVVOdlpFTm9kSGxqUmpsdlQydEdSVmR0ZEd0aWJrbDBVVEJvYzFWdVdsZE9WVkpzVjJ0NE1tSnVZeEFC4AEA-gEFCJ8BEEY!16s%2Fg%2F11xrlgsqws?entry=ttu&g_ep=EgoyMDI2MDQyOS4wIKXMDSoASAFQAw%3D%3D","http://baileysconstructionllc.net/","(541) 2957588","Flooring contractor","grants-pass__construction-home-services","baileys-construction-llc","/city/grants-pass/construction-home-services/baileys-construction-llc/",""
"Bedrock Property Services LLC","https://www.google.com/maps/place/Bedrock+Property+Services+LLC/@42.422614,-124.5712779,9z/data=!4m10!1m2!2m1!1sLandscaping+Grants+Pass+Oregon!3m6!1s0x54c579b823dace7d:0x4af0ca4283446e8b!8m2!3d42.4959444!4d-123.1623324!15sCh5MYW5kc2NhcGluZyBHcmFudHMgUGFzcyBPcmVnb25aICIebGFuZHNjYXBpbmcgZ3JhbnRzIHBhc3Mgb3JlZ29ukgEVZXhjYXZhdGluZ19jb250cmFjdG9ymgEjQ2haRFNVaE5NRzluUzBWSlEwRm5TVU40TURadFJsbFJFQUXgAQD6AQUIlQIQPg!16s%2Fg%2F11rkvtc8kc?entry=ttu&g_ep=EgoyMDI2MDQyOS4wIKXMDSoASAFQAw%3D%3D","","(707) 5485885","Excavating contractor","grants-pass__construction-home-services","bedrock-property-services-llc","/city/grants-pass/construction-home-services/bedrock-property-services-llc/",""
"Brad Fox Roofing","https://www.google.com/maps/place/Brad+Fox+Roofing/@42.9689125,-122.791673,8z/data=!4m10!1m2!2m1!1sRoofing+Contractor+Grants+Pass+Oregon!3m6!1s0x54c57a3b1ae838f3:0x165b469e291d2a70!8m2!3d42.431396!4d-123.336945!15sCiVSb29maW5nIENvbnRyYWN0b3IgR3JhbnRzIFBhc3MgT3JlZ29uWiciJXJvb2ZpbmcgY29udHJhY3RvciBncmFudHMgcGFzcyBvcmVnb26SARJyb29maW5nX2NvbnRyYWN0b3KaASNDaFpEU1VoTk1HOW5TMFZKUTBGblNVUlBhRXRQTFdGUkVBReABAPoBBAh9EEI!16s%2Fg%2F1tdl5vwt?entry=ttu&g_ep=EgoyMDI2MDQyOS4wIKXMDSoASAFQAw%3D%3D","https://www.bradfoxroofing.com/","(541) 6606890","Roofing contractor","grants-pass__construction-home-services","brad-fox-roofing","/city/grants-pass/construction-home-services/brad-fox-roofing/",""
"Brownell's Electric","https://www.google.com/maps/place/Brownell's+Electric/@46.423669,-129.9427085,4z/data=!4m10!1m2!2m1!1sElectricians+Grants+Pass+Oregon!3m6!1s0x54c57a3af7527667:0x88b72f05377aa3d2!8m2!3d42.3895775!4d-123.6355749!15sCh9FbGVjdHJpY2lhbnMgR3JhbnRzIFBhc3MgT3JlZ29uWiEiH2VsZWN0cmljaWFucyBncmFudHMgcGFzcyBvcmVnb26SAQtlbGVjdHJpY2lhbpoBJENoZERTVWhOTUc5blMwVkpRMEZuU1VNeE1GQnVSemhCUlJBQuABAPoBBQiPARA1!16s%2Fg%2F1ths926x?entry=ttu&g_ep=EgoyMDI2MDQyOS4wIKXMDSoASAFQAw%3D%3D","http://www.brownellselectric.com/","(541) 4763674","Electrician","grants-pass__construction-home-services","brownell-s-electric","/city/grants-pass/construction-home-services/brownell-s-electric/",""
"Calafiore Custom Concrete LLC","https://www.google.com/maps/place/Calafiore+Custom+Concrete+LLC/@42.385074,-142.3963938,5z/data=!4m10!1m2!2m1!1sConcrete+Contractors+Grants+Pass+Oregon!3m6!1s0x54c57b64870ab87b:0x3775c9ef27f1ffef!8m2!3d42.3895775!4d-123.6355749!15sCidDb25jcmV0ZSBDb250cmFjdG9ycyBHcmFudHMgUGFzcyBPcmVnb26SARNjb25jcmV0ZV9jb250cmFjdG9y4AEA!16s%2Fg%2F11f9ykx3xq?entry=ttu&g_ep=EgoyMDI2MDQyOS4wIKXMDSoASAFQAw%3D%3D","https://www.facebook.com/Calafiore-Custom-Concrete-312386819190830/","(541) 7616598","Concrete contractor","grants-pass__construction-home-services","calafiore-custom-concrete-llc","/city/grants-pass/construction-home-services/calafiore-custom-concrete-llc/",""
"Chuck's Roof & Construction Service","https://www.google.com/maps/place/Chuck's+Roof+%26+Construction+Service/@42.9689125,-122.791673,8z/data=!4m10!1m2!2m1!1sRoofing+Contractor+Grants+Pass+Oregon!3m6!1s0x54c579c43ddba4a1:0xb0229563be893728!8m2!3d42.4959444!4d-123.4931115!15sCiVSb29maW5nIENvbnRyYWN0b3IgR3JhbnRzIFBhc3MgT3JlZ29uWiciJXJvb2ZpbmcgY29udHJhY3RvciBncmFudHMgcGFzcyBvcmVnb26SARJyb29maW5nX2NvbnRyYWN0b3KaASRDaGREU1VoTk1HOW5TMFZKUTBGblNVTk9OamRpUzI1M1JSQULgAQD6AQQIRhAz!16s%2Fg%2F1tdgpkfq?entry=ttu&g_ep=EgoyMDI2MDQyOS4wIKXMDSoASAFQAw%3D%3D","http://www.chucksroofservice.com/","(541) 4798789","Roofing contractor","grants-pass__construction-home-services","chuck-s-roof-construction-service","/city/grants-pass/construction-home-services/chuck-s-roof-construction-service/",""
"Cuchiara's Landscape Management, Inc.","https://www.google.com/maps/place/Cuchiara's+Landscape+Management,+Inc./@42.3895775,-124.8550573,9z/data=!4m10!1m2!2m1!1sLandscaping+Grants+Pass+Oregon!3m6!1s0x54c57bade934aedd:0xbab7a9f1b9917839!8m2!3d42.4959444!4d-123.1623324!15sCh5MYW5kc2NhcGluZyBHcmFudHMgUGFzcyBPcmVnb25aICIebGFuZHNjYXBpbmcgZ3JhbnRzIHBhc3Mgb3JlZ29ukgEgbGF3bl9zcHJpbmtsZXJfc3lzdGVtX2NvbnRyYWN0b3KaASNDaFpEU1VoTk1HOW5TMFZKUTBGblNVTmFiRkJoVVZoM0VBReABAPoBBAhxEDc!16s%2Fg%2F1ptylq97f?entry=ttu&g_ep=EgoyMDI2MDQyOS4wIKXMDSoASAFQAw%3D%3D","http://www.cuchiaraslandscape.com/","(541) 7875296","Lawn sprinkler system contractor","grants-pass__construction-home-services","cuchiara-s-landscape-management-inc","/city/grants-pass/construction-home-services/cuchiara-s-landscape-management-inc/",""
"CW Landscaping","https://www.google.com/maps/place/CW+Landscaping/@42.422614,-124.5712779,9z/data=!4m10!1m2!2m1!1sLandscaping+Grants+Pass+Oregon!3m6!1s0x344d837c0578cdb:0xf205d54221fbcb06!8m2!3d42.431396!4d-123.336945!15sCh5MYW5kc2NhcGluZyBHcmFudHMgUGFzcyBPcmVnb26SAQpsYW5kc2NhcGVy4AEA!16s%2Fg%2F11vz29c562?entry=ttu&g_ep=EgoyMDI2MDQyOS4wIKXMDSoASAFQAw%3D%3D","https://landscapergrantspassor.com/","(541) 2085634","Landscaper","grants-pass__construction-home-services","cw-landscaping","/city/grants-pass/construction-home-services/cw-landscaping/",""
"Dillards Roofing & Construction, LLC","https://www.google.com/maps/place/Dillards+Roofing+%26+Construction,+LLC/@42.9689125,-122.791673,8z/data=!4m10!1m2!2m1!1sRoofing+Contractor+Grants+Pass+Oregon!3m6!1s0x44637b9fb38a5a29:0x1ceee28c07abafd3!8m2!3d42.9689125!4d-122.5850204!15sCiVSb29maW5nIENvbnRyYWN0b3IgR3JhbnRzIFBhc3MgT3JlZ29uWiciJXJvb2ZpbmcgY29udHJhY3RvciBncmFudHMgcGFzcyBvcmVnb26SARJyb29maW5nX2NvbnRyYWN0b3KaAURDaTlEUVVsUlFVTnZaRU5vZEhsalJqbHZUMjFTYW1OVlNsbFRWVFZUWWtoc01VNHdaRk5YVjJSdVZESm9XRTFHUlJBQuABAPoBBQi3AxBF!16s%2Fg%2F11p648qlzl?entry=ttu&g_ep=EgoyMDI2MDQyOS4wIKXMDSoASAFQAw%3D%3D","https://www.dillardsroofing.com/","(541) 2180472","Roofing contractor","grants-pass__construction-home-services","dillards-roofing-construction-llc","/city/grants-pass/construction-home-services/dillards-roofing-construction-llc/",""
"Durbin Concrete LLC","https://www.google.com/maps/place/Durbin+Concrete+LLC/@42.385074,-142.3963938,5z/data=!4m10!1m2!2m1!1sConcrete+Contractors+Grants+Pass+Oregon!3m6!1s0x54c579f319956c33:0x6472811d3703901a!8m2!3d42.4959444!4d-123.1623324!15sCidDb25jcmV0ZSBDb250cmFjdG9ycyBHcmFudHMgUGFzcyBPcmVnb26SARNjb25jcmV0ZV9jb250cmFjdG9y4AEA!16s%2Fg%2F1hg4sl4d1?entry=ttu&g_ep=EgoyMDI2MDQyOS4wIKXMDSoASAFQAw%3D%3D","http://www.durbinconcrete.com/","(541) 4419535","Concrete contractor","grants-pass__construction-home-services","durbin-concrete-llc","/city/grants-pass/construction-home-services/durbin-concrete-llc/",""
"Eric Preston Roofing LLC","https://www.google.com/maps/place/Eric+Preston+Roofing+LLC/@42.9689125,-122.791673,8z/data=!4m10!1m2!2m1!1sRoofing+Contractor+Grants+Pass+Oregon!3m6!1s0x54c576ed005db249:0x8bb00b9a1dfad642!8m2!3d42.4959444!4d-123.4931115!15sCiVSb29maW5nIENvbnRyYWN0b3IgR3JhbnRzIFBhc3MgT3JlZ29uWiciJXJvb2ZpbmcgY29udHJhY3RvciBncmFudHMgcGFzcyBvcmVnb26SARJyb29maW5nX2NvbnRyYWN0b3KaASNDaFpEU1VoTk1HOW5TMFZKUTBGblNVTlBibll5YVZKbkVBReABAPoBBQiMAhBM!16s%2Fg%2F11f_zrq04f?entry=ttu&g_ep=EgoyMDI2MDQyOS4wIKXMDSoASAFQAw%3D%3D","http://www.ericprestonroofingllc.com/","(541) 4762955","Roofing contractor","grants-pass__construction-home-services","eric-preston-roofing-llc","/city/grants-pass/construction-home-services/eric-preston-roofing-llc/",""
"Eslama Irrigation and Landscape Construction, LLC","https://www.google.com/maps/place/Eslama+Irrigation+and+Landscape+Construction,+LLC/@42.3895775,-124.8550573,9z/data=!4m10!1m2!2m1!1sLandscaping+Grants+Pass+Oregon!3m6!1s0xa8db9c25ad3558fb:0xf2decced3b695520!8m2!3d42.431396!4d-123.274305!15sCh5MYW5kc2NhcGluZyBHcmFudHMgUGFzcyBPcmVnb26SAQpsYW5kc2NhcGVy4AEA!16s%2Fg%2F11rd_0h88k?entry=ttu&g_ep=EgoyMDI2MDQyOS4wIKXMDSoASAFQAw%3D%3D","http://www.eslamairrigation.com/","(541) 4509961","Landscaper","grants-pass__construction-home-services","eslama-irrigation-and-landscape-construction-llc","/city/grants-pass/construction-home-services/eslama-irrigation-and-landscape-construction-llc/",""
"Ferguson Electric LLC","https://www.google.com/maps/place/Ferguson+Electric+LLC/@46.423669,-129.9427085,4z/data=!4m10!1m2!2m1!1sElectricians+Grants+Pass+Oregon!3m6!1s0x6d5826bf0c35bf0f:0xa7cb22034c5507b6!8m2!3d42.346771!4d-123.160333!15sCh9FbGVjdHJpY2lhbnMgR3JhbnRzIFBhc3MgT3JlZ29uWiEiH2VsZWN0cmljaWFucyBncmFudHMgcGFzcyBvcmVnb26SAQtlbGVjdHJpY2lhbpoBI0NoWkRTVWhOTUc5blMwVkpRMEZuU1VRNWNVbERlVTFSRUFF4AEA-gEFCPgCEEE!16s%2Fg%2F11y1v1ld8b?entry=ttu&g_ep=EgoyMDI2MDQyOS4wIKXMDSoASAFQAw%3D%3D","https://www.fergusonelectricllc.com/","(458) 2577310","Electrician","grants-pass__construction-home-services","ferguson-electric-llc","/city/grants-pass/construction-home-services/ferguson-electric-llc/",""
"First Class Yards LLC","https://www.google.com/maps/place/First+Class+Yards+LLC/@42.3895775,-124.8550573,9z/data=!4m10!1m2!2m1!1sLandscaping+Grants+Pass+Oregon!3m6!1s0x54c57b14dd1aaebd:0x91dc47b88578f2b2!8m2!3d42.431396!4d-123.336945!15sCh5MYW5kc2NhcGluZyBHcmFudHMgUGFzcyBPcmVnb25aICIebGFuZHNjYXBpbmcgZ3JhbnRzIHBhc3Mgb3JlZ29ukgERbGF3bl9jYXJlX3NlcnZpY2WaASRDaGREU1VoTk1HOW5TMFZKUTBGblRVTlplVkJtY1hCUlJSQULgAQD6AQQISRA7!16s%2Fg%2F11nmt7kd_9?entry=ttu&g_ep=EgoyMDI2MDQyOS4wIKXMDSoASAFQAw%3D%3D","http://firstclassyards.com/","(541) 2181203","Lawn care service","grants-pass__construction-home-services","first-class-yards-llc","/city/grants-pass/construction-home-services/first-class-yards-llc/",""
"GB Roofing LLC","https://www.google.com/maps/place/GB+Roofing+LLC/@42.9689125,-122.791673,8z/data=!4m10!1m2!2m1!1sRoofing+Contractor+Grants+Pass+Oregon!3m6!1s0x54c57b23282e84bd:0xad9cb26b0c5e3041!8m2!3d42.7163256!4d-123.160333!15sCiVSb29maW5nIENvbnRyYWN0b3IgR3JhbnRzIFBhc3MgT3JlZ29uWiciJXJvb2ZpbmcgY29udHJhY3RvciBncmFudHMgcGFzcyBvcmVnb26SARJyb29maW5nX2NvbnRyYWN0b3KaASNDaFpEU1VoTk1HOW5TMFZKUTBGblNVUjRNV0Z4ZWtwQkVBReABAPoBBAgfEEU!16s%2Fg%2F11r3ll13wb?entry=ttu&g_ep=EgoyMDI2MDQyOS4wIKXMDSoASAFQAw%3D%3D","https://gbroofingllc.com/?utm_source=google&utm_medium=organic&utm_campaign=gmb-primary-link","(541) 2268765","Roofing contractor","grants-pass__construction-home-services","gb-roofing-llc","/city/grants-pass/construction-home-services/gb-roofing-llc/",""
"Grants Pass Electric LLC","https://www.google.com/maps/place/Grants+Pass+Electric+LLC/@46.423669,-129.9427085,4z/data=!4m10!1m2!2m1!1sElectricians+Grants+Pass+Oregon!3m6!1s0x6cfda63febf3314f:0xe1041f653a814fee!8m2!3d38.7001436!4d-120.8140155!15sCh9FbGVjdHJpY2lhbnMgR3JhbnRzIFBhc3MgT3JlZ29uWiEiH2VsZWN0cmljaWFucyBncmFudHMgcGFzcyBvcmVnb26SAQtlbGVjdHJpY2lhbpoBRENpOURRVWxSUVVOdlpFTm9kSGxqUmpsdlQyeEtSVkpXY0hKWU1FNVVZMFk0ZW1SSVpIbFBWbWN6WTFkV1NWZFZSUkFC4AEA-gEFCI8CEEY!16s%2Fg%2F11yn_fyfgt?entry=ttu&g_ep=EgoyMDI2MDQyOS4wIKXMDSoASAFQAw%3D%3D","https://www.grantspasselectric.com/","(541) 6596375","Electrician","grants-pass__construction-home-services","grants-pass-electric-llc","/city/grants-pass/construction-home-services/grants-pass-electric-llc/",""
"Greenview Lawncare LLC","https://www.google.com/maps/place/Greenview+Lawncare+LLC/@42.3895775,-124.8550573,9z/data=!4m10!1m2!2m1!1sLandscaping+Grants+Pass+Oregon!3m6!1s0x279413ea9d3b1b93:0x6b1c9586b4f31f0e!8m2!3d42.415603!4d-123.1118015!15sCh5MYW5kc2NhcGluZyBHcmFudHMgUGFzcyBPcmVnb25aICIebGFuZHNjYXBpbmcgZ3JhbnRzIHBhc3Mgb3JlZ29ukgERbGF3bl9jYXJlX3NlcnZpY2WaAURDaTlEUVVsUlFVTnZaRU5vZEhsalJqbHZUMnBrY1UxcVRYUlBSR1JxWTFWT01FMUlhM2hrVlVVMVpGVmFUazR4UlJBQuABAPoBBAgVEC8!16s%2Fg%2F11mkdsjw_m?entry=ttu&g_ep=EgoyMDI2MDQyOS4wIKXMDSoASAFQAw%3D%3D","","(541) 2956719","Lawn care service","grants-pass__construction-home-services","greenview-lawncare-llc","/city/grants-pass/construction-home-services/greenview-lawncare-llc/",""
"Grow's Professional Landscaping LLC","https://www.google.com/maps/place/Grow's+Professional+Landscaping+LLC/@46.423669,-131.162191,9z/data=!4m10!1m2!2m1!1sLandscaping+Grants+Pass+Oregon!3m6!1s0x54c57ab61baddaa3:0xe6eb04c9c2faf9d9!8m2!3d46.423669!4d-129.9427086!15sCh5MYW5kc2NhcGluZyBHcmFudHMgUGFzcyBPcmVnb26SAQpsYW5kc2NhcGVy4AEA!16s%2Fg%2F11g8yl6p8n?entry=ttu&g_ep=EgoyMDI2MDQyOS4wIKXMDSoASAFQAw%3D%3D","","(541) 4745576","Landscaper","grants-pass__construction-home-services","grow-s-professional-landscaping-llc","/city/grants-pass/construction-home-services/grow-s-professional-landscaping-llc/",""
"Heritage Plumbing","https://www.google.com/maps/place/Heritage+Plumbing/@42.4959444,-125.6012972,8z/data=!4m10!1m2!2m1!1sPlumbers+Grants+Pass+Oregon!3m6!1s0x54c577525fb96503:0x726dd800ef822fd5!8m2!3d42.3895775!4d-123.6355749!15sChtQbHVtYmVycyBHcmFudHMgUGFzcyBPcmVnb25aHSIbcGx1bWJlcnMgZ3JhbnRzIHBhc3Mgb3JlZ29ukgEHcGx1bWJlcpoBI0NoWkRTVWhOTUc5blMwVkpRMEZuU1VSQ05TMVVNVlYzRUFF4AEA-gEECHIQRQ!16s%2Fg%2F11ghf7xclv?entry=ttu&g_ep=EgoyMDI2MDQyOS4wIKXMDSoASAFQAw%3D%3D","","(541) 4747749","Plumber","grants-pass__construction-home-services","heritage-plumbing","/city/grants-pass/construction-home-services/heritage-plumbing/",""
"Hinson Electric LLC","https://www.google.com/maps/place/Hinson+Electric+LLC/@46.423669,-129.9427085,4z/data=!4m10!1m2!2m1!1sElectricians+Grants+Pass+Oregon!3m6!1s0xaf7c41335928cb2f:0xf053b339302f9abd!8m2!3d44.1455904!4d-120.5834015!15sCh9FbGVjdHJpY2lhbnMgR3JhbnRzIFBhc3MgT3JlZ29uWiEiH2VsZWN0cmljaWFucyBncmFudHMgcGFzcyBvcmVnb26SAQtlbGVjdHJpY2lhbpoBJENoZERTVWhOTUc5blMwVkpRMEZuU1VOQ056WXlNSGwzUlJBQuABAPoBBAgiEDM!16s%2Fg%2F11sbyb5mtc?entry=ttu&g_ep=EgoyMDI2MDQyOS4wIKXMDSoASAFQAw%3D%3D","http://hinsonelectricconstruction.com/","(541) 5317254","Electrician","grants-pass__construction-home-services","hinson-electric-llc","/city/grants-pass/construction-home-services/hinson-electric-llc/",""
"Jay's yard care","https://www.google.com/maps/place/Jay's+yard+care/@42.422614,-124.5712779,9z/data=!4m10!1m2!2m1!1sLandscaping+Grants+Pass+Oregon!3m6!1s0xafb51bb3c24092c5:0x48087e7272a47838!8m2!3d42.466101!4d-123.3018714!15sCh5MYW5kc2NhcGluZyBHcmFudHMgUGFzcyBPcmVnb26SAQpsYW5kc2NhcGVy4AEA!16s%2Fg%2F11vc5rt8mq?entry=ttu&g_ep=EgoyMDI2MDQyOS4wIKXMDSoASAFQAw%3D%3D","","(541) 2870129","Landscaper","grants-pass__construction-home-services","jay-s-yard-care","/city/grants-pass/construction-home-services/jay-s-yard-care/",""
"Kruse Control Yard Care, LLC","https://www.google.com/maps/place/Kruse+Control+Yard+Care,+LLC/@42.3895775,-124.8550573,9z/data=!4m10!1m2!2m1!1sLandscaping+Grants+Pass+Oregon!3m6!1s0x54c577e7eb2f9b5b:0xdcc55e5352bc9ac!8m2!3d42.431396!4d-123.336945!15sCh5MYW5kc2NhcGluZyBHcmFudHMgUGFzcyBPcmVnb25aICIebGFuZHNjYXBpbmcgZ3JhbnRzIHBhc3Mgb3JlZ29ukgEKbGFuZHNjYXBlcpoBJENoZERTVWhOTUc5blMwVkpRMEZuU1VSS2FDMTZkbTFSUlJBQuABAPoBBAgAEEA!16s%2Fg%2F11hbssgxy9?entry=ttu&g_ep=EgoyMDI2MDQyOS4wIKXMDSoASAFQAw%3D%3D","","(541) 7873125","Landscaper","grants-pass__construction-home-services","kruse-control-yard-care-llc","/city/grants-pass/construction-home-services/kruse-control-yard-care-llc/",""
"Kyle's Landscaping, LLC","https://www.google.com/maps/place/Kyle's+Landscaping,+LLC/@42.3895775,-124.8550573,9z/data=!4m10!1m2!2m1!1sLandscaping+Grants+Pass+Oregon!3m6!1s0x41b0dbc0f91e5135:0x308da6fbd1309e39!8m2!3d42.380898!4d-123.0842351!15sCh5MYW5kc2NhcGluZyBHcmFudHMgUGFzcyBPcmVnb25aICIebGFuZHNjYXBpbmcgZ3JhbnRzIHBhc3Mgb3JlZ29ukgEKbGFuZHNjYXBlcpoBRENpOURRVWxSUVVOdlpFTm9kSGxqUmpsdlQyeGtVMWxyU2tOVGF6RjBVbXRvVmxSRVZtbGFTRVpyVmtoa1RWa3hSUkFC4AEA-gEECEUQQQ!16s%2Fg%2F11v05lzrl9?entry=ttu&g_ep=EgoyMDI2MDQyOS4wIKXMDSoASAFQAw%3D%3D","https://www.kyleslandscapingllc.com/","(458) 2293021","Landscaper","grants-pass__construction-home-services","kyle-s-landscaping-llc","/city/grants-pass/construction-home-services/kyle-s-landscaping-llc/",""
"Lairds LLC","https://www.google.com/maps/place/Lairds+LLC/@42.9689125,-122.791673,8z/data=!4m10!1m2!2m1!1sRoofing+Contractor+Grants+Pass+Oregon!3m6!1s0x54c57b4d3f2ed651:0xb085f6a68e02f355!8m2!3d42.415603!4d-123.1118015!15sCiVSb29maW5nIENvbnRyYWN0b3IgR3JhbnRzIFBhc3MgT3JlZ29uWiciJXJvb2ZpbmcgY29udHJhY3RvciBncmFudHMgcGFzcyBvcmVnb26SARJnZW5lcmFsX2NvbnRyYWN0b3KaASRDaGREU1VoTk1HOW5TMFZKUTBGblNVTXpNM0ZpVG1sblJSQULgAQD6AQUIpAIQNw!16s%2Fg%2F11hdzk0vdf?entry=ttu&g_ep=EgoyMDI2MDQyOS4wIKXMDSoASAFQAw%3D%3D","http://lairdsconstruction.com/","(541) 2184431","General contractor","grants-pass__construction-home-services","lairds-llc","/city/grants-pass/construction-home-services/lairds-llc/",""
"Limitless Lawn Care, LLC","https://www.google.com/maps/place/Limitless+Lawn+Care,+LLC/@42.3895775,-124.8550573,9z/data=!4m10!1m2!2m1!1sLandscaping+Grants+Pass+Oregon!3m6!1s0x2592efdee7dbe825:0x7916377ca8f269f5!8m2!3d42.346771!4d-123.2233785!15sCh5MYW5kc2NhcGluZyBHcmFudHMgUGFzcyBPcmVnb25aICIebGFuZHNjYXBpbmcgZ3JhbnRzIHBhc3Mgb3JlZ29ukgERbGF3bl9jYXJlX3NlcnZpY2WaAURDaTlEUVVsUlFVTnZaRU5vZEhsalJqbHZUMjVXUjFZeFVuUk5WR2d3WlVSVk5GTnFVbWhWTVRseVpFWlNkbHByUlJBQuABAPoBBAgPECc!16s%2Fg%2F11zhm9_2wq?entry=ttu&g_ep=EgoyMDI2MDQyOS4wIKXMDSoASAFQAw%3D%3D","https://limitlesslawncarellc.jobbersites.com/","(541) 7612487","Lawn care service","grants-pass__construction-home-services","limitless-lawn-care-llc","/city/grants-pass/construction-home-services/limitless-lawn-care-llc/",""
"Monument Landscape Services, LLC, LCB#8790","https://www.google.com/maps/place/Monument+Landscape+Services,+LLC,+LCB%238790/@42.422614,-124.5712779,9z/data=!4m10!1m2!2m1!1sLandscaping+Grants+Pass+Oregon!3m6!1s0x387f50615461b33:0xcd84778bbc78cb89!8m2!3d42.415603!4d-123.1118015!15sCh5MYW5kc2NhcGluZyBHcmFudHMgUGFzcyBPcmVnb25aICIebGFuZHNjYXBpbmcgZ3JhbnRzIHBhc3Mgb3JlZ29ukgEKbGFuZHNjYXBlcpoBRENpOURRVWxSUVVOdlpFTm9kSGxqUmpsdlQyMWtiMDlGTVV0WFZHc3lVakZzZEZKSWFFaGFWVEF6VGtSb2MxSXpZeEFC4AEA-gEECDUQRw!16s%2Fg%2F11z517r19x?entry=ttu&g_ep=EgoyMDI2MDQyOS4wIKXMDSoASAFQAw%3D%3D","https://www.facebook.com/share/18Wx971oiQ/","(541) 4411952","Landscaper","grants-pass__construction-home-services","monument-landscape-services-llc-lcb-8790","/city/grants-pass/construction-home-services/monument-landscape-services-llc-lcb-8790/",""
"Mora's Landscape Maintenance LLC","https://www.google.com/maps/place/Mora's+Landscape+Maintenance+LLC/@42.690839,-123.1623324,9z/data=!4m10!1m2!2m1!1sLandscaping+Grants+Pass+Oregon!3m6!1s0x68e8382168069157:0xdf6afe7ea3f0a172!8m2!3d42.415603!4d-123.1118015!15sCh5MYW5kc2NhcGluZyBHcmFudHMgUGFzcyBPcmVnb25aICIebGFuZHNjYXBpbmcgZ3JhbnRzIHBhc3Mgb3JlZ29ukgEKbGFuZHNjYXBlcpoBRENpOURRVWxSUVVOdlpFTm9kSGxqUmpsdlQyMHhkbE5GV1RWaGJrSnBXbGRXY2s1WFNscE9NMnhOWkRKb2VGUlZSUkFC4AEA-gEFCOkBEDw!16s%2Fg%2F11vrx3p3s5?entry=ttu&g_ep=EgoyMDI2MDQyOS4wIKXMDSoASAFQAw%3D%3D","","(541) 4411207","Landscaper","grants-pass__construction-home-services","mora-s-landscape-maintenance-llc","/city/grants-pass/construction-home-services/mora-s-landscape-maintenance-llc/",""
"Mountain View Cleaning","https://www.google.com/maps/place/Mountain+View+Cleaning/@42.9689125,-122.791673,8z/data=!4m10!1m2!2m1!1sRoofing+Contractor+Grants+Pass+Oregon!3m6!1s0x54c57bfd2d29b525:0x6859415199f2d2aa!8m2!3d42.4959444!4d-123.1623324!15sCiVSb29maW5nIENvbnRyYWN0b3IgR3JhbnRzIFBhc3MgT3JlZ29uWiciJXJvb2ZpbmcgY29udHJhY3RvciBncmFudHMgcGFzcyBvcmVnb26SARd3aW5kb3dfY2xlYW5pbmdfc2VydmljZZoBRENpOURRVWxSUVVOdlpFTm9kSGxqUmpsdlQyMW9hMXBWZUZkWGEwbDBVMnRPUWt4V1FYZE5ibVJRVmxkNGEyUlhZeEFC4AEA-gEECDAQSg!16s%2Fg%2F11tg48q__g?entry=ttu&g_ep=EgoyMDI2MDQyOS4wIKXMDSoASAFQAw%3D%3D","http://mountainviewcleaning.net/","(541) 6904724","Window cleaning service","grants-pass__construction-home-services","mountain-view-cleaning","/city/grants-pass/construction-home-services/mountain-view-cleaning/",""
"Moye Home Construction and Remodeling","https://www.google.com/maps/place/Moye+Home+Construction+and+Remodeling/@42.9689125,-122.791673,8z/data=!4m10!1m2!2m1!1sRoofing+Contractor+Grants+Pass+Oregon!3m6!1s0x2ba563997966f6dd:0x87efac6efa072164!8m2!3d42.3635825!4d-123.2124605!15sCiVSb29maW5nIENvbnRyYWN0b3IgR3JhbnRzIFBhc3MgT3JlZ29uWiciJXJvb2ZpbmcgY29udHJhY3RvciBncmFudHMgcGFzcyBvcmVnb26SARRjb25zdHJ1Y3Rpb25fY29tcGFueZoBRENpOURRVWxSUVVOdlpFTm9kSGxqUmpsdlQyNUtlVkp0V21GV1IxWkdXV3N4ZEdSVVdtNWlNMnhIVkRCTk1GRlZSUkFC4AEA-gEECAAQRw!16s%2Fg%2F11mscm4s21?entry=ttu&g_ep=EgoyMDI2MDQyOS4wIKXMDSoASAFQAw%3D%3D","","(541) 2267951","Construction company","grants-pass__construction-home-services","moye-home-construction-and-remodeling","/city/grants-pass/construction-home-services/moye-home-construction-and-remodeling/",""
"Pure Water Plumbing","https://www.google.com/maps/place/Pure+Water+Plumbing/@42.4959444,-125.6012972,8z/data=!4m10!1m2!2m1!1sPlumbers+Grants+Pass+Oregon!3m6!1s0x54c567bf7fc4bfc9:0x48ac8f2fe54eb682!8m2!3d42.312066!4d-123.160333!15sChtQbHVtYmVycyBHcmFudHMgUGFzcyBPcmVnb25aHSIbcGx1bWJlcnMgZ3JhbnRzIHBhc3Mgb3JlZ29ukgEHcGx1bWJlcpoBI0NoWkRTVWhOTUc5blMwVkpRMEZuU1VOV2MxQXpjMHhCRUFF4AEA-gEECGEQQA!16s%2Fg%2F1tsljf_1?entry=ttu&g_ep=EgoyMDI2MDQyOS4wIKXMDSoASAFQAw%3D%3D","https://www.purewaterplumbing.com/","(541) 6601462","Plumber","grants-pass__construction-home-services","pure-water-plumbing","/city/grants-pass/construction-home-services/pure-water-plumbing/",""
"Restore Roof Cleaning","https://www.google.com/maps/place/Restore+Roof+Cleaning/@42.9689125,-122.791673,8z/data=!4m10!1m2!2m1!1sRoofing+Contractor+Grants+Pass+Oregon!3m6!1s0xa6dddb8c48fa979:0x1bc86cdd852ef65b!8m2!3d42.4558915!4d-123.3849315!15sCiVSb29maW5nIENvbnRyYWN0b3IgR3JhbnRzIFBhc3MgT3JlZ29uWiciJXJvb2ZpbmcgY29udHJhY3RvciBncmFudHMgcGFzcyBvcmVnb26SARdndXR0ZXJfY2xlYW5pbmdfc2VydmljZZoBJENoZERTVWhOTUc5blMwVkpRMEZuU1VSZk9GQjVZblJuUlJBQuABAPoBBAgeEEc!16s%2Fg%2F11ld385ty8?entry=ttu&g_ep=EgoyMDI2MDQyOS4wIKXMDSoASAFQAw%3D%3D","http://restoreroofcleaning.com/","(541) 2296130","Gutter cleaning service","grants-pass__construction-home-services","restore-roof-cleaning","/city/grants-pass/construction-home-services/restore-roof-cleaning/",""
"Rhoads Roofing LLC","https://www.google.com/maps/place/Rhoads+Roofing+LLC/@42.9689125,-122.791673,8z/data=!4m10!1m2!2m1!1sRoofing+Contractor+Grants+Pass+Oregon!3m6!1s0x54c57bad006a3951:0xf85536c5846c5020!8m2!3d42.346771!4d-123.2233785!15sCiVSb29maW5nIENvbnRyYWN0b3IgR3JhbnRzIFBhc3MgT3JlZ29uWiciJXJvb2ZpbmcgY29udHJhY3RvciBncmFudHMgcGFzcyBvcmVnb26SARJyb29maW5nX2NvbnRyYWN0b3KaASRDaGREU1VoTk1HOW5TMFZKUTBGblNVUmFlazk2T0d0M1JSQULgAQD6AQQIWRA_!16s%2Fg%2F11nmdyswbz?entry=ttu&g_ep=EgoyMDI2MDQyOS4wIKXMDSoASAFQAw%3D%3D","http://rhoadsroofingllc.com/","(541) 6402336","Roofing contractor","grants-pass__construction-home-services","rhoads-roofing-llc","/city/grants-pass/construction-home-services/rhoads-roofing-llc/",""
"Robert Allen Plumbing, LLC","https://www.google.com/maps/place/Robert+Allen+Plumbing,+LLC/@42.4959444,-125.6012972,8z/data=!4m10!1m2!2m1!1sPlumbers+Grants+Pass+Oregon!3m6!1s0x54c579f82d316d63:0xb50847e15cf3e67d!8m2!3d42.969053!4d-122.031454!15sChtQbHVtYmVycyBHcmFudHMgUGFzcyBPcmVnb25aHSIbcGx1bWJlcnMgZ3JhbnRzIHBhc3Mgb3JlZ29ukgEHcGx1bWJlcpoBRENpOURRVWxSUVVOdlpFTm9kSGxqUmpsdlQydFJkMUZzV2xSaWJVMTNZVWM1V1U0d05WQlJWV1JEWkd4Tk1FMUlZeEFC4AEA-gEFCJABEDI!16s%2Fg%2F1tc_d_51?entry=ttu&g_ep=EgoyMDI2MDQyOS4wIKXMDSoASAFQAw%3D%3D","http://www.robertallenplumbing.com/","(541) 2182297","Plumber","grants-pass__construction-home-services","robert-allen-plumbing-llc","/city/grants-pass/construction-home-services/robert-allen-plumbing-llc/",""
"Royal Green Landscaping","https://www.google.com/maps/place/Royal+Green+Landscaping/@42.3895775,-124.8550573,9z/data=!4m10!1m2!2m1!1sLandscaping+Grants+Pass+Oregon!3m6!1s0x5495a28189e1e1df:0x76d41d7be60a2bd9!8m2!3d42.4154249!4d-123.1118015!15sCh5MYW5kc2NhcGluZyBHcmFudHMgUGFzcyBPcmVnb25aICIebGFuZHNjYXBpbmcgZ3JhbnRzIHBhc3Mgb3JlZ29ukgEKbGFuZHNjYXBlcpoBI0NoWkRTVWhOTUc5blMwVkpRMEZuU1VScWNITTNUMFpSRUFF4AEA-gEECAAQQg!16s%2Fg%2F1x6q1grt?entry=ttu&g_ep=EgoyMDI2MDQyOS4wIKXMDSoASAFQAw%3D%3D","http://royalgreenlandscaping.com/","(541) 2990479","Landscaper","grants-pass__construction-home-services","royal-green-landscaping","/city/grants-pass/construction-home-services/royal-green-landscaping/",""
"Shamrock Plumbing","https://www.google.com/maps/place/Shamrock+Plumbing/@42.4959444,-125.6012972,8z/data=!4m10!1m2!2m1!1sPlumbers+Grants+Pass+Oregon!3m6!1s0x54c563055f083adf:0x21b062de821bcc2e!8m2!3d42.3895775!4d-123.5996389!15sChtQbHVtYmVycyBHcmFudHMgUGFzcyBPcmVnb25aHSIbcGx1bWJlcnMgZ3JhbnRzIHBhc3Mgb3JlZ29ukgEHcGx1bWJlcpoBJENoZERTVWhOTUc5blMwVkpRMEZuU1VNemRVbFBXRGxuUlJBQuABAPoBBAgAEDo!16s%2Fg%2F1q62hqj4z?entry=ttu&g_ep=EgoyMDI2MDQyOS4wIKXMDSoASAFQAw%3D%3D","http://www.shamrockplumbing.com/","(541) 4791300","Plumber","grants-pass__construction-home-services","shamrock-plumbing","/city/grants-pass/construction-home-services/shamrock-plumbing/",""
"Sherlock Homes Plumbing","https://www.google.com/maps/place/Sherlock+Homes+Plumbing/@42.4959444,-125.6012972,8z/data=!4m10!1m2!2m1!1sPlumbers+Grants+Pass+Oregon!3m6!1s0x8dd921dadb69089b:0x943536f85822e96!8m2!3d42.346771!4d-123.2233785!15sChtQbHVtYmVycyBHcmFudHMgUGFzcyBPcmVnb25aHSIbcGx1bWJlcnMgZ3JhbnRzIHBhc3Mgb3JlZ29ukgEHcGx1bWJlcpoBI0NoWkRTVWhOTUc5blMwVkpRMEZuU1VSZmRFdDVZMXAzRUFF4AEA-gEFCM8CEEk!16s%2Fg%2F11vrhbdr4t?entry=ttu&g_ep=EgoyMDI2MDQyOS4wIKXMDSoASAFQAw%3D%3D","https://www.sherlockhomes.plumbing/","(541) 6600101","Plumber","grants-pass__construction-home-services","sherlock-homes-plumbing","/city/grants-pass/construction-home-services/sherlock-homes-plumbing/",""
"Smart Solar Energy Grants Pass Oregon","https://www.google.com/maps/place/Smart+Solar+Energy+Grants+Pass+Oregon/@46.423669,-129.9427085,4z/data=!4m10!1m2!2m1!1sElectricians+Grants+Pass+Oregon!3m6!1s0x73b062776c9a02d:0x73ee820814ecc9db!8m2!3d42.431396!4d-123.336945!15sCh9FbGVjdHJpY2lhbnMgR3JhbnRzIFBhc3MgT3JlZ29ukgEUc29sYXJfZW5lcmd5X2NvbXBhbnngAQA!16s%2Fg%2F11ny1skpfw?entry=ttu&g_ep=EgoyMDI2MDQyOS4wIKXMDSoASAFQAw%3D%3D","https://www.smartsolarenergyco.com/solar-panels-grants-pass-oregon/","(541) 5074458","Solar energy company","grants-pass__construction-home-services","smart-solar-energy-grants-pass-oregon","/city/grants-pass/construction-home-services/smart-solar-energy-grants-pass-oregon/",""
"Stargazer Landscape Services, LLC","https://www.google.com/maps/place/Stargazer+Landscape+Services,+LLC/@42.3895775,-124.8550573,9z/data=!4m10!1m2!2m1!1sLandscaping+Grants+Pass+Oregon!3m6!1s0x467ae7a59ea12ae7:0xf92eff59b94ebf14!8m2!3d42.346771!4d-123.4134484!15sCh5MYW5kc2NhcGluZyBHcmFudHMgUGFzcyBPcmVnb25aICIebGFuZHNjYXBpbmcgZ3JhbnRzIHBhc3Mgb3JlZ29ukgERbGF3bl9jYXJlX3NlcnZpY2WaAURDaTlEUVVsUlFVTnZaRU5vZEhsalJqbHZUMnhLWVdKWFJrNVZWVGwwWlVoYU5rNXFSblpTUlRWU1V6QktjMVpIWXhBQuABAPoBBAhAEDg!16s%2Fg%2F11xvqkt17b?entry=ttu&g_ep=EgoyMDI2MDQyOS4wIKXMDSoASAFQAw%3D%3D","https://stargazerlandscapeservicesllc.jobbersites.com/","(541) 6597588","Lawn care service","grants-pass__construction-home-services","stargazer-landscape-services-llc","/city/grants-pass/construction-home-services/stargazer-landscape-services-llc/",""
"Stedfast Plumbing & Drains LLC","https://www.google.com/maps/place/Stedfast+Plumbing+%26+Drains+LLC/@42.4959444,-125.6012972,8z/data=!4m10!1m2!2m1!1sPlumbers+Grants+Pass+Oregon!3m6!1s0x6683ef7bdc3e913b:0xb832b88e03aa9c45!8m2!3d42.427707!4d-123.131586!15sChtQbHVtYmVycyBHcmFudHMgUGFzcyBPcmVnb25aHSIbcGx1bWJlcnMgZ3JhbnRzIHBhc3Mgb3JlZ29ukgEHcGx1bWJlcpoBRENpOURRVWxSUVVOdlpFTm9kSGxqUmpsdlQyNXdTRnBHT1d0V1JuQk5UVVYwU0ZaSVozcGtibWhWWVZWNFdGZHJSUkFC4AEA-gEECCAQOw!16s%2Fg%2F11rtdk19m0?entry=ttu&g_ep=EgoyMDI2MDQyOS4wIKXMDSoASAFQAw%3D%3D","https://www.stedfastplumbing.com/","(541) 6603545","Plumber","grants-pass__construction-home-services","stedfast-plumbing-drains-llc","/city/grants-pass/construction-home-services/stedfast-plumbing-drains-llc/",""
"The Grounds Guys of the Rogue Valley","https://www.google.com/maps/place/The+Grounds+Guys+of+the+Rogue+Valley/@42.690839,-123.1623324,9z/data=!4m10!1m2!2m1!1sLandscaping+Grants+Pass+Oregon!3m6!1s0x54c57a3b1ae838f3:0xa9c322ace655d097!8m2!3d42.795427!4d-123.258195!15sCh5MYW5kc2NhcGluZyBHcmFudHMgUGFzcyBPcmVnb25aICIebGFuZHNjYXBpbmcgZ3JhbnRzIHBhc3Mgb3JlZ29ukgERbGF3bl9jYXJlX3NlcnZpY2WaAURDaTlEUVVsUlFVTnZaRU5vZEhsalJqbHZUMnBhYkZoNU1XeFhXRnBQWW10a1VWWlVXakpWYmtKRVdWVjRhbFZYWXhBQuABAPoBBAgAEEo!16s%2Fg%2F1jgm1ydzp?entry=ttu&g_ep=EgoyMDI2MDQyOS4wIKXMDSoASAFQAw%3D%3D","https://www.groundsguys.com/locations/grants-pass/?cid=LSTL_GUY000204&utm_source=gmb&utm_campaign=local&utm_medium=organic","(541) 9822150","Lawn care service","grants-pass__construction-home-services","the-grounds-guys-of-the-rogue-valley","/city/grants-pass/construction-home-services/the-grounds-guys-of-the-rogue-valley/",""
"Three Rivers Landscape Maintenance","https://www.google.com/maps/place/Three+Rivers+Landscape+Maintenance/@42.422614,-124.5712779,9z/data=!4m10!1m2!2m1!1sLandscaping+Grants+Pass+Oregon!3m6!1s0x54c57a8d1005ece9:0xe85e9b07a72ca680!8m2!3d42.4959444!4d-123.1623324!15sCh5MYW5kc2NhcGluZyBHcmFudHMgUGFzcyBPcmVnb25aICIebGFuZHNjYXBpbmcgZ3JhbnRzIHBhc3Mgb3JlZ29ukgEKbGFuZHNjYXBlcpoBRENpOURRVWxSUVVOdlpFTm9kSGxqUmpsdlQyMVpNV0pJVGt4WmJtc3hWakJ6ZEdWSGFFcFVNRlpOWWpGc2QxVklZeEFC4AEA-gEECAAQHQ!16s%2Fg%2F1tjjp2nq?entry=ttu&g_ep=EgoyMDI2MDQyOS4wIKXMDSoASAFQAw%3D%3D","https://www.facebook.com/profile.php?id=100063701972854","(541) 6603046","Landscaper","grants-pass__construction-home-services","three-rivers-landscape-maintenance","/city/grants-pass/construction-home-services/three-rivers-landscape-maintenance/",""
"Tri Professional Services","https://www.google.com/maps/place/Tri+Professional+Services/@42.3895775,-124.8550573,9z/data=!4m10!1m2!2m1!1sLandscaping+Grants+Pass+Oregon!3m6!1s0x54c57af0e7f8166b:0x605b7dde21c228e6!8m2!3d42.3895775!4d-123.6355749!15sCh5MYW5kc2NhcGluZyBHcmFudHMgUGFzcyBPcmVnb25aICIebGFuZHNjYXBpbmcgZ3JhbnRzIHBhc3Mgb3JlZ29ukgEKbGFuZHNjYXBlcpoBI0NoWkRTVWhOTUc5blMwVkpRMEZuU1VOUGFuSnhRa1JSRUFF4AEA-gEFCIkBEEw!16s%2Fg%2F11h9rgfvcz?entry=ttu&g_ep=EgoyMDI2MDQyOS4wIKXMDSoASAFQAw%3D%3D","http://triprofessionalservices.com/","(541) 6592031","Landscaper","grants-pass__construction-home-services","tri-professional-services","/city/grants-pass/construction-home-services/tri-professional-services/",""
"Woodstream Landscaping","https://www.google.com/maps/place/Woodstream+Landscaping/@42.3895775,-124.8550573,9z/data=!4m10!1m2!2m1!1sLandscaping+Grants+Pass+Oregon!3m6!1s0x8b52e452c403372d:0x8a0961e4671e6a3d!8m2!3d42.431396!4d-123.336945!15sCh5MYW5kc2NhcGluZyBHcmFudHMgUGFzcyBPcmVnb26SARFsYXduX2NhcmVfc2VydmljZeABAA!16s%2Fg%2F11q2yl7yd3?entry=ttu&g_ep=EgoyMDI2MDQyOS4wIKXMDSoASAFQAw%3D%3D","","(346) 5158685","Lawn care service","grants-pass__construction-home-services","woodstream-landscaping","/city/grants-pass/construction-home-services/woodstream-landscaping/",""
"You Mad Pro Lawncare and Maintenance LLC","https://www.google.com/maps/place/You+Mad+Pro+Lawncare+and+Maintenance+LLC/@42.3895775,-124.8550573,9z/data=!4m10!1m2!2m1!1sLandscaping+Grants+Pass+Oregon!3m6!1s0x54c5792a5f61f0bd:0x5abb212b268ebf0a!8m2!3d42.431396!4d-123.336945!15sCh5MYW5kc2NhcGluZyBHcmFudHMgUGFzcyBPcmVnb26SARFsYXduX2NhcmVfc2VydmljZeABAA!16s%2Fg%2F11yvrdjvkq?entry=ttu&g_ep=EgoyMDI2MDQyOS4wIKXMDSoASAFQAw%3D%3D","","(541) 4411924","Lawn care service","grants-pass__construction-home-services","you-mad-pro-lawncare-and-maintenance-llc","/city/grants-pass/construction-home-services/you-mad-pro-lawncare-and-maintenance-llc/",""
"Mandala Massage Therapy, LLC","https://www.google.com/maps/place/Mandala+Massage+Therapy,+LLC/@44.153807,-121.4519412,14z/data=!4m11!1m3!2m2!1sMassage+Therapists+Grants+Pass+Oregon!6e1!3m6!1s0x6e5bb22579f4bb5f:0xe25804e9425f5724!8m2!3d44.153807!4d-121.4138324!15sCiVNYXNzYWdlIFRoZXJhcGlzdHMgR3JhbnRzIFBhc3MgT3JlZ29uWiciJW1hc3NhZ2UgdGhlcmFwaXN0cyBncmFudHMgcGFzcyBvcmVnb26SARFtYXNzYWdlX3RoZXJhcGlzdJoBI0NoWkRTVWhOTUc5blMwVkpRMEZuVFVOWk5Vb3pOVXhSRUFF4AEA-gEECAAQQg!16s%2Fg%2F11ybkj54nx?entry=ttu&g_ep=EgoyMDI2MDQyOS4wIKXMDSoASAFQAw%3D%3D","https://www.mandalamassageco.com/","(541) 9771984","Massage therapist","grants-pass__health-wellness","mandala-massage-therapy-llc","/city/grants-pass/health-wellness/mandala-massage-therapy-llc/",""
"Cheyenne Murren Grants Pass Realtor","https://www.google.com/maps/place/Cheyenne+Murren+-+Grants+Pass+Realtor/@42.3895775,-123.6546293,15z/data=!4m10!1m2!2m1!1sReal+Estate+Agents+Grants+Pass+Oregon!3m6!1s0x6772aea48dd4ce7d:0x5b38f575d3c7a0c7!8m2!3d42.3895775!4d-123.6355749!15sCiVSZWFsIEVzdGF0ZSBBZ2VudHMgR3JhbnRzIFBhc3MgT3JlZ29uWiciJXJlYWwgZXN0YXRlIGFnZW50cyBncmFudHMgcGFzcyBvcmVnb26SARJyZWFsX2VzdGF0ZV9hZ2VuY3maAURDaTlEUVVsUlFVTnZaRU5vZEhsalJqbHZUMjFPU21GWFJrdFNha3BZVjIxc2RHSXpRVEZWTVVaVVQwZHdUMWRYWXhBQuABAPoBBQioARBM!16s%2Fg%2F11sf2r6431?entry=ttu&g_ep=EgoyMDI2MDQyOS4wIKXMDSoASAFQAw%3D%3D","https://cheyennemurren.remax.com/","(541) 4507518","Real estate agency","grants-pass__real-estate","cheyenne-murren-grants-pass-realtor","/city/grants-pass/real-estate/cheyenne-murren-grants-pass-realtor/",""
"Noelle Skin & Body","https://www.google.com/maps/place/Noelle+Skin+%26+Body/@30.146616,-117.3614998,5z/data=!4m11!1m3!2m2!1sDay+Spas+Klamath+Falls+Oregon!6e1!3m6!1s0x54c8d5364f2a36db:0xd8cf913fec57a38e!8m2!3d30.146616!4d-97.8497811!15sCh1EYXkgU3BhcyBLbGFtYXRoIEZhbGxzIE9yZWdvblofIh1kYXkgc3BhcyBrbGFtYXRoIGZhbGxzIG9yZWdvbpIBCmZhY2lhbF9zcGGaAURDaTlEUVVsUlFVTnZaRU5vZEhsalJqbHZUMnRyZVZnelpGTk5TR3h2WkRKb2FWRXpSVEpSVjFwcVpWaGFiMWxXUlJBQuABAPoBBAhsEDo!16s%2Fg%2F11vylkrjm8?entry=ttu&g_ep=EgoyMDI2MDQyOS4wIKXMDSoASAFQAw%3D%3D","https://linktr.ee/noelleskinandbody","","Facial spa","klamath-falls__beauty-personal-care","noelle-skin-body","/city/klamath-falls/beauty-personal-care/noelle-skin-body/",""
"Chelsea's Digital Marketing & Ad Agency","https://www.google.com/maps/place/Chelsea's+Digital+Marketing+%26+Ad+Agency/@46.423669,-129.9427085,3z/data=!4m10!1m2!2m1!1sWeb+Design+and+Digital+Marketing+Klamath+Falls+Oregon!3m6!1s0x6c89f415249c5461:0x779ac5a761ef7537!8m2!3d42.2047505!4d-121.775712!15sCjVXZWIgRGVzaWduIGFuZCBEaWdpdGFsIE1hcmtldGluZyBLbGFtYXRoIEZhbGxzIE9yZWdvblo3IjV3ZWIgZGVzaWduIGFuZCBkaWdpdGFsIG1hcmtldGluZyBrbGFtYXRoIGZhbGxzIG9yZWdvbpIBEG1hcmtldGluZ19hZ2VuY3ngAQA!16s%2Fg%2F11rwcpyjjy?entry=ttu&g_ep=EgoyMDI2MDQyOS4wIKXMDSoASAFQAw%3D%3D","https://chelseasad.com/","(541) 8928815","Marketing agency","klamath-falls__business-professional-services","chelsea-s-digital-marketing-ad-agency","/city/klamath-falls/business-professional-services/chelsea-s-digital-marketing-ad-agency/",""
"Digital Marketing 1on1 SEO","https://www.google.com/maps/place/Digital+Marketing+1on1+SEO/@46.423669,-129.9427085,3z/data=!4m10!1m2!2m1!1sWeb+Design+and+Digital+Marketing+Klamath+Falls+Oregon!3m6!1s0x54cf7b56ac8ab047:0x7fdd08e8267cb1f5!8m2!3d42.6383101!4d-122.8700344!15sCjVXZWIgRGVzaWduIGFuZCBEaWdpdGFsIE1hcmtldGluZyBLbGFtYXRoIEZhbGxzIE9yZWdvblo3IjV3ZWIgZGVzaWduIGFuZCBkaWdpdGFsIG1hcmtldGluZyBrbGFtYXRoIGZhbGxzIG9yZWdvbpIBGmludGVybmV0X21hcmtldGluZ19zZXJ2aWNlmgEkQ2hkRFNVaE5NRzluUzBWSlEwRm5TVU5HZEdSNVRERkJSUkFC4AEA-gEECFQQSg!16s%2Fg%2F11qsvxp4y8?entry=ttu&g_ep=EgoyMDI2MDQyOS4wIKXMDSoASAFQAw%3D%3D","https://www.marketing1on1.com/digital-marketing-seo-medford/","(818) 5384805","Internet marketing service","klamath-falls__business-professional-services","digital-marketing-1on1-seo","/city/klamath-falls/business-professional-services/digital-marketing-1on1-seo/",""
"H2 Design & Web Services, LLC","https://www.google.com/maps/place/H2+Design+%26+Web+Services,+LLC/@46.423669,-129.9427085,3z/data=!4m10!1m2!2m1!1sWeb+Design+and+Digital+Marketing+Klamath+Falls+Oregon!3m6!1s0x54c8d54570c5e89f:0x51780269da36aecb!8m2!3d42.2047505!4d-121.7683706!15sCjVXZWIgRGVzaWduIGFuZCBEaWdpdGFsIE1hcmtldGluZyBLbGFtYXRoIEZhbGxzIE9yZWdvblo3IjV3ZWIgZGVzaWduIGFuZCBkaWdpdGFsIG1hcmtldGluZyBrbGFtYXRoIGZhbGxzIG9yZWdvbpIBEHdlYnNpdGVfZGVzaWduZXKaASRDaGREU1VoTk1HOW5TMFZKUTBGblNVUnVhUzFxZWpOblJSQULgAQD6AQQIThAz!16s%2Fg%2F11y4_kzmn0?entry=ttu&g_ep=EgoyMDI2MDQyOS4wIKXMDSoASAFQAw%3D%3D","https://h2webd.com/","(458) 2549411","Website designer","klamath-falls__business-professional-services","h2-design-web-services-llc","/city/klamath-falls/business-professional-services/h2-design-web-services-llc/",""
"High Desert Promotions & Ptg","https://www.google.com/maps/place/High+Desert+Promotions+%26+Ptg/@46.423669,-129.9427085,3z/data=!4m10!1m2!2m1!1sWeb+Design+and+Digital+Marketing+Klamath+Falls+Oregon!3m6!1s0x54c8d4efe26a1a55:0x6739323a976ccb9c!8m2!3d46.423669!4d-129.9427086!15sCjVXZWIgRGVzaWduIGFuZCBEaWdpdGFsIE1hcmtldGluZyBLbGFtYXRoIEZhbGxzIE9yZWdvblo3IjV3ZWIgZGVzaWduIGFuZCBkaWdpdGFsIG1hcmtldGluZyBrbGFtYXRoIGZhbGxzIG9yZWdvbpIBHXByb21vdGlvbmFsX3Byb2R1Y3RzX3N1cHBsaWVymgEkQ2hkRFNVaE5NRzluUzBWSlEwRm5TVU5rZEV3Mlp6TjNSUkFC4AEA-gEECAAQKg!16s%2Fg%2F1tf47ws6?entry=ttu&g_ep=EgoyMDI2MDQyOS4wIKXMDSoASAFQAw%3D%3D","http://www.hdlogos.com/","(541) 2052887","Promotional products supplier","klamath-falls__business-professional-services","high-desert-promotions-ptg","/city/klamath-falls/business-professional-services/high-desert-promotions-ptg/",""
"Retlaw Marketing, LLC","https://www.google.com/maps/place/Retlaw+Marketing,+LLC/@46.423669,-129.9427085,3z/data=!4m10!1m2!2m1!1sWeb+Design+and+Digital+Marketing+Klamath+Falls+Oregon!3m6!1s0x54cf7bdc03c1b167:0xdea7027bfcea3a1!8m2!3d46.423669!4d-129.9427086!15sCjVXZWIgRGVzaWduIGFuZCBEaWdpdGFsIE1hcmtldGluZyBLbGFtYXRoIEZhbGxzIE9yZWdvbpIBEG1hcmtldGluZ19hZ2VuY3ngAQA!16s%2Fg%2F11h5s1rltm?entry=ttu&g_ep=EgoyMDI2MDQyOS4wIKXMDSoASAFQAw%3D%3D","https://www.retlawmarketing.com/","(541) 6217769","Marketing agency","klamath-falls__business-professional-services","retlaw-marketing-llc","/city/klamath-falls/business-professional-services/retlaw-marketing-llc/",""
"Silver Rockets Web & Graphic Design","https://www.google.com/maps/place/Silver+Rockets+Web+%26+Graphic+Design/@46.423669,-129.9427085,3z/data=!4m10!1m2!2m1!1sWeb+Design+and+Digital+Marketing+Klamath+Falls+Oregon!3m6!1s0x54cf7b1751a5e687:0x6b41be13adaf2c6a!8m2!3d42.4999394!4d-122.7570045!15sCjVXZWIgRGVzaWduIGFuZCBEaWdpdGFsIE1hcmtldGluZyBLbGFtYXRoIEZhbGxzIE9yZWdvblo3IjV3ZWIgZGVzaWduIGFuZCBkaWdpdGFsIG1hcmtldGluZyBrbGFtYXRoIGZhbGxzIG9yZWdvbpIBEHdlYnNpdGVfZGVzaWduZXLgAQA!16s%2Fg%2F11gbfdhf8t?entry=ttu&g_ep=EgoyMDI2MDQyOS4wIKXMDSoASAFQAw%3D%3D","https://silver-rockets.com/","(541) 6214190","Website designer","klamath-falls__business-professional-services","silver-rockets-web-graphic-design","/city/klamath-falls/business-professional-services/silver-rockets-web-graphic-design/",""
"Solve & Create","https://www.google.com/maps/place/Solve+%26+Create/@46.423669,-129.9427085,3z/data=!4m10!1m2!2m1!1sWeb+Design+and+Digital+Marketing+Klamath+Falls+Oregon!3m6!1s0x54cf976f2c480af3:0x1c1ca2e21a2559fd!8m2!3d38.5717605!4d-121.1749576!15sCjVXZWIgRGVzaWduIGFuZCBEaWdpdGFsIE1hcmtldGluZyBLbGFtYXRoIEZhbGxzIE9yZWdvblo3IjV3ZWIgZGVzaWduIGFuZCBkaWdpdGFsIG1hcmtldGluZyBrbGFtYXRoIGZhbGxzIG9yZWdvbpIBEG1hcmtldGluZ19hZ2VuY3maASNDaFpEU1VoTk1HOW5TMFZKUTBGblNVTXpNM1JNU2xSbkVBReABAPoBBQjBCRBJ!16s%2Fg%2F11cn9ymv08?entry=ttu&g_ep=EgoyMDI2MDQyOS4wIKXMDSoASAFQAw%3D%3D","http://solveandcreate.com/","(541) 4147301","Marketing agency","klamath-falls__business-professional-services","solve-create","/city/klamath-falls/business-professional-services/solve-create/",""
"VMVB Marketing and Designs","https://www.google.com/maps/place/VMVB+Marketing+and+Designs/@46.423669,-129.9427085,3z/data=!4m10!1m2!2m1!1sWeb+Design+and+Digital+Marketing+Klamath+Falls+Oregon!3m6!1s0x487aa98caf7b33f9:0x5c706f170943c544!8m2!3d46.423669!4d-129.9427086!15sCjVXZWIgRGVzaWduIGFuZCBEaWdpdGFsIE1hcmtldGluZyBLbGFtYXRoIEZhbGxzIE9yZWdvbpIBEHdlYnNpdGVfZGVzaWduZXLgAQA!16s%2Fg%2F11lcs4z683?entry=ttu&g_ep=EgoyMDI2MDQyOS4wIKXMDSoASAFQAw%3D%3D","https://blog.vmvbmarketingandesigns.com/","(541) 7198227","Website designer","klamath-falls__business-professional-services","vmvb-marketing-and-designs","/city/klamath-falls/business-professional-services/vmvb-marketing-and-designs/",""
"Affordable Landscape & Remodel","https://www.google.com/maps/place/Affordable+Landscape+%26+Remodel/@42.1944036,-122.2919922,10z/data=!4m10!1m2!2m1!1sLandscaping+Klamath+Falls+Oregon!3m6!1s0x60ca3fc05761b7e3:0xb00afaae370b2282!8m2!3d42.1774421!4d-121.623731!15sCiBMYW5kc2NhcGluZyBLbGFtYXRoIEZhbGxzIE9yZWdvbloiIiBsYW5kc2NhcGluZyBrbGFtYXRoIGZhbGxzIG9yZWdvbpIBEmdlbmVyYWxfY29udHJhY3RvcuABAA!16s%2Fg%2F11t3g_gfc1?entry=ttu&g_ep=EgoyMDI2MDQyOS4wIKXMDSoASAFQAw%3D%3D","","(458) 2546150","General contractor","klamath-falls__construction-home-services","affordable-landscape-remodel","/city/klamath-falls/construction-home-services/affordable-landscape-remodel/",""
"Aspen Plumbing Inc","https://www.google.com/maps/place/Aspen+Plumbing+Inc/@42.8048475,-124.5823117,8z/data=!4m10!1m2!2m1!1sPlumbers+Klamath+Falls+Oregon!3m6!1s0x81b2d401ab69eead:0xc90320a83899c0b7!8m2!3d42.8050116!4d-120.824709!15sCh1QbHVtYmVycyBLbGFtYXRoIEZhbGxzIE9yZWdvblofIh1wbHVtYmVycyBrbGFtYXRoIGZhbGxzIG9yZWdvbpIBB3BsdW1iZXKaAURDaTlEUVVsUlFVTnZaRU5vZEhsalJqbHZUMnhzVGs1VlVUQmFhbFpLVkZWek1scFhSWHBXYTNBMlZESTFNVTFXUlJBQuABAPoBBAgAEDg!16s%2Fg%2F11ykxyhbpb?entry=ttu&g_ep=EgoyMDI2MDQyOS4wIKXMDSoASAFQAw%3D%3D","https://aspenplumbing42.com/?utm_source=omg-gbp&utm_medium=webclick","(541) 8911333","Plumber","klamath-falls__construction-home-services","aspen-plumbing-inc","/city/klamath-falls/construction-home-services/aspen-plumbing-inc/",""
"Burch Plumbing Corp","https://www.google.com/maps/place/Burch+Plumbing+Corp/@42.8048475,-124.5823117,8z/data=!4m10!1m2!2m1!1sPlumbers+Klamath+Falls+Oregon!3m6!1s0x8d8242d599f202e9:0x74d320e250707583!8m2!3d42.2047505!4d-121.775712!15sCh1QbHVtYmVycyBLbGFtYXRoIEZhbGxzIE9yZWdvblofIh1wbHVtYmVycyBrbGFtYXRoIGZhbGxzIG9yZWdvbpIBB3BsdW1iZXKaASRDaGREU1VoTk1HOW5TMFZKUTBGblNVTlFNbUkzVGpsUlJSQULgAQD6AQQIABA3!16s%2Fg%2F11vpwt9h1n?entry=ttu&g_ep=EgoyMDI2MDQyOS4wIKXMDSoASAFQAw%3D%3D","","(541) 2814420","Plumber","klamath-falls__construction-home-services","burch-plumbing-corp","/city/klamath-falls/construction-home-services/burch-plumbing-corp/",""
"Butler Sewer & Drain Cleaning","https://www.google.com/maps/place/Butler+Sewer+%26+Drain+Cleaning/@42.8048475,-124.5823117,8z/data=!4m10!1m2!2m1!1sPlumbers+Klamath+Falls+Oregon!3m6!1s0x54c8d4e59317e8bd:0xaa6cdeab18825a1f!8m2!3d42.8048475!4d-122.1433469!15sCh1QbHVtYmVycyBLbGFtYXRoIEZhbGxzIE9yZWdvblofIh1wbHVtYmVycyBrbGFtYXRoIGZhbGxzIG9yZWdvbpIBB3BsdW1iZXKaASNDaFpEU1VoTk1HOW5TMFZKUTBGblNVTmFjR05sUWxWM0VBReABAPoBBAgAEEQ!16s%2Fg%2F1260b37_n?entry=ttu&g_ep=EgoyMDI2MDQyOS4wIKXMDSoASAFQAw%3D%3D","https://butlerseweranddrain.com/medford-or/","(541) 2813310","Plumber","klamath-falls__construction-home-services","butler-sewer-drain-cleaning","/city/klamath-falls/construction-home-services/butler-sewer-drain-cleaning/",""
"Dan Collins Concrete","https://www.google.com/maps/place/Dan+Collins+Concrete/@43.1519435,-122.13556,8z/data=!4m10!1m2!2m1!1sConcrete+Contractors+Klamath+Falls+Oregon!3m6!1s0x54c8d4e5f20868ad:0x60c44e09ae2ceef8!8m2!3d42.8048475!4d-121.5848885!15sCilDb25jcmV0ZSBDb250cmFjdG9ycyBLbGFtYXRoIEZhbGxzIE9yZWdvbpIBE2NvbmNyZXRlX2NvbnRyYWN0b3LgAQA!16s%2Fg%2F1tjjp2p9?entry=ttu&g_ep=EgoyMDI2MDQyOS4wIKXMDSoASAFQAw%3D%3D","","(541) 8825202","Concrete contractor","klamath-falls__construction-home-services","dan-collins-concrete","/city/klamath-falls/construction-home-services/dan-collins-concrete/",""
"Epic Lawn Salon","https://www.google.com/maps/place/Epic+Lawn+Salon/@42.1944036,-122.2919922,10z/data=!4m10!1m2!2m1!1sLandscaping+Klamath+Falls+Oregon!3m6!1s0x2abe95a000a9a895:0x7bf917402cf10d71!8m2!3d42.2047505!4d-121.775712!15sCiBMYW5kc2NhcGluZyBLbGFtYXRoIEZhbGxzIE9yZWdvbloiIiBsYW5kc2NhcGluZyBrbGFtYXRoIGZhbGxzIG9yZWdvbpIBEWxhd25fY2FyZV9zZXJ2aWNlmgFEQ2k5RFFVbFJRVU52WkVOb2RIbGpSamx2VDI1Wk5XVnJhR3BVYlhoRldIcHNXRlZIVmxOVGVscERVVlpPZFU0eVl4QULgAQD6AQQIABA7!16s%2Fg%2F11y1x45_18?entry=ttu&g_ep=EgoyMDI2MDQyOS4wIKXMDSoASAFQAw%3D%3D","http://epic-lawn-salon-cjzfe.zensmb.com/","(541) 8914832","Lawn care service","klamath-falls__construction-home-services","epic-lawn-salon","/city/klamath-falls/construction-home-services/epic-lawn-salon/",""
"Gundersen Construction Llc","https://www.google.com/maps/place/Gundersen+Construction+Llc/@42.1328454,-124.3690033,8z/data=!4m10!1m2!2m1!1sRoofing+Contractor+Klamath+Falls+Oregon!3m6!1s0x28229a7be39d3259:0xd5beba2448c656d0!8m2!3d42.2047505!4d-121.775712!15sCidSb29maW5nIENvbnRyYWN0b3IgS2xhbWF0aCBGYWxscyBPcmVnb25aKSIncm9vZmluZyBjb250cmFjdG9yIGtsYW1hdGggZmFsbHMgb3JlZ29ukgESZ2VuZXJhbF9jb250cmFjdG9ymgEkQ2hkRFNVaE5NRzluUzBWSlEwRm5UVU5uY2sxVWNIZDNSUkFC4AEA-gEFCNsBEEE!16s%2Fg%2F11rn41vqbf?entry=ttu&g_ep=EgoyMDI2MDQyOS4wIKXMDSoASAFQAw%3D%3D","","(541) 3311648","General contractor","klamath-falls__construction-home-services","gundersen-construction-llc","/city/klamath-falls/construction-home-services/gundersen-construction-llc/",""
"Havilah Plumbing, LLC","https://www.google.com/maps/place/Havilah+Plumbing,+LLC/@42.8048475,-124.5823117,8z/data=!4m10!1m2!2m1!1sPlumbers+Klamath+Falls+Oregon!3m6!1s0x54ce33bcb0a3a8a1:0xa2b2467bb0d46bad!8m2!3d42.144857!4d-121.721514!15sCh1QbHVtYmVycyBLbGFtYXRoIEZhbGxzIE9yZWdvblofIh1wbHVtYmVycyBrbGFtYXRoIGZhbGxzIG9yZWdvbpIBB3BsdW1iZXKaASNDaFpEU1VoTk1HOW5TMFZKUTBGblRVUnZMWE5pTUdWbkVBReABAPoBBAgWEEE!16s%2Fg%2F11ll9wn4k0?entry=ttu&g_ep=EgoyMDI2MDQyOS4wIKXMDSoASAFQAw%3D%3D","","(541) 5910417","Plumber","klamath-falls__construction-home-services","havilah-plumbing-llc","/city/klamath-falls/construction-home-services/havilah-plumbing-llc/",""
"Head Concrete Inc","https://www.google.com/maps/place/Head+Concrete+Inc/@43.1519435,-122.13556,8z/data=!4m10!1m2!2m1!1sConcrete+Contractors+Klamath+Falls+Oregon!3m6!1s0x54c8d5bcaa5d573b:0x9531dd38946d59cb!8m2!3d42.8048475!4d-121.5848885!15sCilDb25jcmV0ZSBDb250cmFjdG9ycyBLbGFtYXRoIEZhbGxzIE9yZWdvbpIBE2NvbmNyZXRlX2NvbnRyYWN0b3LgAQA!16s%2Fg%2F1tf_n0k7?entry=ttu&g_ep=EgoyMDI2MDQyOS4wIKXMDSoASAFQAw%3D%3D","https://www.headpaintingandconcrete.com/","(541) 8843582","Concrete contractor","klamath-falls__construction-home-services","head-concrete-inc","/city/klamath-falls/construction-home-services/head-concrete-inc/",""
"Hernandez General Maintenance LLC","https://www.google.com/maps/place/Hernandez+General+Maintenance+LLC/@42.1997365,-122.3515644,10z/data=!4m10!1m2!2m1!1sLandscaping+Klamath+Falls+Oregon!3m6!1s0xa9f70bd019bda0df:0x2828bcb7a89ed0ad!8m2!3d42.782124!4d-121.5848885!15sCiBMYW5kc2NhcGluZyBLbGFtYXRoIEZhbGxzIE9yZWdvbloiIiBsYW5kc2NhcGluZyBrbGFtYXRoIGZhbGxzIG9yZWdvbpIBEmdlbmVyYWxfY29udHJhY3RvcpoBJENoZERTVWhOTUc5blMwVkpRMEZuU1VRM2NIUkRORjlSUlJBQuABAPoBBQjYAhAj!16s%2Fg%2F11qbwr88dh?entry=ttu&g_ep=EgoyMDI2MDQyOS4wIKXMDSoASAFQAw%3D%3D","","(541) 3632178","General contractor","klamath-falls__construction-home-services","hernandez-general-maintenance-llc","/city/klamath-falls/construction-home-services/hernandez-general-maintenance-llc/",""
"Humble Painting and Handyman Service","https://www.google.com/maps/place/Humble+Painting+and+Handyman+Service/@42.1328454,-124.3690033,8z/data=!4m10!1m2!2m1!1sRoofing+Contractor+Klamath+Falls+Oregon!3m6!1s0x8184963c9dc4723d:0xf8d5dfe86bc48c1a!8m2!3d42.8048475!4d-121.5848885!15sCidSb29maW5nIENvbnRyYWN0b3IgS2xhbWF0aCBGYWxscyBPcmVnb25aKSIncm9vZmluZyBjb250cmFjdG9yIGtsYW1hdGggZmFsbHMgb3JlZ29ukgEHcGFpbnRlcpoBI0NoWkRTVWhOTUc5blMwVkpRMEZuU1VOaWVYQXRRMGQzRUFF4AEA-gEECB0QGg!16s%2Fg%2F11vxjsdqvs?entry=ttu&g_ep=EgoyMDI2MDQyOS4wIKXMDSoASAFQAw%3D%3D","https://www.humblepaintingandhandymanservice.online/","(541) 2740932","Painter","klamath-falls__construction-home-services","humble-painting-and-handyman-service","/city/klamath-falls/construction-home-services/humble-painting-and-handyman-service/",""
"Huntsman Concrete & Epoxy LLC","https://www.google.com/maps/place/Huntsman+Concrete+%26+Epoxy+LLC/@43.1519435,-122.13556,8z/data=!4m10!1m2!2m1!1sConcrete+Contractors+Klamath+Falls+Oregon!3m6!1s0x254add21e74012af:0x1e95f3085257053d!8m2!3d42.2047505!4d-121.775712!15sCilDb25jcmV0ZSBDb250cmFjdG9ycyBLbGFtYXRoIEZhbGxzIE9yZWdvblorIiljb25jcmV0ZSBjb250cmFjdG9ycyBrbGFtYXRoIGZhbGxzIG9yZWdvbpIBE2NvbmNyZXRlX2NvbnRyYWN0b3KaAURDaTlEUVVsUlFVTnZaRU5vZEhsalJqbHZUMnQwUzJWRVdUQmxSbXhXV2tWU1VHSXphRlZXYmxwc1ZHdDBNMXBzUlJBQuABAPoBBQi0AhBA!16s%2Fg%2F11sk5q702s?entry=ttu&g_ep=EgoyMDI2MDQyOS4wIKXMDSoASAFQAw%3D%3D","http://huntsmanconcreteandepoxy.com/","(541) 8920335","Concrete contractor","klamath-falls__construction-home-services","huntsman-concrete-epoxy-llc","/city/klamath-falls/construction-home-services/huntsman-concrete-epoxy-llc/",""
"John Crawford Concrete","https://www.google.com/maps/place/John+Crawford+Concrete/@43.1519435,-122.13556,8z/data=!4m10!1m2!2m1!1sConcrete+Contractors+Klamath+Falls+Oregon!3m6!1s0x54c8d5888dd00a9b:0x39b9e35f47741a4!8m2!3d42.8048475!4d-121.5848885!15sCilDb25jcmV0ZSBDb250cmFjdG9ycyBLbGFtYXRoIEZhbGxzIE9yZWdvbpIBE2NvbmNyZXRlX2NvbnRyYWN0b3LgAQA!16s%2Fg%2F11q1vmpr2m?entry=ttu&g_ep=EgoyMDI2MDQyOS4wIKXMDSoASAFQAw%3D%3D","","(541) 8516892","Concrete contractor","klamath-falls__construction-home-services","john-crawford-concrete","/city/klamath-falls/construction-home-services/john-crawford-concrete/",""
"Klamath Continuous Gutter, Inc.","https://www.google.com/maps/place/Klamath+Continuous+Gutter,+Inc./@42.1328454,-124.3690033,8z/data=!4m10!1m2!2m1!1sRoofing+Contractor+Klamath+Falls+Oregon!3m6!1s0x54c92a755f8a3d35:0xdf7429b68365055f!8m2!3d42.2047505!4d-121.775712!15sCidSb29maW5nIENvbnRyYWN0b3IgS2xhbWF0aCBGYWxscyBPcmVnb25aKSIncm9vZmluZyBjb250cmFjdG9yIGtsYW1hdGggZmFsbHMgb3JlZ29ukgEScm9vZmluZ19jb250cmFjdG9ymgEkQ2hkRFNVaE5NRzluUzBWSlEwRm5TVU5DT1RoVE5qTm5SUkFC4AEA-gEECAAQKQ!16s%2Fg%2F1w455bmj?entry=ttu&g_ep=EgoyMDI2MDQyOS4wIKXMDSoASAFQAw%3D%3D","http://klamathcontinuousgutters.com/","(541) 8847000","Roofing contractor","klamath-falls__construction-home-services","klamath-continuous-gutter-inc","/city/klamath-falls/construction-home-services/klamath-continuous-gutter-inc/",""
"Larson Home Builders LLC","https://www.google.com/maps/place/Larson+Home+Builders+LLC/@42.1328454,-124.3690033,8z/data=!4m10!1m2!2m1!1sRoofing+Contractor+Klamath+Falls+Oregon!3m6!1s0x54ced32121d2c85d:0x317839d5fa11bfe7!8m2!3d42.8048475!4d-121.5848885!15sCidSb29maW5nIENvbnRyYWN0b3IgS2xhbWF0aCBGYWxscyBPcmVnb26SAQxob21lX2J1aWxkZXLgAQA!16s%2Fg%2F11b_00px08?entry=ttu&g_ep=EgoyMDI2MDQyOS4wIKXMDSoASAFQAw%3D%3D","http://www.larsonhomebuilders.com/","(541) 2816199","Home builder","klamath-falls__construction-home-services","larson-home-builders-llc","/city/klamath-falls/construction-home-services/larson-home-builders-llc/",""
"Legacy Painting & Construction LLC","https://www.google.com/maps/place/Legacy+Painting+%26+Construction+LLC/@43.1519435,-122.13556,8z/data=!4m10!1m2!2m1!1sConcrete+Contractors+Klamath+Falls+Oregon!3m6!1s0x1a1d0e9a7bcbda7:0xea3f9574071c40d6!8m2!3d42.614174!4d-122.0650215!15sCilDb25jcmV0ZSBDb250cmFjdG9ycyBLbGFtYXRoIEZhbGxzIE9yZWdvblorIiljb25jcmV0ZSBjb250cmFjdG9ycyBrbGFtYXRoIGZhbGxzIG9yZWdvbpIBCHBhaW50aW5nmgFEQ2k5RFFVbFJRVU52WkVOb2RIbGpSamx2VDI1Wk5GTnViM2hSV0hCcVZUQk9WVTVyWkhSUmJYUjBVMWhzTUZORlJSQULgAQD6AQQIfxA0!16s%2Fg%2F11spp80pf5?entry=ttu&g_ep=EgoyMDI2MDQyOS4wIKXMDSoASAFQAw%3D%3D","https://www.legacypaintingandconstruction.com/","(541) 8109687","Painting","klamath-falls__construction-home-services","legacy-painting-construction-llc","/city/klamath-falls/construction-home-services/legacy-painting-construction-llc/",""
"Legion Contracting & Excavation","https://www.google.com/maps/place/Legion+Contracting+%26+Excavation/@43.1519435,-122.13556,8z/data=!4m10!1m2!2m1!1sConcrete+Contractors+Klamath+Falls+Oregon!3m6!1s0x44e3db0e515d08dd:0x75d2294f3707a55d!8m2!3d42.295313!4d-122.0865801!15sCilDb25jcmV0ZSBDb250cmFjdG9ycyBLbGFtYXRoIEZhbGxzIE9yZWdvblorIiljb25jcmV0ZSBjb250cmFjdG9ycyBrbGFtYXRoIGZhbGxzIG9yZWdvbpIBFWV4Y2F2YXRpbmdfY29udHJhY3RvcpoBI0NoWkRTVWhOTUc5blMwVkpRMEZuU1VSR09GOTVXR05uRUFF4AEA-gEECFIQQQ!16s%2Fg%2F11twlwdp0p?entry=ttu&g_ep=EgoyMDI2MDQyOS4wIKXMDSoASAFQAw%3D%3D","http://legionexcavation.com/","(541) 8913915","Excavating contractor","klamath-falls__construction-home-services","legion-contracting-excavation","/city/klamath-falls/construction-home-services/legion-contracting-excavation/",""
"LT Excavating & Precast Industries","https://www.google.com/maps/place/LT+Excavating+%26+Precast+Industries/@43.1519435,-122.13556,8z/data=!4m10!1m2!2m1!1sConcrete+Contractors+Klamath+Falls+Oregon!3m6!1s0x2c004e0e39259ef7:0x4780227b7a785501!8m2!3d43.2260514!4d-122.2624315!15sCilDb25jcmV0ZSBDb250cmFjdG9ycyBLbGFtYXRoIEZhbGxzIE9yZWdvblorIiljb25jcmV0ZSBjb250cmFjdG9ycyBrbGFtYXRoIGZhbGxzIG9yZWdvbpIBFWV4Y2F2YXRpbmdfY29udHJhY3RvcpoBJENoZERTVWhOTUc5blMwVkpRMEZuVFVOWmJFbFVNSGxSUlJBQuABAPoBBQigARBF!16s%2Fg%2F11rwjzl5h7?entry=ttu&g_ep=EgoyMDI2MDQyOS4wIKXMDSoASAFQAw%3D%3D","https://www.ltprecastindustries.com/","(541) 5912308","Excavating contractor","klamath-falls__construction-home-services","lt-excavating-precast-industries","/city/klamath-falls/construction-home-services/lt-excavating-precast-industries/",""
"Mathis Concrete","https://www.google.com/maps/place/Mathis+Concrete/@43.1519435,-122.13556,8z/data=!4m10!1m2!2m1!1sConcrete+Contractors+Klamath+Falls+Oregon!3m6!1s0x54c8d5a205118f31:0x7fa0fbd565aa37e6!8m2!3d42.8048475!4d-121.5848885!15sCilDb25jcmV0ZSBDb250cmFjdG9ycyBLbGFtYXRoIEZhbGxzIE9yZWdvblorIiljb25jcmV0ZSBjb250cmFjdG9ycyBrbGFtYXRoIGZhbGxzIG9yZWdvbpIBE2NvbmNyZXRlX2NvbnRyYWN0b3KaASNDaFpEU1VoTk1HOW5TMFZKUTBGblNVUmFPV0ZxWVZSM0VBReABAPoBBAgAEEU!16s%2Fg%2F1w6_nkcd?entry=ttu&g_ep=EgoyMDI2MDQyOS4wIKXMDSoASAFQAw%3D%3D","https://mathisconcretellcco.com/","(541) 8831545","Concrete contractor","klamath-falls__construction-home-services","mathis-concrete","/city/klamath-falls/construction-home-services/mathis-concrete/",""
"Outlaw Roofing","https://www.google.com/maps/place/Outlaw+Roofing/@42.1328454,-124.3690033,8z/data=!4m10!1m2!2m1!1sRoofing+Contractor+Klamath+Falls+Oregon!3m6!1s0x54c8d5894c6e1661:0x550c6f8ed0a047d8!8m2!3d42.358855!4d-121.6301196!15sCidSb29maW5nIENvbnRyYWN0b3IgS2xhbWF0aCBGYWxscyBPcmVnb25aKSIncm9vZmluZyBjb250cmFjdG9yIGtsYW1hdGggZmFsbHMgb3JlZ29ukgEScm9vZmluZ19jb250cmFjdG9ymgFEQ2k5RFFVbFJRVU52WkVOb2RIbGpSamx2VDJ4T05GZHJiR2xNVjFsM1kwWTVTMkpJVVRCUlYzaHdVbnBHV1Zvd1JSQULgAQD6AQUInAEQRQ!16s%2Fg%2F11s0vk_gcm?entry=ttu&g_ep=EgoyMDI2MDQyOS4wIKXMDSoASAFQAw%3D%3D","https://www.outlawroofing.net/","(541) 8104145","Roofing contractor","klamath-falls__construction-home-services","outlaw-roofing","/city/klamath-falls/construction-home-services/outlaw-roofing/",""
"Red Buffalo firewood & Landscaping LLC","https://www.google.com/maps/place/Red+Buffalo+firewood+%26+Landscaping+LLC/@42.3629904,-121.7618516,10z/data=!4m10!1m2!2m1!1sLandscaping+Klamath+Falls+Oregon!3m6!1s0x8a7d2f908e526cd:0x8174b383cadf81e1!8m2!3d42.3629904!4d-121.789946!15sCiBMYW5kc2NhcGluZyBLbGFtYXRoIEZhbGxzIE9yZWdvbloiIiBsYW5kc2NhcGluZyBrbGFtYXRoIGZhbGxzIG9yZWdvbpIBEWZpcmV3b29kX3N1cHBsaWVymgFEQ2k5RFFVbFJRVU52WkVOb2RIbGpSamx2VDJ0U2MxTkhVa1ZPTVZwdVVUQkdjV1JyT1haU2FURm9VbGRrY0ZKdVl4QULgAQD6AQQIIxAz!16s%2Fg%2F11z1_yrnmm?entry=ttu&g_ep=EgoyMDI2MDQyOS4wIKXMDSoASAFQAw%3D%3D","","(541) 2384220","Firewood supplier","klamath-falls__construction-home-services","red-buffalo-firewood-landscaping-llc","/city/klamath-falls/construction-home-services/red-buffalo-firewood-landscaping-llc/",""
"Shield Wall Construction LLC","https://www.google.com/maps/place/Shield+Wall+Construction+LLC/@42.1328454,-124.3690033,8z/data=!4m10!1m2!2m1!1sRoofing+Contractor+Klamath+Falls+Oregon!3m6!1s0x69296c584d1303c3:0xc105f1f436730025!8m2!3d42.8048475!4d-121.5848885!15sCidSb29maW5nIENvbnRyYWN0b3IgS2xhbWF0aCBGYWxscyBPcmVnb25aKSIncm9vZmluZyBjb250cmFjdG9yIGtsYW1hdGggZmFsbHMgb3JlZ29ukgEScm9vZmluZ19jb250cmFjdG9ymgFEQ2k5RFFVbFJRVU52WkVOb2RIbGpSamx2VDJrd01HVkdhRXhVTVVKU1pHeGFOR05ZVm10TVZVVTFWRlphV1ZOc1JSQULgAQD6AQUIhQEQNw!16s%2Fg%2F11ydc2q7zw?entry=ttu&g_ep=EgoyMDI2MDQyOS4wIKXMDSoASAFQAw%3D%3D","https://shieldwallconstructionservices.com/","(541) 2196136","Roofing contractor","klamath-falls__construction-home-services","shield-wall-construction-llc","/city/klamath-falls/construction-home-services/shield-wall-construction-llc/",""
"SMC Construction LLC","https://www.google.com/maps/place/SMC+Construction+LLC/@42.4615131,-125.2634357,8z/data=!4m10!1m2!2m1!1sConcrete+Contractors+Klamath+Falls+Oregon!3m6!1s0x54c92b500323513d:0xe5ebd96c9e7e62c6!8m2!3d42.2047505!4d-121.775712!15sCilDb25jcmV0ZSBDb250cmFjdG9ycyBLbGFtYXRoIEZhbGxzIE9yZWdvblorIiljb25jcmV0ZSBjb250cmFjdG9ycyBrbGFtYXRoIGZhbGxzIG9yZWdvbpIBCmNvbnRyYWN0b3LgAQA!16s%2Fg%2F11mpclnsmw?entry=ttu&g_ep=EgoyMDI2MDQyOS4wIKXMDSoASAFQAw%3D%3D","http://smcconstructionllc.com/","(541) 2817181","Contractor","klamath-falls__construction-home-services","smc-construction-llc","/city/klamath-falls/construction-home-services/smc-construction-llc/",""
"Top Notch Lawn Care & Landscape Maintenance llc","https://www.google.com/maps/place/Top+Notch+Lawn+Care+%26+Landscape+Maintenance+llc/@42.183711,-122.4279902,10z/data=!4m10!1m2!2m1!1sLandscaping+Klamath+Falls+Oregon!3m6!1s0x54c8d5cc47e04e01:0xadc6009580dec052!8m2!3d42.2047505!4d-121.775712!15sCiBMYW5kc2NhcGluZyBLbGFtYXRoIEZhbGxzIE9yZWdvbloiIiBsYW5kc2NhcGluZyBrbGFtYXRoIGZhbGxzIG9yZWdvbpIBEWxhd25fY2FyZV9zZXJ2aWNlmgEjQ2haRFNVaE5NRzluUzBWSlEwRm5UVU5uZGsxRU1FMVJFQUXgAQD6AQQIcRBK!16s%2Fg%2F11h0yc_rkb?entry=ttu&g_ep=EgoyMDI2MDQyOS4wIKXMDSoASAFQAw%3D%3D","","(541) 8925527","Lawn care service","klamath-falls__construction-home-services","top-notch-lawn-care-landscape-maintenance-llc","/city/klamath-falls/construction-home-services/top-notch-lawn-care-landscape-maintenance-llc/",""
"Twice as Nice Construction","https://www.google.com/maps/place/Twice+as+Nice+Construction/@43.1519435,-122.13556,8z/data=!4m10!1m2!2m1!1sConcrete+Contractors+Klamath+Falls+Oregon!3m6!1s0x22caafdd62061937:0xd19db9f3f10b3ffd!8m2!3d42.3536384!4d-121.109055!15sCilDb25jcmV0ZSBDb250cmFjdG9ycyBLbGFtYXRoIEZhbGxzIE9yZWdvblorIiljb25jcmV0ZSBjb250cmFjdG9ycyBrbGFtYXRoIGZhbGxzIG9yZWdvbpIBDGhvbWVfYnVpbGRlcpoBJENoZERTVWhOTUc5blMwVkpRMEZuU1VScU5uWlBiWEJuUlJBQuABAPoBBQiTARA9!16s%2Fg%2F11sf7pgsb3?entry=ttu&g_ep=EgoyMDI2MDQyOS4wIKXMDSoASAFQAw%3D%3D","https://www.twiceasnice.construction/","(541) 5911712","Home builder","klamath-falls__construction-home-services","twice-as-nice-construction","/city/klamath-falls/construction-home-services/twice-as-nice-construction/",""
"Worrall Contractors LLC","https://www.google.com/maps/place/Worrall+Contractors+LLC/@42.183711,-122.4279902,10z/data=!4m10!1m2!2m1!1sLandscaping+Klamath+Falls+Oregon!3m6!1s0x549571d0ea73ac2b:0x5c1581eeb5158534!8m2!3d42.295313!4d-122.157247!15sCiBMYW5kc2NhcGluZyBLbGFtYXRoIEZhbGxzIE9yZWdvbloiIiBsYW5kc2NhcGluZyBrbGFtYXRoIGZhbGxzIG9yZWdvbpIBFGNvbnN0cnVjdGlvbl9jb21wYW55mgFEQ2k5RFFVbFJRVU52WkVOb2RIbGpSamx2VDJ0S1ZsbHJiRFJYUmtKMFlXMU9SbFF6Vm5CTVdFWldZVWhrZWxvell4QULgAQD6AQQIQBA0!16s%2Fg%2F11smdpdwcg?entry=ttu&g_ep=EgoyMDI2MDQyOS4wIKXMDSoASAFQAw%3D%3D","https://worrallcontractors.com/","(971) 4010079","Construction company","klamath-falls__construction-home-services","worrall-contractors-llc","/city/klamath-falls/construction-home-services/worrall-contractors-llc/",""
"The Coffee Grind","https://www.google.com/maps/place/The+Coffee+Grind/@46.423669,-130.0189263,13z/data=!4m11!1m3!2m2!1sCoffee+Shops+Klamath+Falls+Oregon!6e5!3m6!1s0x54c8d5792264bd57:0x6dcc8d6cf9620d8c!8m2!3d46.423669!4d-129.9427086!15sCiFDb2ZmZWUgU2hvcHMgS2xhbWF0aCBGYWxscyBPcmVnb25aIyIhY29mZmVlIHNob3BzIGtsYW1hdGggZmFsbHMgb3JlZ29ukgEMY29mZmVlX3N0b3Jl4AEA!16s%2Fg%2F11k6r0bdcs?entry=ttu&g_ep=EgoyMDI2MDQyOS4wIKXMDSoASAFQAw%3D%3D","https://coffeegrindco.com/","","Coffee store","klamath-falls__food-dining","the-coffee-grind","/city/klamath-falls/food-dining/the-coffee-grind/",""
"Millard Dental LLC","https://www.google.com/maps/place/Millard+Dental+LLC/@46.423669,-129.9427085,3z/data=!4m10!1m2!2m1!1sDentists+Klamath+Falls+Oregon!3m6!1s0x54c8d56b5428249d:0x5f38dcf8f6db9eb9!8m2!3d46.423669!4d-129.9427086!15sCh1EZW50aXN0cyBLbGFtYXRoIEZhbGxzIE9yZWdvblofIh1kZW50aXN0cyBrbGFtYXRoIGZhbGxzIG9yZWdvbpIBB2RlbnRpc3SaAURDaTlEUVVsUlFVTnZaRU5vZEhsalJqbHZUMjAxZG1OclZUQmpia3BhVlVWT1JHRkdaREZPYmxKVVkyMWFTR0Z0WXhBQuABAPoBBAgAEEg!16s%2Fg%2F1hdzcfwzc?entry=ttu&g_ep=EgoyMDI2MDQyOS4wIKXMDSoASAFQAw%3D%3D","http://www.millarddental.com/","(541) 8841333","Dentist","klamath-falls__health-medical","millard-dental-llc","/city/klamath-falls/health-medical/millard-dental-llc/",""
"WM Klamath Falls, OR","https://www.google.com/maps/place/WM+-+Klamath+Falls,+OR/@42.8048475,-121.6229973,14z/data=!4m10!1m2!2m1!1sLaw+Firms+Klamath+Falls+Oregon!3m6!1s0x54c8d53041222177:0x8c6f808d76a2e282!8m2!3d42.8048475!4d-121.5848885!15sCh5MYXcgRmlybXMgS2xhbWF0aCBGYWxscyBPcmVnb25aICIebGF3IGZpcm1zIGtsYW1hdGggZmFsbHMgb3JlZ29ukgEaZ2FyYmFnZV9jb2xsZWN0aW9uX3NlcnZpY2WaAURDaTlEUVVsUlFVTnZaRU5vZEhsalJqbHZUMjVHZFU1cmJFTk9NRzgwVmtWT2FWZFlXbnBPUjJNMVdqRlNObFp0WXhBQuABAPoBBAgAEEY!16s%2Fg%2F1tjy16s7?entry=ttu&g_ep=EgoyMDI2MDQyOS4wIKXMDSoASAFQAw%3D%3D","https://www.wm.com/?utm_source=gmb&utm_medium=organic&utm_campaign=S03325","(541) 8847706","Garbage collection service","klamath-falls__legal-services","wm-klamath-falls-or","/city/klamath-falls/legal-services/wm-klamath-falls-or/",""
"Amber Owings, Realtor for Selling Oregon Realty","https://www.google.com/maps/place/Amber+Owings,+Realtor+for+Selling+Oregon+Realty/@43.1932345,-121.1313854,14z/data=!4m10!1m2!2m1!1sReal+Estate+Agents+Klamath+Falls+Oregon!3m6!1s0x54c8d5df33f53f5d:0x273b988dd39e8a09!8m2!3d43.1932345!4d-121.0932766!15sCidSZWFsIEVzdGF0ZSBBZ2VudHMgS2xhbWF0aCBGYWxscyBPcmVnb25aKSIncmVhbCBlc3RhdGUgYWdlbnRzIGtsYW1hdGggZmFsbHMgb3JlZ29ukgEScmVhbF9lc3RhdGVfYWdlbnRzmgEjQ2haRFNVaE5NRzluUzBWSlEwRm5TVU5zTWpkNVpVVlJFQUXgAQD6AQQIIxBI!16s%2Fg%2F11n09x4y2p?entry=ttu&g_ep=EgoyMDI2MDQyOS4wIKXMDSoASAFQAw%3D%3D","","(541) 5395487","Real estate agent","klamath-falls__real-estate","amber-owings-realtor-for-selling-oregon-realty","/city/klamath-falls/real-estate/amber-owings-realtor-for-selling-oregon-realty/",""
"Art of Barbell Graphic Design & Branding Services","https://www.google.com/maps/place/Art+of+Barbell+-+Graphic+Design+%26+Branding+Services/@46.423669,-129.9427085,3z/data=!4m10!1m2!2m1!1sWeb+Design+and+Digital+Marketing+Medford+Oregon!3m6!1s0x54cf7ba57d1323cd:0x350d6f7b173f55e6!8m2!3d46.423669!4d-129.9427086!15sCi9XZWIgRGVzaWduIGFuZCBEaWdpdGFsIE1hcmtldGluZyBNZWRmb3JkIE9yZWdvbpIBEGdyYXBoaWNfZGVzaWduZXLgAQA!16s%2Fg%2F11h4k6n10r?entry=ttu&g_ep=EgoyMDI2MDQyOS4wIKXMDSoASAFQAw%3D%3D","http://www.artofbarbell.com/","","Graphic designer","medford__business-professional-services","art-of-barbell-graphic-design-branding-services","/city/medford/business-professional-services/art-of-barbell-graphic-design-branding-services/",""
"Clever.ly","https://www.google.com/maps/place/Clever.ly/@46.423669,-129.9427085,3z/data=!4m10!1m2!2m1!1sWeb+Design+and+Digital+Marketing+Medford+Oregon!3m6!1s0x54cf78fabd66fa71:0x8a9a89b0871aef29!8m2!3d46.423669!4d-129.9427086!15sCi9XZWIgRGVzaWduIGFuZCBEaWdpdGFsIE1hcmtldGluZyBNZWRmb3JkIE9yZWdvbpIBEmFkdmVydGlzaW5nX2FnZW5jeeABAA!16s%2Fg%2F1td2z5vb?entry=ttu&g_ep=EgoyMDI2MDQyOS4wIKXMDSoASAFQAw%3D%3D","https://clever.ly/","(503) 2431700","Advertising agency","medford__business-professional-services","clever-ly","/city/medford/business-professional-services/clever-ly/",""
"Giant Haus Creative Agency | Medford, Oregon","https://www.google.com/maps/place/Giant+Haus+Creative+Agency+%7C+Medford,+Oregon/@46.423669,-129.9427085,3z/data=!4m10!1m2!2m1!1sWeb+Design+and+Digital+Marketing+Medford+Oregon!3m6!1s0x54cf7bf429e9d839:0x24a07659a91945af!8m2!3d43.8476965!4d-122.7941404!15sCi9XZWIgRGVzaWduIGFuZCBEaWdpdGFsIE1hcmtldGluZyBNZWRmb3JkIE9yZWdvbloxIi93ZWIgZGVzaWduIGFuZCBkaWdpdGFsIG1hcmtldGluZyBtZWRmb3JkIG9yZWdvbpIBEG1hcmtldGluZ19hZ2VuY3maAURDaTlEUVVsUlFVTnZaRU5vZEhsalJqbHZUMjFqZDA5WWEzaGhWR1I2V20xT2RGWlhjRVZVYWxwUlVtdFNkazVXUlJBQuABAPoBBAgYEEY!16s%2Fg%2F11cn9p4c8g?entry=ttu&g_ep=EgoyMDI2MDQyOS4wIKXMDSoASAFQAw%3D%3D","http://gianthaus.com/","(541) 4223044","Marketing agency","medford__business-professional-services","giant-haus-creative-agency-medford-oregon","/city/medford/business-professional-services/giant-haus-creative-agency-medford-oregon/",""
"Lazy Cow Media","https://www.google.com/maps/place/Lazy+Cow+Media/@46.423669,-129.9427085,3z/data=!4m10!1m2!2m1!1sWeb+Design+and+Digital+Marketing+Medford+Oregon!3m6!1s0x54c5877a84d3b46f:0xa0e919cdeeea076e!8m2!3d46.423669!4d-129.9427086!15sCi9XZWIgRGVzaWduIGFuZCBEaWdpdGFsIE1hcmtldGluZyBNZWRmb3JkIE9yZWdvbloxIi93ZWIgZGVzaWduIGFuZCBkaWdpdGFsIG1hcmtldGluZyBtZWRmb3JkIG9yZWdvbpIBEG1hcmtldGluZ19hZ2VuY3maASRDaGREU1VoTk1HOW5TMFZKUTBGblNVTmFkMkl6V1d0UlJSQULgAQD6AQQIIRA_!16s%2Fg%2F11ghg2j_7q?entry=ttu&g_ep=EgoyMDI2MDQyOS4wIKXMDSoASAFQAw%3D%3D","http://lazycowmedia.com/","(617) 9434658","Marketing agency","medford__business-professional-services","lazy-cow-media","/city/medford/business-professional-services/lazy-cow-media/",""
"PHD Studios","https://www.google.com/maps/place/PHD+Studios/@46.423669,-129.9427085,3z/data=!4m10!1m2!2m1!1sWeb+Design+and+Digital+Marketing+Medford+Oregon!3m6!1s0x54cf7d8a3d8fe755:0x20322cbd5a345be0!8m2!3d46.423669!4d-129.9427086!15sCi9XZWIgRGVzaWduIGFuZCBEaWdpdGFsIE1hcmtldGluZyBNZWRmb3JkIE9yZWdvbloxIi93ZWIgZGVzaWduIGFuZCBkaWdpdGFsIG1hcmtldGluZyBtZWRmb3JkIG9yZWdvbpIBEHdlYnNpdGVfZGVzaWduZXKaASNDaFpEU1VoTk1HOW5TMFZKUTBGblRVUlJjMlp1VUVObkVBReABAPoBBQirBBBK!16s%2Fg%2F11ddxt5k56?entry=ttu&g_ep=EgoyMDI2MDQyOS4wIKXMDSoASAFQAw%3D%3D","https://phd.so/","(541) 5318881","Website designer","medford__business-professional-services","phd-studios","/city/medford/business-professional-services/phd-studios/",""
"Rogue Rex Webmaster Services","https://www.google.com/maps/place/Rogue+Rex+Webmaster+Services/@46.423669,-129.9427085,3z/data=!4m10!1m2!2m1!1sWeb+Design+and+Digital+Marketing+Medford+Oregon!3m6!1s0x54c57caa27b3fd3b:0x5f94f2c8687bcfb4!8m2!3d42.468515!4d-123.0747675!15sCi9XZWIgRGVzaWduIGFuZCBEaWdpdGFsIE1hcmtldGluZyBNZWRmb3JkIE9yZWdvbpIBEHdlYnNpdGVfZGVzaWduZXLgAQA!16s%2Fg%2F11bzxzy_c5?entry=ttu&g_ep=EgoyMDI2MDQyOS4wIKXMDSoASAFQAw%3D%3D","","(541) 6593077","Website designer","medford__business-professional-services","rogue-rex-webmaster-services","/city/medford/business-professional-services/rogue-rex-webmaster-services/",""
"BCC Burns Custom Concrete & Commercial Design","https://www.google.com/maps/place/BCC+Burns+Custom+Concrete+%26+Commercial+Design/@42.4999394,-125.1959693,8z/data=!4m10!1m2!2m1!1sConcrete+Contractors+Medford+Oregon!3m6!1s0x8cd590d00bb41f2b:0x4f69790420762038!8m2!3d42.3271176!4d-122.8196926!15sCiNDb25jcmV0ZSBDb250cmFjdG9ycyBNZWRmb3JkIE9yZWdvblolIiNjb25jcmV0ZSBjb250cmFjdG9ycyBtZWRmb3JkIG9yZWdvbpIBE2NvbmNyZXRlX2NvbnRyYWN0b3KaAURDaTlEUVVsUlFVTnZaRU5vZEhsalJqbHZUMnhPYkdSc2FFUmxhazV3WWpJNVNWSXphRk5PVnpoNFlVWk9SbGxYWXhBQuABAPoBBAgPECQ!16s%2Fg%2F11vs3g0czt?entry=ttu&g_ep=EgoyMDI2MDQyOS4wIKXMDSoASAFQAw%3D%3D","https://southernoregonconstruction.com/","(541) 9511253","Concrete contractor","medford__construction-home-services","bcc-burns-custom-concrete-commercial-design","/city/medford/construction-home-services/bcc-burns-custom-concrete-commercial-design/",""
"Brooks Plumbing","https://www.google.com/maps/place/Brooks+Plumbing/@42.4114574,-124.1584188,9z/data=!4m10!1m2!2m1!1sPlumbers+Medford+Oregon!3m6!1s0x280644511f23f81b:0x1451f12bb905667b!8m2!3d42.4959444!4d-123.1623324!15sChdQbHVtYmVycyBNZWRmb3JkIE9yZWdvbloZIhdwbHVtYmVycyBtZWRmb3JkIG9yZWdvbpIBB3BsdW1iZXKaAURDaTlEUVVsUlFVTnZaRU5vZEhsalJqbHZUMnBXTkZwV1RtaFhhMXBwVkVkd01HTkdZM3BrTUhocVdtczVURTlIWXhBQuABAPoBBAgAEEo!16s%2Fg%2F11vhcvs8bz?entry=ttu&g_ep=EgoyMDI2MDQyOS4wIKXMDSoASAFQAw%3D%3D","https://www.brooksplumbingoregon.com/","(541) 5310664","Plumber","medford__construction-home-services","brooks-plumbing","/city/medford/construction-home-services/brooks-plumbing/",""
"Gordon's Roofing","https://www.google.com/maps/place/Gordon's+Roofing/@42.4187724,-124.58911,9z/data=!4m10!1m2!2m1!1sRoofing+Contractor+Medford+Oregon!3m6!1s0x54cf7a2c718d9a79:0x2a704d21958ee14c!8m2!3d42.3271176!4d-122.9172706!15sCiFSb29maW5nIENvbnRyYWN0b3IgTWVkZm9yZCBPcmVnb25aIyIhcm9vZmluZyBjb250cmFjdG9yIG1lZGZvcmQgb3JlZ29ukgEScm9vZmluZ19jb250cmFjdG9ymgFEQ2k5RFFVbFJRVU52WkVOb2RIbGpSamx2VDIweFMxbFhPWEJVVkd4MFpFWTViR1F5ZERSak1rWk9ZakJPU1U0eVl4QULgAQD6AQQIABAo!16s%2Fg%2F1tgh78_n?entry=ttu&g_ep=EgoyMDI2MDQyOS4wIKXMDSoASAFQAw%3D%3D","https://gordonsroofing.com/","(541) 7720277","Roofing contractor","medford__construction-home-services","gordon-s-roofing","/city/medford/construction-home-services/gordon-s-roofing/",""
"Grass Gator Lawn Care Services LLC","https://www.google.com/maps/place/Grass+Gator+Lawn+Care+Services+LLC/@42.264776,-124.7606585,9z/data=!4m10!1m2!2m1!1sLandscaping+Medford+Oregon!3m6!1s0x27779afaaf8ea0b3:0xe0328528f9f4ba58!8m2!3d42.3271176!4d-122.8619641!15sChpMYW5kc2NhcGluZyBNZWRmb3JkIE9yZWdvblocIhpsYW5kc2NhcGluZyBtZWRmb3JkIG9yZWdvbpIBEWxhd25fY2FyZV9zZXJ2aWNlmgFEQ2k5RFFVbFJRVU52WkVOb2RIbGpSamx2VDIxV1FtUXhiSFpoUlU1S1VtcEtjRkpzT1RWaVJYUlNVbE14UkdGdFl4QULgAQD6AQQIABBM!16s%2Fg%2F11ldty01xr?entry=ttu&g_ep=EgoyMDI2MDQyOS4wIKXMDSoASAFQAw%3D%3D","https://grassgatorlawncare.com/","(541) 2154408","Lawn care service","medford__construction-home-services","grass-gator-lawn-care-services-llc","/city/medford/construction-home-services/grass-gator-lawn-care-services-llc/",""
"HD Plumbing","https://www.google.com/maps/place/HD+Plumbing/@42.4254375,-124.5398178,9z/data=!4m10!1m2!2m1!1sPlumbers+Medford+Oregon!3m6!1s0xa09de3342d4ac67b:0xf69f0f6d0224b63e!8m2!3d42.320098!4d-123.0211896!15sChdQbHVtYmVycyBNZWRmb3JkIE9yZWdvbloZIhdwbHVtYmVycyBtZWRmb3JkIG9yZWdvbpIBB3BsdW1iZXKaASNDaFpEU1VoTk1HOW5TMFZRU0VKNWNtRnFOelJQYVVsbkVBReABAPoBBAhwEEU!16s%2Fg%2F11l6ds2kcp?entry=ttu&g_ep=EgoyMDI2MDQyOS4wIKXMDSoASAFQAw%3D%3D","http://hdplumbingoregon.com/","(541) 6460407","Plumber","medford__construction-home-services","hd-plumbing","/city/medford/construction-home-services/hd-plumbing/",""
"John Minter Construction","https://www.google.com/maps/place/John+Minter+Construction/@42.4187724,-124.58911,9z/data=!4m10!1m2!2m1!1sRoofing+Contractor+Medford+Oregon!3m6!1s0x54cf7c469d46c969:0x19d687308490c7d1!8m2!3d42.3408175!4d-122.8629305!15sCiFSb29maW5nIENvbnRyYWN0b3IgTWVkZm9yZCBPcmVnb25aIyIhcm9vZmluZyBjb250cmFjdG9yIG1lZGZvcmQgb3JlZ29ukgEScm9vZmluZ19jb250cmFjdG9ymgEkQ2hkRFNVaE5NRzluUzBWSlEwRm5TVVJsZEU4dFV6Tm5SUkFC4AEA-gEECHMQTA!16s%2Fg%2F1tdbwgzq?entry=ttu&g_ep=EgoyMDI2MDQyOS4wIKXMDSoASAFQAw%3D%3D","http://contractormedfordoregon.com/","(541) 6016024","Roofing contractor","medford__construction-home-services","john-minter-construction","/city/medford/construction-home-services/john-minter-construction/",""
"Metro Drains","https://www.google.com/maps/place/Metro+Drains/@42.4254375,-124.5398178,9z/data=!4m10!1m2!2m1!1sPlumbers+Medford+Oregon!3m6!1s0xabd4f9ba7e5ea35d:0xc669fd4a9f86cd6!8m2!3d42.4999394!4d-122.7570045!15sChdQbHVtYmVycyBNZWRmb3JkIE9yZWdvbloZIhdwbHVtYmVycyBtZWRmb3JkIG9yZWdvbpIBB3BsdW1iZXKaAURDaTlEUVVsUlFVTnZaRU5vZEhsalJqbHZUMnBXVEZFeVduVmlSRll3WWtaUmVsVnROVzVrVkVKYVZtNWFWMVl6WXhBQuABAPoBBAgAEEA!16s%2Fg%2F11x0xttgdk?entry=ttu&g_ep=EgoyMDI2MDQyOS4wIKXMDSoASAFQAw%3D%3D","https://metro-drains.com/","(541) 7709700","Plumber","medford__construction-home-services","metro-drains","/city/medford/construction-home-services/metro-drains/",""
"Mr Rooter Plumbing","https://www.google.com/maps/place/Mr+Rooter+Plumbing/@42.4959444,-123.1623324,9z/data=!4m10!1m2!2m1!1sPlumbers+Medford+Oregon!3m6!1s0x54cf7b68f1931817:0x6715d6a3200100df!8m2!3d42.39993!4d-122.8196926!15sChdQbHVtYmVycyBNZWRmb3JkIE9yZWdvbloZIhdwbHVtYmVycyBtZWRmb3JkIG9yZWdvbpIBB3BsdW1iZXKaASRDaGREU1VoTk1HOW5TMFZKUTBGblRVUkphVmxtTjE5UlJSQULgAQD6AQQIShA_!16s%2Fg%2F1tfcn1vl?entry=ttu&g_ep=EgoyMDI2MDQyOS4wIKXMDSoASAFQAw%3D%3D","http://mrrooter.com/josephine-jackson-counties/medford","(541) 7738833","Plumber","medford__construction-home-services","mr-rooter-plumbing","/city/medford/construction-home-services/mr-rooter-plumbing/",""
"Plumb Crazy Plumbing and Mechanical","https://www.google.com/maps/place/Plumb+Crazy+Plumbing+and+Mechanical/@42.4254375,-124.5398178,9z/data=!4m10!1m2!2m1!1sPlumbers+Medford+Oregon!3m6!1s0x6ce405a12b3f9a19:0x1f761e99c815cac8!8m2!3d42.969053!4d-122.031454!15sChdQbHVtYmVycyBNZWRmb3JkIE9yZWdvbloZIhdwbHVtYmVycyBtZWRmb3JkIG9yZWdvbpIBB3BsdW1iZXKaASRDaGREU1VoTk1HOW5TMFZKUTBGblNVUXhYemRZVjNKUlJSQULgAQD6AQQIABA9!16s%2Fg%2F11lclpppnj?entry=ttu&g_ep=EgoyMDI2MDQyOS4wIKXMDSoASAFQAw%3D%3D","https://www.plumbcrazyinc.com/","(541) 7780355","Plumber","medford__construction-home-services","plumb-crazy-plumbing-and-mechanical","/city/medford/construction-home-services/plumb-crazy-plumbing-and-mechanical/",""
"Ronin Plumbing and Mechanical","https://www.google.com/maps/place/Ronin+Plumbing+and+Mechanical/@42.4114574,-124.1584188,9z/data=!4m10!1m2!2m1!1sPlumbers+Medford+Oregon!3m6!1s0x8f7adc0b5660f189:0xc3b02872cf6dc364!8m2!3d42.39993!4d-123.0211896!15sChdQbHVtYmVycyBNZWRmb3JkIE9yZWdvbloZIhdwbHVtYmVycyBtZWRmb3JkIG9yZWdvbpIBB3BsdW1iZXKaAURDaTlEUVVsUlFVTnZaRU5vZEhsalJqbHZUMnhLVW1SNU1WQlVWR2h4VXpCU2IySlVSbFJhUjNBeFpWVXhTMkV4UlJBQuABAPoBBAgAEDs!16s%2Fg%2F11ssky2v7k?entry=ttu&g_ep=EgoyMDI2MDQyOS4wIKXMDSoASAFQAw%3D%3D","http://roninplumbers.com/","(541) 7873122","Plumber","medford__construction-home-services","ronin-plumbing-and-mechanical","/city/medford/construction-home-services/ronin-plumbing-and-mechanical/",""
"Speedy Rooter","https://www.google.com/maps/place/Speedy+Rooter/@42.4254375,-124.5398178,9z/data=!4m10!1m2!2m1!1sPlumbers+Medford+Oregon!3m6!1s0x54cf7a262fb57205:0xc41a094da4cea870!8m2!3d42.4959444!4d-123.1623324!15sChdQbHVtYmVycyBNZWRmb3JkIE9yZWdvbloZIhdwbHVtYmVycyBtZWRmb3JkIG9yZWdvbpIBB3BsdW1iZXKaASNDaFpEU1VoTk1HOW5TMFZKUTBGblRVUkpiR0ZsZEdSUkVBReABAPoBBAgAECg!16s%2Fg%2F1tm8dqk3?entry=ttu&g_ep=EgoyMDI2MDQyOS4wIKXMDSoASAFQAw%3D%3D","http://www.speedyrooterdrains.com/","(541) 8407958","Plumber","medford__construction-home-services","speedy-rooter","/city/medford/construction-home-services/speedy-rooter/",""
"Table Rock Roofing LLC","https://www.google.com/maps/place/Table+Rock+Roofing+LLC/@44.1455904,-121.8028839,9z/data=!4m10!1m2!2m1!1sRoofing+Contractor+Medford+Oregon!3m6!1s0x54cf7d2fb95da93f:0x92a64ab14e1ccbe0!8m2!3d44.1455904!4d-120.5834015!15sCiFSb29maW5nIENvbnRyYWN0b3IgTWVkZm9yZCBPcmVnb25aIyIhcm9vZmluZyBjb250cmFjdG9yIG1lZGZvcmQgb3JlZ29ukgEScm9vZmluZ19jb250cmFjdG9ymgEjQ2haRFNVaE5NRzluUzBWSlEwRm5TVVJtWjJKVFFVTm5FQUXgAQD6AQUI8wMQOw!16s%2Fg%2F11qg5c9b_5?entry=ttu&g_ep=EgoyMDI2MDQyOS4wIKXMDSoASAFQAw%3D%3D","http://tablerockroofingllc.com/","(541) 8418288","Roofing contractor","medford__construction-home-services","table-rock-roofing-llc","/city/medford/construction-home-services/table-rock-roofing-llc/",""
"Tankersley Plumbing LLC","https://www.google.com/maps/place/Tankersley+Plumbing+LLC/@42.4254375,-124.5398178,9z/data=!4m10!1m2!2m1!1sPlumbers+Medford+Oregon!3m6!1s0x54cf7cde90156c89:0x23fe45cebc78305a!8m2!3d42.39993!4d-123.0211896!15sChdQbHVtYmVycyBNZWRmb3JkIE9yZWdvbloZIhdwbHVtYmVycyBtZWRmb3JkIG9yZWdvbpIBB3BsdW1iZXKaASNDaFpEU1VoTk1HOW5TMFZKUTBGblNVUjJhVGN5VWtSQkVBReABAPoBBAgTECk!16s%2Fg%2F11b6__4jhd?entry=ttu&g_ep=EgoyMDI2MDQyOS4wIKXMDSoASAFQAw%3D%3D","http://tanksplumbing.net/","(541) 8793777","Plumber","medford__construction-home-services","tankersley-plumbing-llc","/city/medford/construction-home-services/tankersley-plumbing-llc/",""
"Villa's Landscape Maintenance","https://www.google.com/maps/place/Villa's+Landscape+Maintenance/@42.264776,-124.7606585,9z/data=!4m10!1m2!2m1!1sLandscaping+Medford+Oregon!3m6!1s0x54cf7b07189362ef:0x49c44990ffb2d12d!8m2!3d42.4959444!4d-123.1623324!15sChpMYW5kc2NhcGluZyBNZWRmb3JkIE9yZWdvblocIhpsYW5kc2NhcGluZyBtZWRmb3JkIG9yZWdvbpIBEWxhd25fY2FyZV9zZXJ2aWNlmgEjQ2haRFNVaE5NRzluUzBWSlEwRm5UVVJ2YmtsVU4xcG5FQUXgAQD6AQUIiwEQPQ!16s%2Fg%2F11bwndk_8x?entry=ttu&g_ep=EgoyMDI2MDQyOS4wIKXMDSoASAFQAw%3D%3D","http://www.villaslandscapemaintenance.com/","(541) 9735140","Lawn care service","medford__construction-home-services","villa-s-landscape-maintenance","/city/medford/construction-home-services/villa-s-landscape-maintenance/",""
"White Mountain Concrete & Construction LLC","https://www.google.com/maps/place/White+Mountain+Concrete+%26+Construction+LLC/@42.4999394,-125.1959693,8z/data=!4m10!1m2!2m1!1sConcrete+Contractors+Medford+Oregon!3m6!1s0xab931c52d46c27bf:0x14731a306e1d8df8!8m2!3d42.4959444!4d-123.1623324!15sCiNDb25jcmV0ZSBDb250cmFjdG9ycyBNZWRmb3JkIE9yZWdvblolIiNjb25jcmV0ZSBjb250cmFjdG9ycyBtZWRmb3JkIG9yZWdvbpIBE2NvbmNyZXRlX2NvbnRyYWN0b3KaASRDaGREU1VoTk1HOW5TMFZKUTBGblNVTXRjRzl4Tm1sUlJSQULgAQD6AQQIABA1!16s%2Fg%2F11td5rw2lk?entry=ttu&g_ep=EgoyMDI2MDQyOS4wIKXMDSoASAFQAw%3D%3D","https://www.whitemountainconcrete.com/","(541) 8408823","Concrete contractor","medford__construction-home-services","white-mountain-concrete-construction-llc","/city/medford/construction-home-services/white-mountain-concrete-construction-llc/",""
"Floreat Coffee","https://www.google.com/maps/place/Floreat+Coffee/@42.43595,-125.7682438,8z/data=!4m11!1m3!2m2!1sCoffee+Shops+Medford+Oregon!6e5!3m6!1s0x8de63802e6b67a03:0x904496aa051f8436!8m2!3d42.9643096!4d-122.92175!15sChtDb2ZmZWUgU2hvcHMgTWVkZm9yZCBPcmVnb25aHSIbY29mZmVlIHNob3BzIG1lZGZvcmQgb3JlZ29ukgEPbW9iaWxlX2NhdGVyaW5nmgEkQ2hkRFNVaE5NRzluUzBWSlEwRm5TVU01TlRabVNYUm5SUkFC4AEA-gEECBMQPw!16s%2Fg%2F11vq1ly_mz?entry=ttu&g_ep=EgoyMDI2MDQyOS4wIKXMDSoASAFQAw%3D%3D","https://www.floreatcoffee.com/","(541) 6904744","Mobile caterer","medford__food-dining","floreat-coffee","/city/medford/food-dining/floreat-coffee/",""
"Rejuvenate Me Massage and Bodywork","https://www.google.com/maps/place/Rejuvenate+Me+Massage+and+Bodywork/@42.39993,-122.8578014,14z/data=!4m11!1m3!2m2!1sMassage+Therapists+Medford+Oregon!6e1!3m6!1s0x54cf79be2a1f8515:0x15cd60fe117fd256!8m2!3d42.39993!4d-122.8196926!15sCiFNYXNzYWdlIFRoZXJhcGlzdHMgTWVkZm9yZCBPcmVnb25aIyIhbWFzc2FnZSB0aGVyYXBpc3RzIG1lZGZvcmQgb3JlZ29ukgERbWFzc2FnZV90aGVyYXBpc3SaASRDaGREU1VoTk1HOW5TMFZKUTBGblNVUkNOblZ4WVhGUlJSQULgAQD6AQQIFBBC!16s%2Fg%2F11qyn43pj1?entry=ttu&g_ep=EgoyMDI2MDQyOS4wIKXMDSoASAFQAw%3D%3D","http://rejuvenatememassage.glossgenius.com/","(702) 4671247","Massage therapist","medford__health-wellness","rejuvenate-me-massage-and-bodywork","/city/medford/health-wellness/rejuvenate-me-massage-and-bodywork/",""
"Dogpaw Studio","https://www.google.com/maps/place/Dogpaw+Studio/@46.423669,-134.8206383,7z/data=!4m10!1m2!2m1!1sWeb+Design+and+Digital+Marketing+Portland+Oregon!3m6!1s0x54950d33c85254dd:0xbeb9593f625f06f4!8m2!3d46.423669!4d-129.9427086!15sCjBXZWIgRGVzaWduIGFuZCBEaWdpdGFsIE1hcmtldGluZyBQb3J0bGFuZCBPcmVnb25aMiIwd2ViIGRlc2lnbiBhbmQgZGlnaXRhbCBtYXJrZXRpbmcgcG9ydGxhbmQgb3JlZ29ukgEQd2Vic2l0ZV9kZXNpZ25lcpoBI0NoWkRTVWhOTUc5blMwVkpRMEZuU1VReE5GQXlSVmwzRUFF4AEA-gEFCL0DED8!16s%2Fg%2F1thw1w4r?entry=ttu&g_ep=EgoyMDI2MDQyOS4wIKXMDSoASAFQAw%3D%3D","https://dogpawstudio.com/","(503) 6707035","Website designer","portland__business-professional-services","dogpaw-studio","/city/portland/business-professional-services/dogpaw-studio/",""
"Greg Beddor | Portland SEO Consultant","https://www.google.com/maps/place/Greg+Beddor+%7C+Portland+SEO+Consultant/@45.5110947,-127.5409777,7z/data=!4m10!1m2!2m1!1sWeb+Design+and+Digital+Marketing+Portland+Oregon!3m6!1s0x5495a0d7a7500001:0x4d7e2a96beee0a33!8m2!3d45.5427145!4d-122.6543856!15sCjBXZWIgRGVzaWduIGFuZCBEaWdpdGFsIE1hcmtldGluZyBQb3J0bGFuZCBPcmVnb25aMiIwd2ViIGRlc2lnbiBhbmQgZGlnaXRhbCBtYXJrZXRpbmcgcG9ydGxhbmQgb3JlZ29ukgEaaW50ZXJuZXRfbWFya2V0aW5nX3NlcnZpY2WaASNDaFpEU1VoTk1HOW5TMFZKUTBGblNVUkJhR1ZYUVUxM0VBReABAPoBBAgAECo!16s%2Fg%2F11mtr8pmb8?entry=ttu&g_ep=EgoyMDI2MDQyOS4wIKXMDSoASAFQAw%3D%3D","https://www.gregbeddor.com/","(503) 8962209","Internet marketing service","portland__business-professional-services","greg-beddor-portland-seo-consultant","/city/portland/business-professional-services/greg-beddor-portland-seo-consultant/",""
"Oregon Web Solutions Portland SEO","https://www.google.com/maps/place/Oregon+Web+Solutions+Portland+SEO/@45.5110947,-127.5409777,7z/data=!4m10!1m2!2m1!1sWeb+Design+and+Digital+Marketing+Portland+Oregon!3m6!1s0x5495a0d75e7495cd:0x4dbcb921d52338d5!8m2!3d45.51763!4d-122.6021546!15sCjBXZWIgRGVzaWduIGFuZCBEaWdpdGFsIE1hcmtldGluZyBQb3J0bGFuZCBPcmVnb25aMiIwd2ViIGRlc2lnbiBhbmQgZGlnaXRhbCBtYXJrZXRpbmcgcG9ydGxhbmQgb3JlZ29ukgEaaW50ZXJuZXRfbWFya2V0aW5nX3NlcnZpY2WaASNDaFpEU1VoTk1HOW5TMFZKUTBGblNVUjBkRFkzWTFSUkVBReABAPoBBQihAhBG!16s%2Fg%2F11bxgwq8ls?entry=ttu&g_ep=EgoyMDI2MDQyOS4wIKXMDSoASAFQAw%3D%3D","https://www.oregonwebsolutions.com/portland-seo-company/","(503) 5633028","Internet marketing service","portland__business-professional-services","oregon-web-solutions-portland-seo","/city/portland/business-professional-services/oregon-web-solutions-portland-seo/",""
"Oregon Web Solutions","https://www.google.com/maps/place/Oregon+Web+Solutions/@45.5110947,-127.5409777,7z/data=!4m10!1m2!2m1!1sWeb+Design+and+Digital+Marketing+Portland+Oregon!3m6!1s0x54950b0b2e6f937b:0x2d133850b68127fe!8m2!3d45.4819691!4d-122.689695!15sCjBXZWIgRGVzaWduIGFuZCBEaWdpdGFsIE1hcmtldGluZyBQb3J0bGFuZCBPcmVnb25aMiIwd2ViIGRlc2lnbiBhbmQgZGlnaXRhbCBtYXJrZXRpbmcgcG9ydGxhbmQgb3JlZ29ukgEQbWFya2V0aW5nX2FnZW5jeZoBJENoZERTVWhOTUc5blMwVkpRMEZuVFVSQk1GOW1jM0JSUlJBQuABAPoBBAgAED8!16s%2Fg%2F11rj6183yd?entry=ttu&g_ep=EgoyMDI2MDQyOS4wIKXMDSoASAFQAw%3D%3D","https://www.oregonwebsolutions.com/","(503) 3828653","Marketing agency","portland__business-professional-services","oregon-web-solutions","/city/portland/business-professional-services/oregon-web-solutions/",""
"OWS Digital Marketing Agency Portland","https://www.google.com/maps/place/OWS+Digital+Marketing+Agency+Portland/@45.5110947,-127.5409777,7z/data=!4m10!1m2!2m1!1sWeb+Design+and+Digital+Marketing+Portland+Oregon!3m6!1s0x5495a170854731d3:0x5403e99781811416!8m2!3d45.5427145!4d-122.6543856!15sCjBXZWIgRGVzaWduIGFuZCBEaWdpdGFsIE1hcmtldGluZyBQb3J0bGFuZCBPcmVnb25aMiIwd2ViIGRlc2lnbiBhbmQgZGlnaXRhbCBtYXJrZXRpbmcgcG9ydGxhbmQgb3JlZ29ukgEQbWFya2V0aW5nX2FnZW5jeZoBI0NoWkRTVWhOTUc5blMwVkpRMEZuU1VOVWNEWmliME5SRUFF4AEA-gEECEkQSQ!16s%2Fg%2F11gs91px9k?entry=ttu&g_ep=EgoyMDI2MDQyOS4wIKXMDSoASAFQAw%3D%3D","https://www.oregonwebsolutions.com/digital-marketing-agency-portland-oregon/","(503) 4366631","Marketing agency","portland__business-professional-services","ows-digital-marketing-agency-portland","/city/portland/business-professional-services/ows-digital-marketing-agency-portland/",""
"Perspektiiv Design Co.","https://www.google.com/maps/place/Perspektiiv+Design+Co./@45.5110947,-127.5409777,7z/data=!4m10!1m2!2m1!1sWeb+Design+and+Digital+Marketing+Portland+Oregon!3m6!1s0x5495a76a3ef75d15:0x4d435e1d6ec29147!8m2!3d44.1455904!4d-120.5834015!15sCjBXZWIgRGVzaWduIGFuZCBEaWdpdGFsIE1hcmtldGluZyBQb3J0bGFuZCBPcmVnb25aMiIwd2ViIGRlc2lnbiBhbmQgZGlnaXRhbCBtYXJrZXRpbmcgcG9ydGxhbmQgb3JlZ29ukgENZGVzaWduX2FnZW5jeZoBJENoZERTVWhOTUc5blMwVkpRMEZuU1VNdGVrMXVMVEIzUlJBQuABAPoBBAgAEEg!16s%2Fg%2F11bcdhytqq?entry=ttu&g_ep=EgoyMDI2MDQyOS4wIKXMDSoASAFQAw%3D%3D","https://perspektiiv.com/","(303) 5903678","Design agency","portland__business-professional-services","perspektiiv-design-co","/city/portland/business-professional-services/perspektiiv-design-co/",""
"Pinned | SEO Services Portland | Website Design Portland","https://www.google.com/maps/place/Pinned+%7C+SEO+Services+Portland+%7C+Website+Design+Portland/@45.5110947,-127.5409777,7z/data=!4m10!1m2!2m1!1sWeb+Design+and+Digital+Marketing+Portland+Oregon!3m6!1s0x629b6da0b93eb9eb:0x9dec969a7aa44d3c!8m2!3d45.5427145!4d-122.6543856!15sCjBXZWIgRGVzaWduIGFuZCBEaWdpdGFsIE1hcmtldGluZyBQb3J0bGFuZCBPcmVnb25aMiIwd2ViIGRlc2lnbiBhbmQgZGlnaXRhbCBtYXJrZXRpbmcgcG9ydGxhbmQgb3JlZ29ukgEQbWFya2V0aW5nX2FnZW5jeeABAA!16s%2Fg%2F11ms2wz0g2?entry=ttu&g_ep=EgoyMDI2MDQyOS4wIKXMDSoASAFQAw%3D%3D","https://pinned.co/","(503) 7520217","Marketing agency","portland__business-professional-services","pinned-seo-services-portland-website-design-portland","/city/portland/business-professional-services/pinned-seo-services-portland-website-design-portland/",""
"SEO Growth Partners Digital Marketing","https://www.google.com/maps/place/SEO+Growth+Partners+Digital+Marketing/@45.5110947,-127.5409777,7z/data=!4m10!1m2!2m1!1sWeb+Design+and+Digital+Marketing+Portland+Oregon!3m6!1s0x5495090209f979db:0x9792ae518d98c4be!8m2!3d45.5401878!4d-122.671116!15sCjBXZWIgRGVzaWduIGFuZCBEaWdpdGFsIE1hcmtldGluZyBQb3J0bGFuZCBPcmVnb25aMiIwd2ViIGRlc2lnbiBhbmQgZGlnaXRhbCBtYXJrZXRpbmcgcG9ydGxhbmQgb3JlZ29ukgEQbWFya2V0aW5nX2FnZW5jeZoBRENpOURRVWxSUVVOdlpFTm9kSGxqUmpsdlQycFNSbU5WUm5KaFIyeG1aV3BWZVZNeE9YTlJiVW96VWtack5GRldSUkFC4AEA-gEECAAQSg!16s%2Fg%2F11ft_ghydx?entry=ttu&g_ep=EgoyMDI2MDQyOS4wIKXMDSoASAFQAw%3D%3D","https://www.portlandseogrowth.com/","(503) 4878677","Marketing agency","portland__business-professional-services","seo-growth-partners-digital-marketing","/city/portland/business-professional-services/seo-growth-partners-digital-marketing/",""
"SEO Services, Inc.","https://www.google.com/maps/place/SEO+Services,+Inc./@45.5110947,-127.5409777,7z/data=!4m10!1m2!2m1!1sWeb+Design+and+Digital+Marketing+Portland+Oregon!3m6!1s0x5495a1769f61cf75:0x230e166f9f7f3362!8m2!3d45.5976596!4d-122.4157089!15sCjBXZWIgRGVzaWduIGFuZCBEaWdpdGFsIE1hcmtldGluZyBQb3J0bGFuZCBPcmVnb25aMiIwd2ViIGRlc2lnbiBhbmQgZGlnaXRhbCBtYXJrZXRpbmcgcG9ydGxhbmQgb3JlZ29ukgEaaW50ZXJuZXRfbWFya2V0aW5nX3NlcnZpY2WaAURDaTlEUVVsUlFVTnZaRU5vZEhsalJqbHZUMnBqZWxWdGR6SmlNRTU0WlVoa1VWVlhValpVTVZwU1QwZFdXbFJyUlJBQuABAPoBBAgAEDE!16s%2Fg%2F11h6q8c_01?entry=ttu&g_ep=EgoyMDI2MDQyOS4wIKXMDSoASAFQAw%3D%3D","https://www.seoservicesincorp.com/","(503) 8638664","Internet marketing service","portland__business-professional-services","seo-services-inc","/city/portland/business-professional-services/seo-services-inc/",""
"Threshold","https://www.google.com/maps/place/Threshold/@45.5110947,-127.5409777,7z/data=!4m10!1m2!2m1!1sWeb+Design+and+Digital+Marketing+Portland+Oregon!3m6!1s0x5495a11c97ac2b91:0xc27e1cf1dd75d05b!8m2!3d46.127587!4d-122.7780274!15sCjBXZWIgRGVzaWduIGFuZCBEaWdpdGFsIE1hcmtldGluZyBQb3J0bGFuZCBPcmVnb25aMiIwd2ViIGRlc2lnbiBhbmQgZGlnaXRhbCBtYXJrZXRpbmcgcG9ydGxhbmQgb3JlZ29ukgEQd2Vic2l0ZV9kZXNpZ25lcpoBI0NoWkRTVWhOTUc5blMwVkpRMEZuU1VSdU9ISTNUbGxCRUFF4AEA-gEFCIoCEEc!16s%2Fg%2F1tfkkx27?entry=ttu&g_ep=EgoyMDI2MDQyOS4wIKXMDSoASAFQAw%3D%3D","https://www.yourthreshold.com/","(503) 5120525","Website designer","portland__business-professional-services","threshold","/city/portland/business-professional-services/threshold/",""
"AC Concrete Solutions","https://www.google.com/maps/place/AC+Concrete+Solutions/@45.525725,-123.8663614,9z/data=!4m10!1m2!2m1!1sConcrete+Contractors+Portland+Oregon!3m6!1s0x69d1ecda2db493ad:0x146448d53bc5a7c9!8m2!3d45.42057!4d-122.5956699!15sCiRDb25jcmV0ZSBDb250cmFjdG9ycyBQb3J0bGFuZCBPcmVnb25aJiIkY29uY3JldGUgY29udHJhY3RvcnMgcG9ydGxhbmQgb3JlZ29ukgETY29uY3JldGVfY29udHJhY3RvcpoBI0NoWkRTVWhOTUc5blMwVkpRMEZuU1VSbUxTMHRTRkZuRUFF4AEA-gEECEIQRQ!16s%2Fg%2F11qbhtdhzb?entry=ttu&g_ep=EgoyMDI2MDQyOS4wIKXMDSoASAFQAw%3D%3D","http://www.acconcreto.com/","(503) 2009698","Concrete contractor","portland__construction-home-services","ac-concrete-solutions","/city/portland/construction-home-services/ac-concrete-solutions/",""
"Anytime Plumbing","https://www.google.com/maps/place/Anytime+Plumbing/@45.5297686,-142.1708066,5z/data=!4m10!1m2!2m1!1sPlumbers+Portland+Oregon!3m6!1s0x549509cf93046b21:0xc2367c738d3db05!8m2!3d39.464696!4d-108.8401075!15sChhQbHVtYmVycyBQb3J0bGFuZCBPcmVnb25aGiIYcGx1bWJlcnMgcG9ydGxhbmQgb3JlZ29ukgEHcGx1bWJlcpoBJENoZERTVWhOTUc5blMwVkpRMEZuU1VOUWJFMU1jM1YzUlJBQuABAPoBBAgAEEk!16s%2Fg%2F1tfgjjd1?entry=ttu&g_ep=EgoyMDI2MDQyOS4wIKXMDSoASAFQAw%3D%3D","","(503) 8948241","Plumber","portland__construction-home-services","anytime-plumbing","/city/portland/construction-home-services/anytime-plumbing/",""
"Awesome Concrete","https://www.google.com/maps/place/Awesome+Concrete/@45.525725,-123.8663614,9z/data=!4m10!1m2!2m1!1sConcrete+Contractors+Portland+Oregon!3m6!1s0x5495a9ad0a6aaab7:0xca5d2d3ebdd46840!8m2!3d45.6374489!4d-122.6195066!15sCiRDb25jcmV0ZSBDb250cmFjdG9ycyBQb3J0bGFuZCBPcmVnb25aJiIkY29uY3JldGUgY29udHJhY3RvcnMgcG9ydGxhbmQgb3JlZ29ukgETY29uY3JldGVfY29udHJhY3RvcpoBI0NoWkRTVWhOTUc5blMwVkpRMEZuU1VNMUxXVlVjMWxCRUFF4AEA-gEECC8QSA!16s%2Fg%2F11ckhx0b4k?entry=ttu&g_ep=EgoyMDI2MDQyOS4wIKXMDSoASAFQAw%3D%3D","https://www.concretecompanyvancouver.com/","(503) 7408348","Concrete contractor","portland__construction-home-services","awesome-concrete","/city/portland/construction-home-services/awesome-concrete/",""
"Everlast Plumbing","https://www.google.com/maps/place/Everlast+Plumbing/@45.5297686,-142.1708066,5z/data=!4m10!1m2!2m1!1sPlumbers+Portland+Oregon!3m6!1s0xab69bcc1dba14c9:0x281e755bcd6d5356!8m2!3d45.5427145!4d-122.6543856!15sChhQbHVtYmVycyBQb3J0bGFuZCBPcmVnb25aGiIYcGx1bWJlcnMgcG9ydGxhbmQgb3JlZ29ukgEHcGx1bWJlcpoBRENpOURRVWxSUVVOdlpFTm9kSGxqUmpsdlQydHZNRmRIT1RWYWJWWXdZa2Q0UldGdVRUSmxSMmh2VkVadmVrMVhZeEFC4AEA-gEECFkQSg!16s%2Fg%2F11vd25q34_?entry=ttu&g_ep=EgoyMDI2MDQyOS4wIKXMDSoASAFQAw%3D%3D","https://everlastplumbingpdx.com/","(971) 3444826","Plumber","portland__construction-home-services","everlast-plumbing","/city/portland/construction-home-services/everlast-plumbing/",""
"Executive Drains, LLC","https://www.google.com/maps/place/Executive+Drains,+LLC/@45.5297686,-142.1708066,5z/data=!4m10!1m2!2m1!1sPlumbers+Portland+Oregon!3m6!1s0x5495a744179d7e37:0x45c41f75280bb648!8m2!3d45.6368794!4d-122.7184804!15sChhQbHVtYmVycyBQb3J0bGFuZCBPcmVnb25aGiIYcGx1bWJlcnMgcG9ydGxhbmQgb3JlZ29ukgEHcGx1bWJlcpoBI0NoWkRTVWhOTUc5blMwVkpRMEZuU1VScWRuSnFaMk5uRUFF4AEA-gEECB0QSw!16s%2Fg%2F11hdhsvtnt?entry=ttu&g_ep=EgoyMDI2MDQyOS4wIKXMDSoASAFQAw%3D%3D","http://www.executivedrains.com/","(971) 8045654","Plumber","portland__construction-home-services","executive-drains-llc","/city/portland/construction-home-services/executive-drains-llc/",""
"Flow Roofing","https://www.google.com/maps/place/Flow+Roofing/@45.2746175,-122.7452381,9z/data=!4m10!1m2!2m1!1sRoofing+Contractor+Portland+Oregon!3m6!1s0x549573b86f0ff8a7:0x8ad3f662d0b76518!8m2!3d45.2746174!4d-122.7452382!15sCiJSb29maW5nIENvbnRyYWN0b3IgUG9ydGxhbmQgT3JlZ29uWiQiInJvb2ZpbmcgY29udHJhY3RvciBwb3J0bGFuZCBvcmVnb26SARJyb29maW5nX2NvbnRyYWN0b3KaASRDaGREU1VoTk1HOW5TMFZKUTBGblNVUjRNVmxIWlRWQlJSQULgAQD6AQUIqwQQSw!16s%2Fg%2F11f9_hflsl?entry=ttu&g_ep=EgoyMDI2MDQyOS4wIKXMDSoASAFQAw%3D%3D","https://flowroofing.us/","(503) 9362476","Roofing contractor","portland__construction-home-services","flow-roofing","/city/portland/construction-home-services/flow-roofing/",""
"Gs Concrete Inc Portland","https://www.google.com/maps/place/Gs+Concrete+Inc+Portland/@45.525725,-123.8663614,9z/data=!4m10!1m2!2m1!1sConcrete+Contractors+Portland+Oregon!3m6!1s0x549575c9159332cd:0xf5db8b226650c981!8m2!3d45.2138868!4d-122.8109291!15sCiRDb25jcmV0ZSBDb250cmFjdG9ycyBQb3J0bGFuZCBPcmVnb25aJiIkY29uY3JldGUgY29udHJhY3RvcnMgcG9ydGxhbmQgb3JlZ29ukgETY29uY3JldGVfY29udHJhY3RvcpoBJENoZERTVWhOTUc5blMwVkpRMEZuU1VOc04zRnFTbTluUlJBQuABAPoBBQinARA_!16s%2Fg%2F1pp2wysk6?entry=ttu&g_ep=EgoyMDI2MDQyOS4wIKXMDSoASAFQAw%3D%3D","https://www.gsconcretework.com/","(503) 8915947","Concrete contractor","portland__construction-home-services","gs-concrete-inc-portland","/city/portland/construction-home-services/gs-concrete-inc-portland/",""
"HD Landscape and Maintenance","https://www.google.com/maps/place/HD+Landscape+and+Maintenance/@42.4455861,-128.2596129,7z/data=!4m10!1m2!2m1!1sLandscaping+Portland+Oregon!3m6!1s0x54950f2ed37ce5cb:0x33e4cdf91ea7acfa!8m2!3d45.4437963!4d-122.8482975!15sChtMYW5kc2NhcGluZyBQb3J0bGFuZCBPcmVnb25aHSIbbGFuZHNjYXBpbmcgcG9ydGxhbmQgb3JlZ29ukgEKbGFuZHNjYXBlcpoBJENoZERTVWhOTUc5blMwVkpRMEZuU1VOVWRVOTFOSEpCUlJBQuABAPoBBQiJAxBH!16s%2Fg%2F11fj16j7yv?entry=ttu&g_ep=EgoyMDI2MDQyOS4wIKXMDSoASAFQAw%3D%3D","https://hdlandscapeandmaintenance.com/","(971) 3365520","Landscaper","portland__construction-home-services","hd-landscape-and-maintenance","/city/portland/construction-home-services/hd-landscape-and-maintenance/",""
"Hopkins PDX Services","https://www.google.com/maps/place/Hopkins+PDX+Services/@42.4455861,-128.2596129,7z/data=!4m10!1m2!2m1!1sLandscaping+Portland+Oregon!3m6!1s0x5495a15dae0cc1e7:0xa752be66f9cbaf8d!8m2!3d45.5613474!4d-122.671116!15sChtMYW5kc2NhcGluZyBQb3J0bGFuZCBPcmVnb25aHSIbbGFuZHNjYXBpbmcgcG9ydGxhbmQgb3JlZ29ukgERbGF3bl9jYXJlX3NlcnZpY2WaASNDaFpEU1VoTk1HOW5TMFZKUTBGblNVTk9hRFpQZVZWUkVBReABAPoBBAgdEEU!16s%2Fg%2F11lgqlm1vd?entry=ttu&g_ep=EgoyMDI2MDQyOS4wIKXMDSoASAFQAw%3D%3D","https://hopkinspdxsvcs.com/","(503) 9953461","Lawn care service","portland__construction-home-services","hopkins-pdx-services","/city/portland/construction-home-services/hopkins-pdx-services/",""
"Imagine Plumbing LLC","https://www.google.com/maps/place/Imagine+Plumbing+LLC/@45.5297686,-142.1708066,5z/data=!4m10!1m2!2m1!1sPlumbers+Portland+Oregon!3m6!1s0x4227e364274c553:0xbfdb41f3bfd8838e!8m2!3d45.4819691!4d-122.6896464!15sChhQbHVtYmVycyBQb3J0bGFuZCBPcmVnb25aGiIYcGx1bWJlcnMgcG9ydGxhbmQgb3JlZ29ukgEHcGx1bWJlcpoBI0NoWkRTVWhOTUc5blMwVkpRMEZuU1VRdGFrbEhUVWxuRUFF4AEA-gEFCL4CEDY!16s%2Fg%2F11t9p6dq73?entry=ttu&g_ep=EgoyMDI2MDQyOS4wIKXMDSoASAFQAw%3D%3D","https://imagineplumbingllc.com/","(971) 2941941","Plumber","portland__construction-home-services","imagine-plumbing-llc","/city/portland/construction-home-services/imagine-plumbing-llc/",""
"Mick's Plumbing","https://www.google.com/maps/place/Mick's+Plumbing/@45.5297686,-142.1708066,5z/data=!4m10!1m2!2m1!1sPlumbers+Portland+Oregon!3m6!1s0x5495a79413fd25fd:0x17d56b6beb66e3b3!8m2!3d45.4819691!4d-122.6748755!15sChhQbHVtYmVycyBQb3J0bGFuZCBPcmVnb25aGiIYcGx1bWJlcnMgcG9ydGxhbmQgb3JlZ29ukgEHcGx1bWJlcpoBI0NoWkRTVWhOTUc5blMwVkpRMEZuU1VOUWEzVlRjMlZSRUFF4AEA-gEFCOcBEEA!16s%2Fg%2F1hhh5dbx2?entry=ttu&g_ep=EgoyMDI2MDQyOS4wIKXMDSoASAFQAw%3D%3D","https://www.micksplumbing.com/","(503) 4068118","Plumber","portland__construction-home-services","mick-s-plumbing","/city/portland/construction-home-services/mick-s-plumbing/",""
"Multnomah Landscape","https://www.google.com/maps/place/Multnomah+Landscape/@42.4455861,-128.2596129,7z/data=!4m10!1m2!2m1!1sLandscaping+Portland+Oregon!3m6!1s0x54950bc87736219d:0x6bcb45cf923607ee!8m2!3d45.5427145!4d-122.6543856!15sChtMYW5kc2NhcGluZyBQb3J0bGFuZCBPcmVnb25aHSIbbGFuZHNjYXBpbmcgcG9ydGxhbmQgb3JlZ29ukgEKbGFuZHNjYXBlcpoBJENoZERTVWhOTUc5blMwVkpRMEZuU1VRdE0zSnVkM3AzUlJBQuABAPoBBQj9AhAX!16s%2Fg%2F11h2ldjklt?entry=ttu&g_ep=EgoyMDI2MDQyOS4wIKXMDSoASAFQAw%3D%3D","http://multnomahlandscape.com/","","Landscaper","portland__construction-home-services","multnomah-landscape","/city/portland/construction-home-services/multnomah-landscape/",""
"Nash Plumbing","https://www.google.com/maps/place/Nash+Plumbing/@45.5297686,-142.1708066,5z/data=!4m10!1m2!2m1!1sPlumbers+Portland+Oregon!3m6!1s0x5495a33b32ae752b:0x9ca2cdcfd364a6ce!8m2!3d45.5427145!4d-122.6543856!15sChhQbHVtYmVycyBQb3J0bGFuZCBPcmVnb25aGiIYcGx1bWJlcnMgcG9ydGxhbmQgb3JlZ29ukgEHcGx1bWJlcpoBJENoZERTVWhOTUc5blMwVkpRMEZuU1VSU2FEbFBabk5uUlJBQuABAPoBBQjqARBJ!16s%2Fg%2F11jk0xd_ww?entry=ttu&g_ep=EgoyMDI2MDQyOS4wIKXMDSoASAFQAw%3D%3D","http://nashplumbingportland.com/","(503) 3877971","Plumber","portland__construction-home-services","nash-plumbing","/city/portland/construction-home-services/nash-plumbing/",""
"Oasis Concrete LLC","https://www.google.com/maps/place/Oasis+Concrete+LLC/@45.525725,-123.8663614,9z/data=!4m10!1m2!2m1!1sConcrete+Contractors+Portland+Oregon!3m6!1s0x549599e86bd59317:0x8d9382a45c71147b!8m2!3d45.3071894!4d-122.3316123!15sCiRDb25jcmV0ZSBDb250cmFjdG9ycyBQb3J0bGFuZCBPcmVnb25aJiIkY29uY3JldGUgY29udHJhY3RvcnMgcG9ydGxhbmQgb3JlZ29ukgETY29uY3JldGVfY29udHJhY3RvcpoBJENoZERTVWhOTUc5blMwVkpRMEZuU1VRMVgwbHBZekJCUlJBQuABAPoBBAhPEEU!16s%2Fg%2F11l0d2nvt7?entry=ttu&g_ep=EgoyMDI2MDQyOS4wIKXMDSoASAFQAw%3D%3D","http://oasisconcretellc.com/","(503) 9293397","Concrete contractor","portland__construction-home-services","oasis-concrete-llc","/city/portland/construction-home-services/oasis-concrete-llc/",""
"Pacific Crest Plumbing","https://www.google.com/maps/place/Pacific+Crest+Plumbing/@45.5297686,-142.1708066,5z/data=!4m10!1m2!2m1!1sPlumbers+Portland+Oregon!3m6!1s0x5495a1bb98281743:0x9e4ad1a5ae28199c!8m2!3d45.5603796!4d-122.374392!15sChhQbHVtYmVycyBQb3J0bGFuZCBPcmVnb25aGiIYcGx1bWJlcnMgcG9ydGxhbmQgb3JlZ29ukgEHcGx1bWJlcpoBJENoZERTVWhOTUc5blMwVkpRMEZuU1VReWRWOVlXVEJSUlJBQuABAPoBBAgAEEg!16s%2Fg%2F11h17qxtb?entry=ttu&g_ep=EgoyMDI2MDQyOS4wIKXMDSoASAFQAw%3D%3D","","(503) 2528800","Plumber","portland__construction-home-services","pacific-crest-plumbing","/city/portland/construction-home-services/pacific-crest-plumbing/",""
"PDX Concrete Contractors","https://www.google.com/maps/place/PDX+Concrete+Contractors/@45.525725,-123.8663614,9z/data=!4m10!1m2!2m1!1sConcrete+Contractors+Portland+Oregon!3m6!1s0xa91ced253bff2fad:0x290bbeca15c947de!8m2!3d45.5806034!4d-122.374392!15sCiRDb25jcmV0ZSBDb250cmFjdG9ycyBQb3J0bGFuZCBPcmVnb25aJiIkY29uY3JldGUgY29udHJhY3RvcnMgcG9ydGxhbmQgb3JlZ29ukgETY29uY3JldGVfY29udHJhY3RvcpoBJENoZERTVWhOTUc5blMwVkpRMEZuU1VOd09XWXplRjkzUlJBQuABAPoBBAgAEEs!16s%2Fg%2F11p65r7mq3?entry=ttu&g_ep=EgoyMDI2MDQyOS4wIKXMDSoASAFQAw%3D%3D","https://pdxconcretecontractors.com/","(971) 2537990","Concrete contractor","portland__construction-home-services","pdx-concrete-contractors","/city/portland/construction-home-services/pdx-concrete-contractors/",""
"Pride & Joy Landscapes","https://www.google.com/maps/place/Pride+%26+Joy+Landscapes/@42.4455861,-128.2596129,7z/data=!4m10!1m2!2m1!1sLandscaping+Portland+Oregon!3m6!1s0x5495a71af6e0c0df:0x210aab15f200c4b!8m2!3d45.7461445!4d-122.4157089!15sChtMYW5kc2NhcGluZyBQb3J0bGFuZCBPcmVnb25aHSIbbGFuZHNjYXBpbmcgcG9ydGxhbmQgb3JlZ29ukgESbGFuZHNjYXBlX2Rlc2lnbmVymgEkQ2hkRFNVaE5NRzluUzBWSlEwRm5TVVJTTFhObVYyeEJSUkFC4AEA-gEECB4QRQ!16s%2Fg%2F11h5rv67hm?entry=ttu&g_ep=EgoyMDI2MDQyOS4wIKXMDSoASAFQAw%3D%3D","http://www.prideandjoylandscapes.com/","(503) 3957880","Landscape designer","portland__construction-home-services","pride-joy-landscapes","/city/portland/construction-home-services/pride-joy-landscapes/",""
"Árboles Landscape and Tree Services LLC","https://www.google.com/maps/place/%C3%81rboles+Landscape+and+Tree+Services+LLC/@42.4455861,-128.2596129,7z/data=!4m10!1m2!2m1!1sLandscaping+Portland+Oregon!3m6!1s0x6cce60f4c9ffa295:0x8461d1c4ff34a70d!8m2!3d45.4952805!4d-122.7867471!15sChtMYW5kc2NhcGluZyBQb3J0bGFuZCBPcmVnb25aHSIbbGFuZHNjYXBpbmcgcG9ydGxhbmQgb3JlZ29ukgEKbGFuZHNjYXBlcpoBI0NoWkRTVWhOTUc5blMwVkpRMEZuU1VSZmJISkhWVmxCRUFF4AEA-gEECAAQRA!16s%2Fg%2F11y5f7yl68?entry=ttu&g_ep=EgoyMDI2MDQyOS4wIKXMDSoASAFQAw%3D%3D","https://arbolesllc.com/","(503) 8582185","Landscaper","portland__construction-home-services","rboles-landscape-and-tree-services-llc","/city/portland/construction-home-services/rboles-landscape-and-tree-services-llc/",""
"Repipe Specialists Portland, OR","https://www.google.com/maps/place/Repipe+Specialists+-+Portland,+OR/@45.5297686,-142.1708066,5z/data=!4m10!1m2!2m1!1sPlumbers+Portland+Oregon!3m6!1s0x54950a0f7fa0c093:0xb701adfb4d134acf!8m2!3d45.637085!4d-122.6497916!15sChhQbHVtYmVycyBQb3J0bGFuZCBPcmVnb25aGiIYcGx1bWJlcnMgcG9ydGxhbmQgb3JlZ29ukgEHcGx1bWJlcpoBJENoZERTVWhOTUc5blMwVkpRMEZuU1VNeGJVcDZkeTEzUlJBQuABAPoBBQjpBxA_!16s%2Fg%2F1tdl186k?entry=ttu&g_ep=EgoyMDI2MDQyOS4wIKXMDSoASAFQAw%3D%3D","https://portland.repipe.com/?&utm_source=google&utm_medium=local-listings&utm_campaign=or-pdx","(503) 8326545","Plumber","portland__construction-home-services","repipe-specialists-portland-or","/city/portland/construction-home-services/repipe-specialists-portland-or/",""
"ST Concrete LLC","https://www.google.com/maps/place/ST+Concrete+LLC/@45.525725,-123.8663614,9z/data=!4m10!1m2!2m1!1sConcrete+Contractors+Portland+Oregon!3m6!1s0x5495a3d49954ae9f:0xd1d7202500f4630a!8m2!3d45.5427145!4d-122.6543856!15sCiRDb25jcmV0ZSBDb250cmFjdG9ycyBQb3J0bGFuZCBPcmVnb25aJiIkY29uY3JldGUgY29udHJhY3RvcnMgcG9ydGxhbmQgb3JlZ29ukgETY29uY3JldGVfY29udHJhY3RvcpoBJENoZERTVWhOTUc5blMwVkpRMEZuU1VSbGFsQnVOREpuUlJBQuABAPoBBAgAEDg!16s%2Fg%2F11fkl1kk16?entry=ttu&g_ep=EgoyMDI2MDQyOS4wIKXMDSoASAFQAw%3D%3D","http://stconcretellc.com/","(503) 4709072","Concrete contractor","portland__construction-home-services","st-concrete-llc","/city/portland/construction-home-services/st-concrete-llc/",""
"Sutherland Plumbing LLC","https://www.google.com/maps/place/Sutherland+Plumbing+LLC/@45.5297686,-142.1708066,5z/data=!4m10!1m2!2m1!1sPlumbers+Portland+Oregon!3m6!1s0x5495a81c0c2cdf5d:0x552a90a8e1419c38!8m2!3d45.4819691!4d-122.689695!15sChhQbHVtYmVycyBQb3J0bGFuZCBPcmVnb25aGiIYcGx1bWJlcnMgcG9ydGxhbmQgb3JlZ29ukgEHcGx1bWJlcpoBRENpOURRVWxSUVVOdlpFTm9kSGxqUmpsdlQyMTBUVkpyYUhSa2VrNUhXV3hTU1ZkVVZsRldhMVkwWXpGd00xRXdSUkFC4AEA-gEECDMQPQ!16s%2Fg%2F1pv27l2lb?entry=ttu&g_ep=EgoyMDI2MDQyOS4wIKXMDSoASAFQAw%3D%3D","http://www.sutherlandplumbing.com/","(503) 7194015","Plumber","portland__construction-home-services","sutherland-plumbing-llc","/city/portland/construction-home-services/sutherland-plumbing-llc/",""
"TNT Concrete & Construction","https://www.google.com/maps/place/TNT+Concrete+%26+Construction/@45.525725,-123.8663614,9z/data=!4m10!1m2!2m1!1sConcrete+Contractors+Portland+Oregon!3m6!1s0x5495a7e40d17a805:0xa2cd3723b253586f!8m2!3d45.519858!4d-122.4157089!15sCiRDb25jcmV0ZSBDb250cmFjdG9ycyBQb3J0bGFuZCBPcmVnb25aJiIkY29uY3JldGUgY29udHJhY3RvcnMgcG9ydGxhbmQgb3JlZ29ukgETY29uY3JldGVfY29udHJhY3RvcpoBJENoZERTVWhOTUc5blMwVkpRMEZuU1VOMWExQnFVSEZSUlJBQuABAPoBBAhLEEU!16s%2Fg%2F11clybm9cz?entry=ttu&g_ep=EgoyMDI2MDQyOS4wIKXMDSoASAFQAw%3D%3D","https://www.tntconcreteandconstruction.com/","(503) 8325066","Concrete contractor","portland__construction-home-services","tnt-concrete-construction","/city/portland/construction-home-services/tnt-concrete-construction/",""
"Water Heater Doctor","https://www.google.com/maps/place/Water+Heater+Doctor/@45.5297686,-142.1708066,5z/data=!4m10!1m2!2m1!1sPlumbers+Portland+Oregon!3m6!1s0x5495a1487251d4f5:0xaa1b001471e0889a!8m2!3d45.5457049!4d-122.689695!15sChhQbHVtYmVycyBQb3J0bGFuZCBPcmVnb25aGiIYcGx1bWJlcnMgcG9ydGxhbmQgb3JlZ29ukgEHcGx1bWJlcpoBRENpOURRVWxSUVVOdlpFTm9kSGxqUmpsdlQyNWFTbU5xVGxkVFZHUXhaRVZXYUZwR1NsZFZSMWsxWldwb1NsWXlZeEFC4AEA-gEECD0QPQ!16s%2Fg%2F11frnxk1x6?entry=ttu&g_ep=EgoyMDI2MDQyOS4wIKXMDSoASAFQAw%3D%3D","https://waterheaterdoctor.com/locations/or/portland/","(503) 3455441","Plumber","portland__construction-home-services","water-heater-doctor","/city/portland/construction-home-services/water-heater-doctor/",""
"Weekend Plumber, LLC","https://www.google.com/maps/place/Weekend+Plumber,+LLC/@45.5297686,-142.1708066,5z/data=!4m10!1m2!2m1!1sPlumbers+Portland+Oregon!3m6!1s0x5495a9a2dce97341:0xe02967d2ab93ae7f!8m2!3d45.5427145!4d-122.6543856!15sChhQbHVtYmVycyBQb3J0bGFuZCBPcmVnb25aGiIYcGx1bWJlcnMgcG9ydGxhbmQgb3JlZ29ukgEHcGx1bWJlcpoBJENoZERTVWhOTUc5blMwVkpRMEZuU1VONE1qUlFUV3RuUlJBQuABAPoBBQi4AhA8!16s%2Fg%2F11n65xymsr?entry=ttu&g_ep=EgoyMDI2MDQyOS4wIKXMDSoASAFQAw%3D%3D","http://weekendplumberllc.com/","(503) 9398968","Plumber","portland__construction-home-services","weekend-plumber-llc","/city/portland/construction-home-services/weekend-plumber-llc/",""
"Westover works LLC","https://www.google.com/maps/place/Westover+works+LLC/@42.4455861,-128.2596129,7z/data=!4m10!1m2!2m1!1sLandscaping+Portland+Oregon!3m6!1s0x54959f5a3be3187d:0xc3aa3f746a5c4ebe!8m2!3d44.8427409!4d-122.787963!15sChtMYW5kc2NhcGluZyBQb3J0bGFuZCBPcmVnb25aHSIbbGFuZHNjYXBpbmcgcG9ydGxhbmQgb3JlZ29ukgEKbGFuZHNjYXBlcpoBRENpOURRVWxSUVVOdlpFTm9kSGxqUmpsdlQydzVkbVJYYUVwUFdGSndZVmhrYWxSSVNqTmtNMXBwVEZka2JHVlhZeEFC4AEA-gEECAAQSA!16s%2Fg%2F11p5f4f4sr?entry=ttu&g_ep=EgoyMDI2MDQyOS4wIKXMDSoASAFQAw%3D%3D","http://www.westoverworks.com/","(503) 8783824","Landscaper","portland__construction-home-services","westover-works-llc","/city/portland/construction-home-services/westover-works-llc/",""
"Cascadia Putting Club","","https://www.cascadiaputtingclub.com/","(503) 782-9775","Mobile mini golf rental","portland__sports-fitness","cascadia-putting-club","/city/portland/sports-fitness/cascadia-putting-club/",""
"Back To Life Massage","https://www.google.com/maps/place/Back+To+Life+Massage/@43.2307841,-123.6758211,11z/data=!4m11!1m3!2m2!1sDay+Spas+Roseburg+Oregon!6e1!3m6!1s0xa2cfbbca20173afd:0x2e77c0d3ddccef9a!8m2!3d43.2360265!4d-123.3364352!15sChhEYXkgU3BhcyBSb3NlYnVyZyBPcmVnb25aGiIYZGF5IHNwYXMgcm9zZWJ1cmcgb3JlZ29ukgERbWFzc2FnZV90aGVyYXBpc3SaAURDaTlEUVVsUlFVTnZaRU5vZEhsalJqbHZUMnBPZUdWVVRrdFJWbWh2WVROd2VVOVlhM3BUYlRWWVYxVm9kRlZ1WXhBQuABAPoBBAgoEDk!16s%2Fg%2F11pv5_4dth?entry=ttu&g_ep=EgoyMDI2MDQyOS4wIKXMDSoASAFQAw%3D%3D","http://roseburg-massage.com/","(541) 4308038","Massage therapist","roseburg__beauty-personal-care","back-to-life-massage","/city/roseburg/beauty-personal-care/back-to-life-massage/",""
"Alyft Digital Marketing Agency","https://www.google.com/maps/place/Alyft+Digital+Marketing+Agency/@46.423669,-129.9427085,3z/data=!4m10!1m2!2m1!1sWeb+Design+and+Digital+Marketing+Roseburg+Oregon!3m6!1s0x275d8e30688d7f73:0xe400f50f7a3e1373!8m2!3d43.5047795!4d-122.031454!15sCjBXZWIgRGVzaWduIGFuZCBEaWdpdGFsIE1hcmtldGluZyBSb3NlYnVyZyBPcmVnb25aMiIwd2ViIGRlc2lnbiBhbmQgZGlnaXRhbCBtYXJrZXRpbmcgcm9zZWJ1cmcgb3JlZ29ukgEQbWFya2V0aW5nX2FnZW5jeZoBRENpOURRVWxSUVVOdlpFTm9kSGxqUmpsdlQyMWtiVTlZVG5oV1NFcHFWMjFTTVdSdFRURllNRWt3WTJ4a2JVNXNSUkFC4AEA-gEFCMMBEEg!16s%2Fg%2F11y0bm56nh?entry=ttu&g_ep=EgoyMDI2MDQyOS4wIKXMDSoASAFQAw%3D%3D","https://alyft.ai/","(541) 5958187","Marketing agency","roseburg__business-professional-services","alyft-digital-marketing-agency","/city/roseburg/business-professional-services/alyft-digital-marketing-agency/",""
"Blahq Sage Media LLC","https://www.google.com/maps/place/Blahq+Sage+Media+LLC/@46.423669,-129.9427085,3z/data=!4m10!1m2!2m1!1sWeb+Design+and+Digital+Marketing+Roseburg+Oregon!3m6!1s0x2869184049462211:0xa54452593c65a2a1!8m2!3d43.0626705!4d-122.031454!15sCjBXZWIgRGVzaWduIGFuZCBEaWdpdGFsIE1hcmtldGluZyBSb3NlYnVyZyBPcmVnb25aMiIwd2ViIGRlc2lnbiBhbmQgZGlnaXRhbCBtYXJrZXRpbmcgcm9zZWJ1cmcgb3JlZ29ukgENbWVkaWFfY29tcGFueZoBI0NoWkRTVWhOTUc5blMwVkpRMEZuU1VST01FeHRSVWRuRUFF4AEA-gEECAAQRQ!16s%2Fg%2F11s18x29x9?entry=ttu&g_ep=EgoyMDI2MDQyOS4wIKXMDSoASAFQAw%3D%3D","https://www.blahqsage.com/","","Media company","roseburg__business-professional-services","blahq-sage-media-llc","/city/roseburg/business-professional-services/blahq-sage-media-llc/",""
"BlizzardPress","https://www.google.com/maps/place/BlizzardPress/@46.423669,-129.9427085,3z/data=!4m10!1m2!2m1!1sWeb+Design+and+Digital+Marketing+Roseburg+Oregon!3m6!1s0x8741074f00de8617:0x4d37e549fc757388!8m2!3d43.1428155!4d-123.1601945!15sCjBXZWIgRGVzaWduIGFuZCBEaWdpdGFsIE1hcmtldGluZyBSb3NlYnVyZyBPcmVnb25aMiIwd2ViIGRlc2lnbiBhbmQgZGlnaXRhbCBtYXJrZXRpbmcgcm9zZWJ1cmcgb3JlZ29ukgEaaW50ZXJuZXRfbWFya2V0aW5nX3NlcnZpY2XgAQA!16s%2Fg%2F1yfdpf30m?entry=ttu&g_ep=EgoyMDI2MDQyOS4wIKXMDSoASAFQAw%3D%3D","https://www.blizzardpress.com/?utm_source=googlebusiness&utm_medium=organic&utm_campaign=googlebusiness","(970) 9301882","Internet marketing service","roseburg__business-professional-services","blizzardpress","/city/roseburg/business-professional-services/blizzardpress/",""
"Burt Marketing Group","https://www.google.com/maps/place/Burt+Marketing+Group/@46.423669,-129.9427085,3z/data=!4m10!1m2!2m1!1sWeb+Design+and+Digital+Marketing+Roseburg+Oregon!3m6!1s0x54c43dbf3226de67:0x372104381cc59afd!8m2!3d46.423669!4d-129.9427086!15sCjBXZWIgRGVzaWduIGFuZCBEaWdpdGFsIE1hcmtldGluZyBSb3NlYnVyZyBPcmVnb25aMiIwd2ViIGRlc2lnbiBhbmQgZGlnaXRhbCBtYXJrZXRpbmcgcm9zZWJ1cmcgb3JlZ29ukgEQbWFya2V0aW5nX2FnZW5jeeABAA!16s%2Fg%2F11jmywmqbb?entry=ttu&g_ep=EgoyMDI2MDQyOS4wIKXMDSoASAFQAw%3D%3D","http://www.burtmg.com/","(541) 5052259","Marketing agency","roseburg__business-professional-services","burt-marketing-group","/city/roseburg/business-professional-services/burt-marketing-group/",""
"Cba Sites","https://www.google.com/maps/place/Cba+Sites/@46.423669,-129.9427085,3z/data=!4m10!1m2!2m1!1sWeb+Design+and+Digital+Marketing+Roseburg+Oregon!3m6!1s0xd108eb2f618916b:0x42b09fe65949d339!8m2!3d43.322067!4d-123.1322174!15sCjBXZWIgRGVzaWduIGFuZCBEaWdpdGFsIE1hcmtldGluZyBSb3NlYnVyZyBPcmVnb25aMiIwd2ViIGRlc2lnbiBhbmQgZGlnaXRhbCBtYXJrZXRpbmcgcm9zZWJ1cmcgb3JlZ29ukgEQd2Vic2l0ZV9kZXNpZ25lcpoBJENoZERTVWhOTUc5blMwVkpTRFU1ZGpaMlp6WXRiemgzUlJBQuABAPoBBAglEDs!16s%2Fg%2F11x1f_65qm?entry=ttu&g_ep=EgoyMDI2MDQyOS4wIKXMDSoASAFQAw%3D%3D","https://cbasites.com/","(541) 3915711","Website designer","roseburg__business-professional-services","cba-sites","/city/roseburg/business-professional-services/cba-sites/",""
"Classy and Sassy Digital Marketing","https://www.google.com/maps/place/Classy+and+Sassy+Digital+Marketing/@46.423669,-129.9427085,3z/data=!4m10!1m2!2m1!1sWeb+Design+and+Digital+Marketing+Roseburg+Oregon!3m6!1s0x54c439422de99581:0x6946567ca79b7b96!8m2!3d43.970838!4d-123.263286!15sCjBXZWIgRGVzaWduIGFuZCBEaWdpdGFsIE1hcmtldGluZyBSb3NlYnVyZyBPcmVnb25aMiIwd2ViIGRlc2lnbiBhbmQgZGlnaXRhbCBtYXJrZXRpbmcgcm9zZWJ1cmcgb3JlZ29ukgEQbWFya2V0aW5nX2FnZW5jeZoBJENoZERTVWhOTUc5blMwVkpRMEZuVFVOWmJVOVRNemRuUlJBQuABAPoBBAgAEDw!16s%2Fg%2F11m9zj7w02?entry=ttu&g_ep=EgoyMDI2MDQyOS4wIKXMDSoASAFQAw%3D%3D","http://www.classyandsassydigitalmarketing.com/?utm_source=google-gmb-maps&utm_medium=gmb-website-button&utm_campaign=locl.io&utm_content=2726c927-7cef-4c60-b727-f10a21380b1d","(541) 9001096","Marketing agency","roseburg__business-professional-services","classy-and-sassy-digital-marketing","/city/roseburg/business-professional-services/classy-and-sassy-digital-marketing/",""
"Dynamyte Digital Lab","https://www.google.com/maps/place/Dynamyte+Digital+Lab/@46.423669,-129.9427085,3z/data=!4m10!1m2!2m1!1sWeb+Design+and+Digital+Marketing+Roseburg+Oregon!3m6!1s0x6ae91cba58f17c9b:0x2ef10758b39daa37!8m2!3d43.06373!4d-123.1322174!15sCjBXZWIgRGVzaWduIGFuZCBEaWdpdGFsIE1hcmtldGluZyBSb3NlYnVyZyBPcmVnb25aMiIwd2ViIGRlc2lnbiBhbmQgZGlnaXRhbCBtYXJrZXRpbmcgcm9zZWJ1cmcgb3JlZ29ukgEQbWFya2V0aW5nX2FnZW5jeeABAA!16s%2Fg%2F11ltnk8w2k?entry=ttu&g_ep=EgoyMDI2MDQyOS4wIKXMDSoASAFQAw%3D%3D","https://dynamytedigitallab.com/","(541) 5301716","Marketing agency","roseburg__business-professional-services","dynamyte-digital-lab","/city/roseburg/business-professional-services/dynamyte-digital-lab/",""
"Evergreen By Design","https://www.google.com/maps/place/Evergreen+By+Design/@46.423669,-129.9427085,3z/data=!4m10!1m2!2m1!1sWeb+Design+and+Digital+Marketing+Roseburg+Oregon!3m6!1s0x54c43d2ca1869197:0x473f0d46bf731530!8m2!3d44.2518825!4d-122.840399!15sCjBXZWIgRGVzaWduIGFuZCBEaWdpdGFsIE1hcmtldGluZyBSb3NlYnVyZyBPcmVnb25aMiIwd2ViIGRlc2lnbiBhbmQgZGlnaXRhbCBtYXJrZXRpbmcgcm9zZWJ1cmcgb3JlZ29ukgEaaW50ZXJuZXRfbWFya2V0aW5nX3NlcnZpY2WaAURDaTlEUVVsUlFVTnZaRU5vZEhsalJqbHZUMnhhWVU1RVVsUk9lbFptVDFZNVpsZ3dTWGhUYTJ4eFltMDVUMW96WXhBQuABAPoBBAgAED8!16s%2Fg%2F11h75s230c?entry=ttu&g_ep=EgoyMDI2MDQyOS4wIKXMDSoASAFQAw%3D%3D","https://evergreenbydesign.com/","(541) 3785563","Internet marketing service","roseburg__business-professional-services","evergreen-by-design","/city/roseburg/business-professional-services/evergreen-by-design/",""
"Holden Studio","https://www.google.com/maps/place/Holden+Studio/@46.423669,-129.9427085,3z/data=!4m10!1m2!2m1!1sWeb+Design+and+Digital+Marketing+Roseburg+Oregon!3m6!1s0x54c43b8023e2cd91:0x2deefaab5e13f9e4!8m2!3d44.1455904!4d-120.5834015!15sCjBXZWIgRGVzaWduIGFuZCBEaWdpdGFsIE1hcmtldGluZyBSb3NlYnVyZyBPcmVnb25aMiIwd2ViIGRlc2lnbiBhbmQgZGlnaXRhbCBtYXJrZXRpbmcgcm9zZWJ1cmcgb3JlZ29ukgEQd2Vic2l0ZV9kZXNpZ25lcuABAA!16s%2Fg%2F11k8hjcn_s?entry=ttu&g_ep=EgoyMDI2MDQyOS4wIKXMDSoASAFQAw%3D%3D","http://www.holdenstudio.com/","","Website designer","roseburg__business-professional-services","holden-studio","/city/roseburg/business-professional-services/holden-studio/",""
"Rubiko","https://www.google.com/maps/place/Rubiko/@46.423669,-129.9427085,3z/data=!4m10!1m2!2m1!1sWeb+Design+and+Digital+Marketing+Roseburg+Oregon!3m6!1s0x54c422d1a4d34935:0x7965e943ca3eec04!8m2!3d43.1428155!4d-123.2357785!15sCjBXZWIgRGVzaWduIGFuZCBEaWdpdGFsIE1hcmtldGluZyBSb3NlYnVyZyBPcmVnb25aMiIwd2ViIGRlc2lnbiBhbmQgZGlnaXRhbCBtYXJrZXRpbmcgcm9zZWJ1cmcgb3JlZ29ukgEQd2Vic2l0ZV9kZXNpZ25lcpoBJENoZERTVWhOTUc5blMwVkpRMEZuU1VRM2FVNHRRWFZCUlJBQuABAPoBBAhQED0!16s%2Fg%2F11c554sh_w?entry=ttu&g_ep=EgoyMDI2MDQyOS4wIKXMDSoASAFQAw%3D%3D","http://rubiko.io/","(541) 9005988","Website designer","roseburg__business-professional-services","rubiko","/city/roseburg/business-professional-services/rubiko/",""
"Solo Web Solutions","https://www.google.com/maps/place/Solo+Web+Solutions/@46.423669,-129.9427085,3z/data=!4m10!1m2!2m1!1sWeb+Design+and+Digital+Marketing+Roseburg+Oregon!3m6!1s0x54c43bc002006baf:0x2a72738f68bb587d!8m2!3d43.322067!4d-123.1322174!15sCjBXZWIgRGVzaWduIGFuZCBEaWdpdGFsIE1hcmtldGluZyBSb3NlYnVyZyBPcmVnb25aMiIwd2ViIGRlc2lnbiBhbmQgZGlnaXRhbCBtYXJrZXRpbmcgcm9zZWJ1cmcgb3JlZ29ukgEQd2Vic2l0ZV9kZXNpZ25lcpoBI0NoWkRTVWhOTUc5blMwVkpRMEZuU1VSYU0yVnRXbVZSRUFF4AEA-gEFCJ0CECo!16s%2Fg%2F1td9q7s2?entry=ttu&g_ep=EgoyMDI2MDQyOS4wIKXMDSoASAFQAw%3D%3D","https://solowebsolutions.com/","(210) 7960208","Website designer","roseburg__business-professional-services","solo-web-solutions","/city/roseburg/business-professional-services/solo-web-solutions/",""
"Tri Peak Design","https://www.google.com/maps/place/Tri+Peak+Design/@46.423669,-129.9427085,3z/data=!4m10!1m2!2m1!1sWeb+Design+and+Digital+Marketing+Roseburg+Oregon!3m6!1s0xd5ba736c7c03cbf:0x1bb03c5a36ef0261!8m2!3d43.2360265!4d-123.3364352!15sCjBXZWIgRGVzaWduIGFuZCBEaWdpdGFsIE1hcmtldGluZyBSb3NlYnVyZyBPcmVnb25aMiIwd2ViIGRlc2lnbiBhbmQgZGlnaXRhbCBtYXJrZXRpbmcgcm9zZWJ1cmcgb3JlZ29ukgEQd2Vic2l0ZV9kZXNpZ25lcpoBI0NoWkRTVWhOTUc5blMwVk9Sekl4Y0ROVGRWQnhOazVCRUFF4AEA-gEECAAQSw!16s%2Fg%2F11xcl2njcy?entry=ttu&g_ep=EgoyMDI2MDQyOS4wIKXMDSoASAFQAw%3D%3D","https://www.tripeakdesign.com/","(541) 8173724","Website designer","roseburg__business-professional-services","tri-peak-design","/city/roseburg/business-professional-services/tri-peak-design/",""
"Wandering Wizard Digital","https://www.google.com/maps/place/Wandering+Wizard+Digital/@46.423669,-129.9427085,3z/data=!4m10!1m2!2m1!1sWeb+Design+and+Digital+Marketing+Roseburg+Oregon!3m6!1s0x892ac6e6ab6ef62f:0x2be9227fde325ad4!8m2!3d46.423669!4d-129.9427086!15sCjBXZWIgRGVzaWduIGFuZCBEaWdpdGFsIE1hcmtldGluZyBSb3NlYnVyZyBPcmVnb26SARB3ZWJzaXRlX2Rlc2lnbmVy4AEA!16s%2Fg%2F11y478s2d5?entry=ttu&g_ep=EgoyMDI2MDQyOS4wIKXMDSoASAFQAw%3D%3D","https://www.cvasserportfolio.com/","","Website designer","roseburg__business-professional-services","wandering-wizard-digital","/city/roseburg/business-professional-services/wandering-wizard-digital/",""
"A2Z Quality Construction, LLC","https://www.google.com/maps/place/A2Z+Quality+Construction,+LLC/@43.2224511,-125.7901927,8z/data=!4m10!1m2!2m1!1sRoofing+Contractor+Roseburg+Oregon!3m6!1s0x8f3b80754e05fb51:0xb9bfef45b32afb13!8m2!3d43.322067!4d-123.1322174!15sCiJSb29maW5nIENvbnRyYWN0b3IgUm9zZWJ1cmcgT3JlZ29uWiQiInJvb2ZpbmcgY29udHJhY3RvciByb3NlYnVyZyBvcmVnb26SARJnZW5lcmFsX2NvbnRyYWN0b3KaASRDaGREU1VoTk1HOW5TMFZKUTBGblRVUkplR05MV0hoM1JSQULgAQD6AQQIJhBG!16s%2Fg%2F11l2yy28xw?entry=ttu&g_ep=EgoyMDI2MDQyOS4wIKXMDSoASAFQAw%3D%3D","https://www.a2zqualityconstruction.com/","(541) 6705199","General contractor","roseburg__construction-home-services","a2z-quality-construction-llc","/city/roseburg/construction-home-services/a2z-quality-construction-llc/",""
"Bean Electric LLC","https://www.google.com/maps/place/Bean+Electric+LLC/@43.157754,-133.1245004,6z/data=!4m10!1m2!2m1!1sElectricians+Roseburg+Oregon!3m6!1s0x54c43c9b32aec36b:0x1c971afaf9dc9dea!8m2!3d43.2813075!4d-123.3453414!15sChxFbGVjdHJpY2lhbnMgUm9zZWJ1cmcgT3JlZ29uWh4iHGVsZWN0cmljaWFucyByb3NlYnVyZyBvcmVnb26SAQtlbGVjdHJpY2lhbpoBI0NoWkRTVWhOTUc5blMwVkpRMEZuU1VSRUxWbGliVkpSRUFF4AEA-gEECEIQRQ!16s%2Fg%2F1trxj_qp?entry=ttu&g_ep=EgoyMDI2MDQyOS4wIKXMDSoASAFQAw%3D%3D","http://www.beanelectric.com/","(541) 6726550","Electrician","roseburg__construction-home-services","bean-electric-llc","/city/roseburg/construction-home-services/bean-electric-llc/",""
"C4 CONSTRUCTION","https://www.google.com/maps/place/C4+CONSTRUCTION/@43.2224511,-125.7901927,8z/data=!4m10!1m2!2m1!1sRoofing+Contractor+Roseburg+Oregon!3m6!1s0x853968f9850753f1:0x6c98ea581624e72c!8m2!3d43.05837!4d-122.791673!15sCiJSb29maW5nIENvbnRyYWN0b3IgUm9zZWJ1cmcgT3JlZ29uWiQiInJvb2ZpbmcgY29udHJhY3RvciByb3NlYnVyZyBvcmVnb26SARRjb25zdHJ1Y3Rpb25fY29tcGFueZoBI0NoWkRTVWhOTUc5blMwVkpRMEZuVFVOWmJVczNha3hCRUFF4AEA-gEECBIQIA!16s%2Fg%2F11lw7v40t7?entry=ttu&g_ep=EgoyMDI2MDQyOS4wIKXMDSoASAFQAw%3D%3D","https://c4construction.us/","(541) 5299723","Construction company","roseburg__construction-home-services","c4-construction","/city/roseburg/construction-home-services/c4-construction/",""
"Coble Contracting & Construction","https://www.google.com/maps/place/Coble+Contracting+%26+Construction/@43.1421139,-125.8376015,8z/data=!4m10!1m2!2m1!1sConcrete+Contractors+Roseburg+Oregon!3m6!1s0x54c14d01e293606f:0x7b18338dab5388ab!8m2!3d43.322067!4d-123.1322174!15sCiRDb25jcmV0ZSBDb250cmFjdG9ycyBSb3NlYnVyZyBPcmVnb25aJiIkY29uY3JldGUgY29udHJhY3RvcnMgcm9zZWJ1cmcgb3JlZ29ukgEUY29uc3RydWN0aW9uX2NvbXBhbnmaASRDaGREU1VoTk1HOW5TMFZKUTBGblRVTlJOR0pwTFhkM1JSQULgAQD6AQQIfxAc!16s%2Fg%2F11rf4mnv6v?entry=ttu&g_ep=EgoyMDI2MDQyOS4wIKXMDSoASAFQAw%3D%3D","https://cobleconstruction.display-pages.com/","(541) 6430490","Construction company","roseburg__construction-home-services","coble-contracting-construction","/city/roseburg/construction-home-services/coble-contracting-construction/",""
"Craig Carroll Construction","https://www.google.com/maps/place/Craig+Carroll+Construction/@43.1421139,-125.8376015,8z/data=!4m10!1m2!2m1!1sConcrete+Contractors+Roseburg+Oregon!3m6!1s0x49cab0c7806df9d3:0x32567d7ace148368!8m2!3d43.2565755!4d-123.3605238!15sCiRDb25jcmV0ZSBDb250cmFjdG9ycyBSb3NlYnVyZyBPcmVnb25aJiIkY29uY3JldGUgY29udHJhY3RvcnMgcm9zZWJ1cmcgb3JlZ29ukgEUY29uc3RydWN0aW9uX2NvbXBhbnmaASRDaGREU1VoTk1HOW5TMFZKUTBGblNVTkNibkF0Ym5SQlJSQULgAQD6AQQIABA5!16s%2Fg%2F11sd6k38rr?entry=ttu&g_ep=EgoyMDI2MDQyOS4wIKXMDSoASAFQAw%3D%3D","","(541) 6717338","Construction company","roseburg__construction-home-services","craig-carroll-construction","/city/roseburg/construction-home-services/craig-carroll-construction/",""
"Currie Legacy Construction","https://www.google.com/maps/place/Currie+Legacy+Construction/@43.2224511,-125.7901927,8z/data=!4m10!1m2!2m1!1sRoofing+Contractor+Roseburg+Oregon!3m6!1s0x8ceb2d26902760b:0x72398c0b17642be7!8m2!3d43.2360265!4d-123.3364352!15sCiJSb29maW5nIENvbnRyYWN0b3IgUm9zZWJ1cmcgT3JlZ29uWiQiInJvb2ZpbmcgY29udHJhY3RvciByb3NlYnVyZyBvcmVnb26SARJyb29maW5nX2NvbnRyYWN0b3KaASRDaGREU1VoTk1HOW5TMFZKUTBGblNVTnFhWEZwVkc5M1JSQULgAQD6AQQIABAy!16s%2Fg%2F11svmgxdxy?entry=ttu&g_ep=EgoyMDI2MDQyOS4wIKXMDSoASAFQAw%3D%3D","https://currielegacyconstruction.com/","(541) 7337230","Roofing contractor","roseburg__construction-home-services","currie-legacy-construction","/city/roseburg/construction-home-services/currie-legacy-construction/",""
"DCS Construction & Concrete","https://www.google.com/maps/place/DCS+Construction+%26+Concrete/@43.1421139,-125.8376015,8z/data=!4m10!1m2!2m1!1sConcrete+Contractors+Roseburg+Oregon!3m6!1s0x6d911140ff79285:0x97a5429883b54717!8m2!3d43.202254!4d-124.2929246!15sCiRDb25jcmV0ZSBDb250cmFjdG9ycyBSb3NlYnVyZyBPcmVnb25aJiIkY29uY3JldGUgY29udHJhY3RvcnMgcm9zZWJ1cmcgb3JlZ29ukgETY29uY3JldGVfY29udHJhY3RvcpoBRENpOURRVWxSUVVOdlpFTm9kSGxqUmpsdlQyMU9abU50TkRWV1YyTXdWVlZXYzA1SGFHOVhSRlpDWVZoU05WcFdSUkFC4AEA-gEECAAQSg!16s%2Fg%2F11s855n7nz?entry=ttu&g_ep=EgoyMDI2MDQyOS4wIKXMDSoASAFQAw%3D%3D","https://www.dcsconstructionconcrete.com/","(541) 2328860","Concrete contractor","roseburg__construction-home-services","dcs-construction-concrete","/city/roseburg/construction-home-services/dcs-construction-concrete/",""
"Dirty Duck Construction","https://www.google.com/maps/place/Dirty+Duck+Construction/@43.2540008,-125.8572866,8z/data=!4m10!1m2!2m1!1sConcrete+Contractors+Roseburg+Oregon!3m6!1s0x1afb91e6c37da79:0xa55abfc691d396dc!8m2!3d43.322067!4d-123.1322174!15sCiRDb25jcmV0ZSBDb250cmFjdG9ycyBSb3NlYnVyZyBPcmVnb25aJiIkY29uY3JldGUgY29udHJhY3RvcnMgcm9zZWJ1cmcgb3JlZ29ukgEKY29udHJhY3RvcpoBRENpOURRVWxSUVVOdlpFTm9kSGxqUmpsdlQycEdXVkZWTlVoYVIwcFJVakl4V1ZkWFVuaGhWRlpPVmtjeFVtRkdSUkFC4AEA-gEECFUQKQ!16s%2Fg%2F11kpkk_vrn?entry=ttu&g_ep=EgoyMDI2MDQyOS4wIKXMDSoASAFQAw%3D%3D","","(541) 8174161","Contractor","roseburg__construction-home-services","dirty-duck-construction","/city/roseburg/construction-home-services/dirty-duck-construction/",""
"Dirty Duck Excavation, LLC","https://www.google.com/maps/place/Dirty+Duck+Excavation,+LLC/@43.2540008,-125.8572866,8z/data=!4m10!1m2!2m1!1sConcrete+Contractors+Roseburg+Oregon!3m6!1s0x54c43fe70da660ff:0x7eda9fdc4a3c77f2!8m2!3d41.710008!4d-114.6062666!15sCiRDb25jcmV0ZSBDb250cmFjdG9ycyBSb3NlYnVyZyBPcmVnb25aJiIkY29uY3JldGUgY29udHJhY3RvcnMgcm9zZWJ1cmcgb3JlZ29ukgEVZXhjYXZhdGluZ19jb250cmFjdG9ymgEjQ2haRFNVaE5NRzluUzBWSlEwRm5TVU5pTTNGMlZrdG5FQUXgAQD6AQUIsgEQSQ!16s%2Fg%2F11j0tk24k1?entry=ttu&g_ep=EgoyMDI2MDQyOS4wIKXMDSoASAFQAw%3D%3D","","(541) 5804397","Excavating contractor","roseburg__construction-home-services","dirty-duck-excavation-llc","/city/roseburg/construction-home-services/dirty-duck-excavation-llc/",""
"Dobson Roofing, Inc.","https://www.google.com/maps/place/Dobson+Roofing,+Inc./@43.2224511,-125.7901927,8z/data=!4m10!1m2!2m1!1sRoofing+Contractor+Roseburg+Oregon!3m6!1s0x54c41713f167e603:0x42c3acd309c325c9!8m2!3d42.9689125!4d-122.5850204!15sCiJSb29maW5nIENvbnRyYWN0b3IgUm9zZWJ1cmcgT3JlZ29uWiQiInJvb2ZpbmcgY29udHJhY3RvciByb3NlYnVyZyBvcmVnb26SARJyb29maW5nX2NvbnRyYWN0b3KaASRDaGREU1VoTk1HOW5TMFZKUTBGblNVUjRiRGg1TWpSblJSQULgAQD6AQQIABAk!16s%2Fg%2F1tdp05s5?entry=ttu&g_ep=EgoyMDI2MDQyOS4wIKXMDSoASAFQAw%3D%3D","http://www.dobsonroofing.net/","(541) 6439456","Roofing contractor","roseburg__construction-home-services","dobson-roofing-inc","/city/roseburg/construction-home-services/dobson-roofing-inc/",""
"Duncan MC Construction, LLC","https://www.google.com/maps/place/Duncan+MC+Construction,+LLC/@43.1421139,-125.8376015,8z/data=!4m10!1m2!2m1!1sConcrete+Contractors+Roseburg+Oregon!3m6!1s0x54c42397e5cc9bd1:0xe744a215aeec9941!8m2!3d44.176092!4d-123.1322174!15sCiRDb25jcmV0ZSBDb250cmFjdG9ycyBSb3NlYnVyZyBPcmVnb25aJiIkY29uY3JldGUgY29udHJhY3RvcnMgcm9zZWJ1cmcgb3JlZ29ukgETZmxvb3JpbmdfY29udHJhY3RvcpoBRENpOURRVWxSUVVOdlpFTm9kSGxqUmpsdlQyMXNhbUpHYkRGWGJWcFVZMjVHUkUweFdqWmlNa1pIWlVSc05HRlhZeEFC4AEA-gEECAAQPg!16s%2Fg%2F11h2hhnjc7?entry=ttu&g_ep=EgoyMDI2MDQyOS4wIKXMDSoASAFQAw%3D%3D","https://www.duncanmcconstruction.com/?utm_source=GMB&utm_medium=organic","(541) 8961051","Flooring contractor","roseburg__construction-home-services","duncan-mc-construction-llc","/city/roseburg/construction-home-services/duncan-mc-construction-llc/",""
"Geise Electric, LLC","https://www.google.com/maps/place/Geise+Electric,+LLC/@43.157754,-133.1245004,6z/data=!4m10!1m2!2m1!1sElectricians+Roseburg+Oregon!3m6!1s0x65bce947bbe1174f:0x5674eda580c4e94f!8m2!3d43.322067!4d-123.1322174!15sChxFbGVjdHJpY2lhbnMgUm9zZWJ1cmcgT3JlZ29uWh4iHGVsZWN0cmljaWFucyByb3NlYnVyZyBvcmVnb26SAQtlbGVjdHJpY2lhbpoBJENoZERTVWhOTUc5blMwVkpRMEZuU1VSQ09ITjVWSEZSUlJBQuABAPoBBAgAED0!16s%2Fg%2F11swt61sb5?entry=ttu&g_ep=EgoyMDI2MDQyOS4wIKXMDSoASAFQAw%3D%3D","https://www.geise-electric.com/","(541) 8179262","Electrician","roseburg__construction-home-services","geise-electric-llc","/city/roseburg/construction-home-services/geise-electric-llc/",""
"Green Concrete & Construction LLC","https://www.google.com/maps/place/Green+Concrete+%26+Construction+LLC/@43.2540008,-125.8572866,8z/data=!4m10!1m2!2m1!1sConcrete+Contractors+Roseburg+Oregon!3m6!1s0x54c4188f99e6faf1:0xe02ea6bd44d6058c!8m2!3d43.3057605!4d-123.263286!15sCiRDb25jcmV0ZSBDb250cmFjdG9ycyBSb3NlYnVyZyBPcmVnb25aJiIkY29uY3JldGUgY29udHJhY3RvcnMgcm9zZWJ1cmcgb3JlZ29ukgETY29uY3JldGVfY29udHJhY3RvcpoBI0NoWkRTVWhOTUc5blMwVkpRMEZuU1VSV2JEVmlhVkIzRUFF4AEA-gEFCKwCED4!16s%2Fg%2F11gfj6nz0n?entry=ttu&g_ep=EgoyMDI2MDQyOS4wIKXMDSoASAFQAw%3D%3D","https://www.facebook.com/green.concrete.and.construction.llc?mibextid=LQQJ4d","(458) 8028051","Concrete contractor","roseburg__construction-home-services","green-concrete-construction-llc","/city/roseburg/construction-home-services/green-concrete-construction-llc/",""
"Hartbuilt Plumbing","https://www.google.com/maps/place/Hartbuilt+Plumbing/@43.2465141,-123.6175659,12z/data=!4m10!1m2!2m1!1sPlumbers+Roseburg+Oregon!3m6!1s0xf07f442eaf7a36b:0xaa525dc4cc5089b8!8m2!3d43.2360265!4d-123.3364352!15sChhQbHVtYmVycyBSb3NlYnVyZyBPcmVnb25aGiIYcGx1bWJlcnMgcm9zZWJ1cmcgb3JlZ29ukgEHcGx1bWJlcpoBJENoZERTVWhOTUc5blMwVkpNMHh1TmpKNmMyTmZhSEIzUlJBQuABAPoBBQjVARA7!16s%2Fg%2F11x6zh1921?entry=ttu&g_ep=EgoyMDI2MDQyOS4wIKXMDSoASAFQAw%3D%3D","","(541) 5809766","Plumber","roseburg__construction-home-services","hartbuilt-plumbing","/city/roseburg/construction-home-services/hartbuilt-plumbing/",""
"L&M Custom Builders, LLC","https://www.google.com/maps/place/L%26M+Custom+Builders,+LLC/@43.1421139,-125.8376015,8z/data=!4m10!1m2!2m1!1sConcrete+Contractors+Roseburg+Oregon!3m6!1s0x54c43dfc8436b6f9:0xfd825ab48cd5fc3a!8m2!3d43.3928925!4d-123.6098926!15sCiRDb25jcmV0ZSBDb250cmFjdG9ycyBSb3NlYnVyZyBPcmVnb25aJiIkY29uY3JldGUgY29udHJhY3RvcnMgcm9zZWJ1cmcgb3JlZ29ukgETY3VzdG9tX2hvbWVfYnVpbGRlcpoBI0NoWkRTVWhOTUc5blMwVkpRMEZuU1VSdU4weElNMkpuRUFF4AEA-gEECE0QMg!16s%2Fg%2F11r9b4nb_t?entry=ttu&g_ep=EgoyMDI2MDQyOS4wIKXMDSoASAFQAw%3D%3D","http://lm-custombuilders.com/","(541) 5295162","Custom home builder","roseburg__construction-home-services","l-m-custom-builders-llc","/city/roseburg/construction-home-services/l-m-custom-builders-llc/",""
"Lawn And Order","https://www.google.com/maps/place/Lawn+And+Order/@43.2228624,-133.1046087,6z/data=!4m10!1m2!2m1!1sLandscaping+Roseburg+Oregon!3m6!1s0x42ed95471057059f:0xdf63d6cfd4981247!8m2!3d43.322067!4d-123.1322174!15sChtMYW5kc2NhcGluZyBSb3NlYnVyZyBPcmVnb25aHSIbbGFuZHNjYXBpbmcgcm9zZWJ1cmcgb3JlZ29ukgEKbGFuZHNjYXBlcpoBI0NoWkRTVWhOTUc5blMwVkpRMEZuU1VRNWRYQmZjRmhSRUFF4AEA-gEECAAQNw!16s%2Fg%2F11v024sr1c?entry=ttu&g_ep=EgoyMDI2MDQyOS4wIKXMDSoASAFQAw%3D%3D","http://www.roseburglawnandorder.com/","(541) 3782729","Landscaper","roseburg__construction-home-services","lawn-and-order","/city/roseburg/construction-home-services/lawn-and-order/",""
"Leon Roberson Construction","https://www.google.com/maps/place/Leon+Roberson+Construction/@43.2540008,-125.8572866,8z/data=!4m10!1m2!2m1!1sConcrete+Contractors+Roseburg+Oregon!3m6!1s0x2bbee749b2d757c3:0x1b61207430e21ba!8m2!3d43.399525!4d-123.263286!15sCiRDb25jcmV0ZSBDb250cmFjdG9ycyBSb3NlYnVyZyBPcmVnb25aJiIkY29uY3JldGUgY29udHJhY3RvcnMgcm9zZWJ1cmcgb3JlZ29ukgETY29uY3JldGVfY29udHJhY3RvcpoBI0NoWkRTVWhOTUc5blMwVkpRMEZuU1VSTWVXSkVja0YzRUFF4AEA-gEECAAQLQ!16s%2Fg%2F11y5t_rn7l?entry=ttu&g_ep=EgoyMDI2MDQyOS4wIKXMDSoASAFQAw%3D%3D","http://leonrconstruction.com/","(541) 4302405","Concrete contractor","roseburg__construction-home-services","leon-roberson-construction","/city/roseburg/construction-home-services/leon-roberson-construction/",""
"Moonlight Electric and Maintenance LLC","https://www.google.com/maps/place/Moonlight+Electric+and+Maintenance+LLC/@43.157754,-133.1245004,6z/data=!4m10!1m2!2m1!1sElectricians+Roseburg+Oregon!3m6!1s0x643e6c09fe17b383:0xa2d2021598159502!8m2!3d43.322067!4d-123.1322174!15sChxFbGVjdHJpY2lhbnMgUm9zZWJ1cmcgT3JlZ29uWh4iHGVsZWN0cmljaWFucyByb3NlYnVyZyBvcmVnb26SAQtlbGVjdHJpY2lhbpoBJENoZERTVWhOTUc5blMwVkpRMEZuU1VSYWNITjVTbTFSUlJBQuABAPoBBAgAECk!16s%2Fg%2F11tg3qnky3?entry=ttu&g_ep=EgoyMDI2MDQyOS4wIKXMDSoASAFQAw%3D%3D","http://roseburgelectric.com/","(541) 4304441","Electrician","roseburg__construction-home-services","moonlight-electric-and-maintenance-llc","/city/roseburg/construction-home-services/moonlight-electric-and-maintenance-llc/",""
"One Cervantes Construction Inc.","https://www.google.com/maps/place/One+Cervantes+Construction+Inc./@43.2540008,-125.8572866,8z/data=!4m10!1m2!2m1!1sConcrete+Contractors+Roseburg+Oregon!3m6!1s0x54c43d2d34d3f34f:0xd2747d9b5fd70438!8m2!3d43.525596!4d-123.51541!15sCiRDb25jcmV0ZSBDb250cmFjdG9ycyBSb3NlYnVyZyBPcmVnb25aJiIkY29uY3JldGUgY29udHJhY3RvcnMgcm9zZWJ1cmcgb3JlZ29ukgEUY29uc3RydWN0aW9uX2NvbXBhbnmaASNDaFpEU1VoTk1HOW5TMFZKUTBGblNVTTVMWEUyZVZaQkVBReABAPoBBAhkEEc!16s%2Fg%2F11lqvvwnkj?entry=ttu&g_ep=EgoyMDI2MDQyOS4wIKXMDSoASAFQAw%3D%3D","https://www.constructioncompanyroseburgor.com/","(541) 5372738","Construction company","roseburg__construction-home-services","one-cervantes-construction-inc","/city/roseburg/construction-home-services/one-cervantes-construction-inc/",""
"Oregon Concrete Leveling, LLC","https://www.google.com/maps/place/Oregon+Concrete+Leveling,+LLC/@43.2540008,-125.8572866,8z/data=!4m10!1m2!2m1!1sConcrete+Contractors+Roseburg+Oregon!3m6!1s0x40b2a56cd82a0873:0x457ac85a5c66eb20!8m2!3d43.541618!4d-123.0291259!15sCiRDb25jcmV0ZSBDb250cmFjdG9ycyBSb3NlYnVyZyBPcmVnb25aJiIkY29uY3JldGUgY29udHJhY3RvcnMgcm9zZWJ1cmcgb3JlZ29ukgETY29uY3JldGVfY29udHJhY3RvcpoBRENpOURRVWxSUVVOdlpFTm9kSGxqUmpsdlQyNUplRTR6V201bGJWSnRZVWQ0YW1WWVJrdGFNbmgwWTJ4b1NrOUZSUkFC4AEA-gEECAAQKQ!16s%2Fg%2F11md87v9hc?entry=ttu&g_ep=EgoyMDI2MDQyOS4wIKXMDSoASAFQAw%3D%3D","https://oregonconcrete-leveling.com/","(541) 6717234","Concrete contractor","roseburg__construction-home-services","oregon-concrete-leveling-llc","/city/roseburg/construction-home-services/oregon-concrete-leveling-llc/",""
"Oregon Electric Test Prep","https://www.google.com/maps/place/Oregon+Electric+Test+Prep/@43.157754,-133.1245004,6z/data=!4m10!1m2!2m1!1sElectricians+Roseburg+Oregon!3m6!1s0x6ea3e6bf65be1d05:0xd8801c395670443b!8m2!3d44.1455904!4d-120.5834015!15sChxFbGVjdHJpY2lhbnMgUm9zZWJ1cmcgT3JlZ29uWh4iHGVsZWN0cmljaWFucyByb3NlYnVyZyBvcmVnb26SARB0dXRvcmluZ19zZXJ2aWNlmgEkQ2hkRFNVaE5NRzluUzBWSlEwRm5UVU5CYm5GUWMzQlJSUkFC4AEA-gEECBYQKg!16s%2Fg%2F11x21nh3ch?entry=ttu&g_ep=EgoyMDI2MDQyOS4wIKXMDSoASAFQAw%3D%3D","https://oregonelectrictestprep.com/","(541) 9484394","Tutoring service","roseburg__construction-home-services","oregon-electric-test-prep","/city/roseburg/construction-home-services/oregon-electric-test-prep/",""
"Otis Electric, LLC","https://www.google.com/maps/place/Otis+Electric,+LLC/@43.157754,-133.1245004,6z/data=!4m10!1m2!2m1!1sElectricians+Roseburg+Oregon!3m6!1s0xf5bc87826414d27:0xc9bb96a86be87df2!8m2!3d43.322067!4d-123.1322174!15sChxFbGVjdHJpY2lhbnMgUm9zZWJ1cmcgT3JlZ29uWh4iHGVsZWN0cmljaWFucyByb3NlYnVyZyBvcmVnb26SAQtlbGVjdHJpY2lhbpoBRENpOURRVWxSUVVOdlpFTm9kSGxqUmpsdlQydGtiMkV3U2pCaGFtZDBWMVJLZGsxclRuRk5iWGhIVG0weFNHSnVZeEFC4AEA-gEECAAQPw!16s%2Fg%2F11sqqf89mb?entry=ttu&g_ep=EgoyMDI2MDQyOS4wIKXMDSoASAFQAw%3D%3D","http://www.otiselectric.org/","(541) 2363168","Electrician","roseburg__construction-home-services","otis-electric-llc","/city/roseburg/construction-home-services/otis-electric-llc/",""
"Peridot Landscaping","https://www.google.com/maps/place/Peridot+Landscaping/@43.2228624,-133.1046087,6z/data=!4m10!1m2!2m1!1sLandscaping+Roseburg+Oregon!3m6!1s0x4e956a69b8929c63:0xca7a603b6859381e!8m2!3d43.563057!4d-123.1813465!15sChtMYW5kc2NhcGluZyBSb3NlYnVyZyBPcmVnb25aHSIbbGFuZHNjYXBpbmcgcm9zZWJ1cmcgb3JlZ29ukgERbGF3bl9jYXJlX3NlcnZpY2WaASNDaFpEU1VoTk1HOW5TMFZKUTBGblNVUndhVGxZYlZCQkVBReABAPoBBAgsED4!16s%2Fg%2F11vcr1w1qc?entry=ttu&g_ep=EgoyMDI2MDQyOS4wIKXMDSoASAFQAw%3D%3D","http://www.peridotlandscaping.com/","(541) 5801678","Lawn care service","roseburg__construction-home-services","peridot-landscaping","/city/roseburg/construction-home-services/peridot-landscaping/",""
"Robinson Concrete Pumping Inc.","https://www.google.com/maps/place/Robinson+Concrete+Pumping+Inc./@39.8817215,-104.4430434,8z/data=!4m10!1m2!2m1!1sConcrete+Contractors+Roseburg+Oregon!3m6!1s0x54c4235174c9e3bb:0x688b276f2c6ef9f!8m2!3d39.8817215!4d-102.0040786!15sCiRDb25jcmV0ZSBDb250cmFjdG9ycyBSb3NlYnVyZyBPcmVnb26SARNjb25jcmV0ZV9jb250cmFjdG9y4AEA!16s%2Fg%2F1th23jkw?entry=ttu&g_ep=EgoyMDI2MDQyOS4wIKXMDSoASAFQAw%3D%3D","http://www.robinsonconcretepumpinginc.com/","(541) 6776444","Concrete contractor","roseburg__construction-home-services","robinson-concrete-pumping-inc","/city/roseburg/construction-home-services/robinson-concrete-pumping-inc/",""
"Shaw Exterior Solutions LLC","https://www.google.com/maps/place/Shaw+Exterior+Solutions+LLC/@43.2224511,-125.7901927,8z/data=!4m10!1m2!2m1!1sRoofing+Contractor+Roseburg+Oregon!3m6!1s0xa19ff699c721385:0x3127a079c63b75a7!8m2!3d43.4786105!4d-123.1601945!15sCiJSb29maW5nIENvbnRyYWN0b3IgUm9zZWJ1cmcgT3JlZ29uWiQiInJvb2ZpbmcgY29udHJhY3RvciByb3NlYnVyZyBvcmVnb26SARJyb29maW5nX2NvbnRyYWN0b3KaAURDaTlEUVVsUlFVTnZaRU5vZEhsalJqbHZUMnhPV1ZFeVdtbFRlVEF3VVd4dk1scFhOVTlVZW13elYwaEdibHBZWXhBQuABAPoBBAgAED8!16s%2Fg%2F11yqt8r8p1?entry=ttu&g_ep=EgoyMDI2MDQyOS4wIKXMDSoASAFQAw%3D%3D","https://www.shawexteriorsolutions.com/","(541) 2170419","Roofing contractor","roseburg__construction-home-services","shaw-exterior-solutions-llc","/city/roseburg/construction-home-services/shaw-exterior-solutions-llc/",""
"Summit Exteriors LLC","https://www.google.com/maps/place/Summit+Exteriors+LLC/@43.2224511,-125.7901927,8z/data=!4m10!1m2!2m1!1sRoofing+Contractor+Roseburg+Oregon!3m6!1s0xac31c9eeef69ff45:0x447ac42d53c95c22!8m2!3d43.322067!4d-123.1322174!15sCiJSb29maW5nIENvbnRyYWN0b3IgUm9zZWJ1cmcgT3JlZ29uWiQiInJvb2ZpbmcgY29udHJhY3RvciByb3NlYnVyZyBvcmVnb26SARJnZW5lcmFsX2NvbnRyYWN0b3KaAURDaTlEUVVsUlFVTnZaRU5vZEhsalJqbHZUMnM1YzFsNU1XbFNiVmw0WTFkT01VeFlTalppVnpnMFZXeEtNVmRyUlJBQuABAPoBBAgmECQ!16s%2Fg%2F11z358ym5j?entry=ttu&g_ep=EgoyMDI2MDQyOS4wIKXMDSoASAFQAw%3D%3D","http://www.summitexteriorsor.com/","(541) 6707509","General contractor","roseburg__construction-home-services","summit-exteriors-llc","/city/roseburg/construction-home-services/summit-exteriors-llc/",""
"The Bratcher Company, LLC","https://www.google.com/maps/place/The+Bratcher+Company,+LLC/@43.2540008,-125.8572866,8z/data=!4m10!1m2!2m1!1sConcrete+Contractors+Roseburg+Oregon!3m6!1s0x4b8c5eb3d69dad3d:0xc54677d7f680ebb8!8m2!3d43.322067!4d-123.1322174!15sCiRDb25jcmV0ZSBDb250cmFjdG9ycyBSb3NlYnVyZyBPcmVnb25aJiIkY29uY3JldGUgY29udHJhY3RvcnMgcm9zZWJ1cmcgb3JlZ29ukgEVZXhjYXZhdGluZ19jb250cmFjdG9ymgEkQ2hkRFNVaE5NRzluUzBWSlEwRm5TVVI0ZG1SMmJqQlJSUkFC4AEA-gEFCPsBEDU!16s%2Fg%2F11qbjzg4qw?entry=ttu&g_ep=EgoyMDI2MDQyOS4wIKXMDSoASAFQAw%3D%3D","http://bratcher.pro/","(541) 9007788","Excavating contractor","roseburg__construction-home-services","the-bratcher-company-llc","/city/roseburg/construction-home-services/the-bratcher-company-llc/",""
"The Go 2 Guy Waste Water Specialist","https://www.google.com/maps/place/The+Go+2+Guy+Waste+Water+Specialist/@43.2344524,-123.6257869,12z/data=!4m10!1m2!2m1!1sPlumbers+Roseburg+Oregon!3m6!1s0x7d24e1d56f94257:0x29b38b01d2a79e75!8m2!3d43.2215935!4d-123.714227!15sChhQbHVtYmVycyBSb3NlYnVyZyBPcmVnb25aGiIYcGx1bWJlcnMgcm9zZWJ1cmcgb3JlZ29ukgEQZHJhaW5hZ2Vfc2VydmljZZoBI0NoWkRTVWhOTUc5blMwVkpRMEZuU1VSd05IRTJhMVpuRUFF4AEA-gEFCJsBEEQ!16s%2Fg%2F11n__ylj5m?entry=ttu&g_ep=EgoyMDI2MDQyOS4wIKXMDSoASAFQAw%3D%3D","https://www.thego2guyroseburg.com/","(541) 7330105","Drainage service","roseburg__construction-home-services","the-go-2-guy-waste-water-specialist","/city/roseburg/construction-home-services/the-go-2-guy-waste-water-specialist/",""
"The Landscape Guys LLC","https://www.google.com/maps/place/The+Landscape+Guys+LLC/@43.2228624,-133.1046087,6z/data=!4m10!1m2!2m1!1sLandscaping+Roseburg+Oregon!3m6!1s0x54c4235ac1357a37:0x44971ad89cb3642c!8m2!3d43.2360265!4d-123.3364352!15sChtMYW5kc2NhcGluZyBSb3NlYnVyZyBPcmVnb25aHSIbbGFuZHNjYXBpbmcgcm9zZWJ1cmcgb3JlZ29ukgEKbGFuZHNjYXBlcpoBRENpOURRVWxSUVVOdlpFTm9kSGxqUmpsdlQydFJNRll5U2pOV1JqazJWV3BPU2xReU9VZGhWelZRVTI1c2MxRnNSUkFC4AEA-gEECAAQMw!16s%2Fg%2F11txdr6dlr?entry=ttu&g_ep=EgoyMDI2MDQyOS4wIKXMDSoASAFQAw%3D%3D","","(541) 3782662","Landscaper","roseburg__construction-home-services","the-landscape-guys-llc","/city/roseburg/construction-home-services/the-landscape-guys-llc/",""
"Umpqua Landscape Maintenance LLC","https://www.google.com/maps/place/Umpqua+Landscape+Maintenance+LLC/@43.2228624,-133.1046087,6z/data=!4m10!1m2!2m1!1sLandscaping+Roseburg+Oregon!3m6!1s0x54c422df4df743b1:0x1c271308bd95d316!8m2!3d43.3057605!4d-123.263286!15sChtMYW5kc2NhcGluZyBSb3NlYnVyZyBPcmVnb25aHSIbbGFuZHNjYXBpbmcgcm9zZWJ1cmcgb3JlZ29ukgEKbGFuZHNjYXBlcpoBI0NoWkRTVWhOTUc5blMwVkpRMEZuU1VSd2JDMTFRVmxCRUFF4AEA-gEECAAQRw!16s%2Fg%2F1hc29n0v6?entry=ttu&g_ep=EgoyMDI2MDQyOS4wIKXMDSoASAFQAw%3D%3D","https://www.umpqualandscapemaintenance.com/","(541) 6718290","Landscaper","roseburg__construction-home-services","umpqua-landscape-maintenance-llc","/city/roseburg/construction-home-services/umpqua-landscape-maintenance-llc/",""
"Oregon Paralegal & Process, LLC","https://www.google.com/maps/place/Oregon+Paralegal+%26+Process,+LLC/@43.322067,-123.1703262,14z/data=!4m10!1m2!2m1!1sLaw+Firms+Roseburg+Oregon!3m6!1s0x54c4232ec3ab5e0b:0xb261bedf656c6aa4!8m2!3d43.322067!4d-123.1322174!15sChlMYXcgRmlybXMgUm9zZWJ1cmcgT3JlZ29uWhsiGWxhdyBmaXJtcyByb3NlYnVyZyBvcmVnb26SARtwYXJhbGVnYWxfc2VydmljZXNfcHJvdmlkZXKaASRDaGREU1VoTk1HOW5TMFZKUTBGblNVTlBlQzB5ZVhSblJSQULgAQD6AQQIABAj!16s%2Fg%2F11bxg2twgk?entry=ttu&g_ep=EgoyMDI2MDQyOS4wIKXMDSoASAFQAw%3D%3D","http://www.oregonparalegal.net/","(541) 5809564","Paralegal services provider","roseburg__legal-services","oregon-paralegal-process-llc","/city/roseburg/legal-services/oregon-paralegal-process-llc/",""
"Power Auto Group","https://www.google.com/maps/place/Power+Auto+Group/@44.990061,-122.8865487,12z/data=!4m11!1m3!2m2!1sUsed+Car+Dealerships+Salem+Oregon!6e6!3m6!1s0x54bffeef3f3a78df:0xb429704b4d55e6b3!8m2!3d44.990061!4d-122.7341134!15sCiFVc2VkIENhciBEZWFsZXJzaGlwcyBTYWxlbSBPcmVnb25aIyIhdXNlZCBjYXIgZGVhbGVyc2hpcHMgc2FsZW0gb3JlZ29ukgEPdXNlZF9jYXJfZGVhbGVymgEkQ2hkRFNVaE5NRzluUzBWSlEwRm5TVVJmT1V4NWRETkJSUkFC4AEA-gEECCAQMQ!16s%2Fg%2F1tgx6b40?entry=ttu&g_ep=EgoyMDI2MDQyOS4wIKXMDSoASAFQAw%3D%3D","http://www.powerautogroup.com/","(800) 7693748","Used car dealer","salem__automotive","power-auto-group","/city/salem/automotive/power-auto-group/",""
"Automate & Dominate","https://www.google.com/maps/place/Automate+%26+Dominate/@46.423669,-129.9427085,3z/data=!4m10!1m2!2m1!1sWeb+Design+and+Digital+Marketing+Salem+Oregon!3m6!1s0x8f7dd00a282c894d:0x912601b77f5a9ed9!8m2!3d46.423669!4d-129.9427086!15sCi1XZWIgRGVzaWduIGFuZCBEaWdpdGFsIE1hcmtldGluZyBTYWxlbSBPcmVnb25aLyItd2ViIGRlc2lnbiBhbmQgZGlnaXRhbCBtYXJrZXRpbmcgc2FsZW0gb3JlZ29ukgEcYnVzaW5lc3NfdG9fYnVzaW5lc3Nfc2VydmljZeABAA!16s%2Fg%2F11y05vq9mb?entry=ttu&g_ep=EgoyMDI2MDQyOS4wIKXMDSoASAFQAw%3D%3D","http://automateanddominate.io/home","(503) 4868669","Business to business service","salem__business-professional-services","automate-dominate","/city/salem/business-professional-services/automate-dominate/",""
"Cardwell Creative","https://www.google.com/maps/place/Cardwell+Creative/@46.423669,-129.9427085,3z/data=!4m10!1m2!2m1!1sWeb+Design+and+Digital+Marketing+Salem+Oregon!3m6!1s0x54bff970e72d76c3:0xcac840a8c55530c7!8m2!3d44.1455904!4d-120.5834015!15sCi1XZWIgRGVzaWduIGFuZCBEaWdpdGFsIE1hcmtldGluZyBTYWxlbSBPcmVnb26SARB3ZWJzaXRlX2Rlc2lnbmVy4AEA!16s%2Fg%2F12607v064?entry=ttu&g_ep=EgoyMDI2MDQyOS4wIKXMDSoASAFQAw%3D%3D","https://www.cardwellcreative.com/","(503) 3709911","Website designer","salem__business-professional-services","cardwell-creative","/city/salem/business-professional-services/cardwell-creative/",""
"Century Seven Designs","https://www.google.com/maps/place/Century+Seven+Designs/@46.423669,-129.9427085,3z/data=!4m10!1m2!2m1!1sWeb+Design+and+Digital+Marketing+Salem+Oregon!3m6!1s0x54bfff46e3ba2a05:0x3741f428ff8b0d98!8m2!3d44.608801!4d-122.9407859!15sCi1XZWIgRGVzaWduIGFuZCBEaWdpdGFsIE1hcmtldGluZyBTYWxlbSBPcmVnb25aLyItd2ViIGRlc2lnbiBhbmQgZGlnaXRhbCBtYXJrZXRpbmcgc2FsZW0gb3JlZ29ukgEQd2Vic2l0ZV9kZXNpZ25lcpoBJENoZERTVWhOTUc5blMwVkpRMEZuU1VOd00xbHRSak5CUlJBQuABAPoBBAg9EC8!16s%2Fg%2F1th0b4vy?entry=ttu&g_ep=EgoyMDI2MDQyOS4wIKXMDSoASAFQAw%3D%3D","https://centuryseven.com/","(503) 7796329","Website designer","salem__business-professional-services","century-seven-designs","/city/salem/business-professional-services/century-seven-designs/",""
"Effective Web Solutions","https://www.google.com/maps/place/Effective+Web+Solutions/@46.423669,-129.9427085,3z/data=!4m10!1m2!2m1!1sWeb+Design+and+Digital+Marketing+Salem+Oregon!3m6!1s0x54bfff48bf18c833:0x99360bf39b83856!8m2!3d44.8073055!4d-122.9555674!15sCi1XZWIgRGVzaWduIGFuZCBEaWdpdGFsIE1hcmtldGluZyBTYWxlbSBPcmVnb26SARppbnRlcm5ldF9tYXJrZXRpbmdfc2VydmljZeABAA!16s%2Fg%2F11gv05w6_f?entry=ttu&g_ep=EgoyMDI2MDQyOS4wIKXMDSoASAFQAw%3D%3D","https://www.effectivewebsolutions.biz/seo-company-salem-or/","(503) 2785603","Internet marketing service","salem__business-professional-services","effective-web-solutions","/city/salem/business-professional-services/effective-web-solutions/",""
"Freewill Web Design","https://www.google.com/maps/place/Freewill+Web+Design/@46.423669,-129.9427085,3z/data=!4m10!1m2!2m1!1sWeb+Design+and+Digital+Marketing+Salem+Oregon!3m6!1s0x2f823e82840548ed:0xb2a516e7a790a66e!8m2!3d44.6659946!4d-122.9536274!15sCi1XZWIgRGVzaWduIGFuZCBEaWdpdGFsIE1hcmtldGluZyBTYWxlbSBPcmVnb25aLyItd2ViIGRlc2lnbiBhbmQgZGlnaXRhbCBtYXJrZXRpbmcgc2FsZW0gb3JlZ29ukgEQd2Vic2l0ZV9kZXNpZ25lcpoBRENpOURRVWxSUVVOdlpFTm9kSGxqUmpsdlQydEdTVlZIV1RGalJFRTFWMFYzTldGc1ZsVlhSV2d6VGpOQ1JXTXlZeEFC4AEA-gEECAAQSQ!16s%2Fg%2F11tbw7zn4r?entry=ttu&g_ep=EgoyMDI2MDQyOS4wIKXMDSoASAFQAw%3D%3D","https://freewillweb.com/","(503) 6898959","Website designer","salem__business-professional-services","freewill-web-design","/city/salem/business-professional-services/freewill-web-design/",""
"H1 Websites LLC","https://www.google.com/maps/place/H1+Websites+LLC/@46.423669,-129.9427085,3z/data=!4m10!1m2!2m1!1sWeb+Design+and+Digital+Marketing+Salem+Oregon!3m6!1s0x549575f000000001:0x455d3b202175092a!8m2!3d46.423669!4d-129.9427086!15sCi1XZWIgRGVzaWduIGFuZCBEaWdpdGFsIE1hcmtldGluZyBTYWxlbSBPcmVnb25aLyItd2ViIGRlc2lnbiBhbmQgZGlnaXRhbCBtYXJrZXRpbmcgc2FsZW0gb3JlZ29ukgEQd2Vic2l0ZV9kZXNpZ25lcpoBRENpOURRVWxSUVVOdlpFTm9kSGxqUmpsdlQyMXJORll4UW1aVFZrWXhZa2RHVFZOcVFsQk9NMHBVVlZoV1JrOVhZeEFC4AEA-gEECBIQOg!16s%2Fg%2F1hf0825lx?entry=ttu&g_ep=EgoyMDI2MDQyOS4wIKXMDSoASAFQAw%3D%3D","https://h1websites.com/","(503) 5704252","Website designer","salem__business-professional-services","h1-websites-llc","/city/salem/business-professional-services/h1-websites-llc/",""
"K2 Creative","https://www.google.com/maps/place/K2+Creative/@46.423669,-129.9427085,3z/data=!3m1!5s0x54bfff6db646bdb7:0xe24acf326d853570!4m10!1m2!2m1!1sWeb+Design+and+Digital+Marketing+Salem+Oregon!3m6!1s0x24a5e24712b75f07:0xa2e0337b100e87b3!8m2!3d46.423669!4d-129.9427086!15sCi1XZWIgRGVzaWduIGFuZCBEaWdpdGFsIE1hcmtldGluZyBTYWxlbSBPcmVnb25aLyItd2ViIGRlc2lnbiBhbmQgZGlnaXRhbCBtYXJrZXRpbmcgc2FsZW0gb3JlZ29ukgEQbWFya2V0aW5nX2FnZW5jeeABAA!16s%2Fg%2F11rr7x2rvp?entry=ttu&g_ep=EgoyMDI2MDQyOS4wIKXMDSoASAFQAw%3D%3D","http://www.k2creativeprint.com/","(503) 3172642","Marketing agency","salem__business-professional-services","k2-creative","/city/salem/business-professional-services/k2-creative/",""
"Leadkea","https://www.google.com/maps/place/Leadkea/@46.423669,-129.9427085,3z/data=!4m10!1m2!2m1!1sWeb+Design+and+Digital+Marketing+Salem+Oregon!3m6!1s0x54bff911651c28ed:0xa8049a654123982b!8m2!3d44.9442336!4d-123.0498005!15sCi1XZWIgRGVzaWduIGFuZCBEaWdpdGFsIE1hcmtldGluZyBTYWxlbSBPcmVnb26SARB3ZWJzaXRlX2Rlc2lnbmVy4AEA!16s%2Fg%2F11jtc0b6bl?entry=ttu&g_ep=EgoyMDI2MDQyOS4wIKXMDSoASAFQAw%3D%3D","https://leadkea.com/salem/","(503) 4835443","Website designer","salem__business-professional-services","leadkea","/city/salem/business-professional-services/leadkea/",""
"Logion Web Design Inc","https://www.google.com/maps/place/Logion+Web+Design+Inc/@46.423669,-129.9427085,3z/data=!4m10!1m2!2m1!1sWeb+Design+and+Digital+Marketing+Salem+Oregon!3m6!1s0x54bffeffcc86e1e7:0xe8735407bf3c9850!8m2!3d44.820183!4d-122.8403024!15sCi1XZWIgRGVzaWduIGFuZCBEaWdpdGFsIE1hcmtldGluZyBTYWxlbSBPcmVnb25aLyItd2ViIGRlc2lnbiBhbmQgZGlnaXRhbCBtYXJrZXRpbmcgc2FsZW0gb3JlZ29ukgEQd2Vic2l0ZV9kZXNpZ25lcuABAA!16s%2Fg%2F1vr3cx6v?entry=ttu&g_ep=EgoyMDI2MDQyOS4wIKXMDSoASAFQAw%3D%3D","","","Website designer","salem__business-professional-services","logion-web-design-inc","/city/salem/business-professional-services/logion-web-design-inc/",""
"Nico's Web Design","https://www.google.com/maps/place/Nico's+Web+Design/@46.423669,-129.9427085,3z/data=!4m10!1m2!2m1!1sWeb+Design+and+Digital+Marketing+Salem+Oregon!3m6!1s0x54c0072484124ba9:0x286ee27d7c56d64e!8m2!3d46.423669!4d-129.9427086!15sCi1XZWIgRGVzaWduIGFuZCBEaWdpdGFsIE1hcmtldGluZyBTYWxlbSBPcmVnb25aLyItd2ViIGRlc2lnbiBhbmQgZGlnaXRhbCBtYXJrZXRpbmcgc2FsZW0gb3JlZ29ukgEQd2Vic2l0ZV9kZXNpZ25lcpoBRENpOURRVWxSUVVOdlpFTm9kSGxqUmpsdlQyMUZkR05WTlZCTk1FNUVXbTFhZFdKVVl6QmpiSEJoWTFWV1RrNVlZeEFC4AEA-gEECAAQPQ!16s%2Fg%2F11h_246m2v?entry=ttu&g_ep=EgoyMDI2MDQyOS4wIKXMDSoASAFQAw%3D%3D","https://nicosweb.com/","(541) 3577934","Website designer","salem__business-professional-services","nico-s-web-design","/city/salem/business-professional-services/nico-s-web-design/",""
"Oregon Web Solutions Salem SEO","https://www.google.com/maps/place/Oregon+Web+Solutions+Salem+SEO/@46.423669,-129.9427085,3z/data=!4m10!1m2!2m1!1sWeb+Design+and+Digital+Marketing+Salem+Oregon!3m6!1s0x2e4c055a6bcbe8d1:0xa0b1278a64ea713c!8m2!3d44.933908!4d-123.0290631!15sCi1XZWIgRGVzaWduIGFuZCBEaWdpdGFsIE1hcmtldGluZyBTYWxlbSBPcmVnb25aLyItd2ViIGRlc2lnbiBhbmQgZGlnaXRhbCBtYXJrZXRpbmcgc2FsZW0gb3JlZ29ukgEaaW50ZXJuZXRfbWFya2V0aW5nX3NlcnZpY2WaAURDaTlEUVVsUlFVTnZaRU5vZEhsalJqbHZUMnBSTkZkSVJqTlhWbkI2VVRKdk1WSklUbE5VTWs1NVZWWkZNRmt3UlJBQuABAPoBBAgAED4!16s%2Fg%2F11rpdcfzlq?entry=ttu&g_ep=EgoyMDI2MDQyOS4wIKXMDSoASAFQAw%3D%3D","https://www.oregonwebsolutions.com/seo-salem-oregon/","(541) 7991693","Internet marketing service","salem__business-professional-services","oregon-web-solutions-salem-seo","/city/salem/business-professional-services/oregon-web-solutions-salem-seo/",""
"Presto Web Design","https://www.google.com/maps/place/Presto+Web+Design/@46.423669,-129.9427085,3z/data=!4m10!1m2!2m1!1sWeb+Design+and+Digital+Marketing+Salem+Oregon!3m6!1s0x4859928d35d9a671:0xeb6f13cac82c2444!8m2!3d44.933908!4d-123.0290631!15sCi1XZWIgRGVzaWduIGFuZCBEaWdpdGFsIE1hcmtldGluZyBTYWxlbSBPcmVnb25aLyItd2ViIGRlc2lnbiBhbmQgZGlnaXRhbCBtYXJrZXRpbmcgc2FsZW0gb3JlZ29ukgEQd2Vic2l0ZV9kZXNpZ25lcpoBJENoZERTVWhOTUc5blMwVkpRMEZuU1VSV2NqbExlR3AzUlJBQuABAPoBBQiTARAn!16s%2Fg%2F11tsyg5jx5?entry=ttu&g_ep=EgoyMDI2MDQyOS4wIKXMDSoASAFQAw%3D%3D","https://prestowebdesign.com/","(503) 7987349","Website designer","salem__business-professional-services","presto-web-design","/city/salem/business-professional-services/presto-web-design/",""
"Rain Marketers","https://www.google.com/maps/place/Rain+Marketers/@46.423669,-129.9427085,3z/data=!4m10!1m2!2m1!1sWeb+Design+and+Digital+Marketing+Salem+Oregon!3m6!1s0x79c9e6b5770b1cf:0x88d0a61715af5ff0!8m2!3d44.8817084!4d-123.0677005!15sCi1XZWIgRGVzaWduIGFuZCBEaWdpdGFsIE1hcmtldGluZyBTYWxlbSBPcmVnb25aLyItd2ViIGRlc2lnbiBhbmQgZGlnaXRhbCBtYXJrZXRpbmcgc2FsZW0gb3JlZ29ukgEQbWFya2V0aW5nX2FnZW5jeZoBI0NoWkRTVWhOTUc5blMwVkpRMEZuU1VRM2QyOW1jazkzRUFF4AEA-gEECEgQPQ!16s%2Fg%2F11scfyvdf6?entry=ttu&g_ep=EgoyMDI2MDQyOS4wIKXMDSoASAFQAw%3D%3D","https://rainmarketers.com/","(503) 8773605","Marketing agency","salem__business-professional-services","rain-marketers","/city/salem/business-professional-services/rain-marketers/",""
"Saffeels Social Media","https://www.google.com/maps/place/Saffeels+Social+Media/@46.423669,-129.9427085,3z/data=!4m10!1m2!2m1!1sWeb+Design+and+Digital+Marketing+Salem+Oregon!3m6!1s0x8e1813c6e033ede5:0xcb754d46e6df87be!8m2!3d43.970838!4d-122.4699708!15sCi1XZWIgRGVzaWduIGFuZCBEaWdpdGFsIE1hcmtldGluZyBTYWxlbSBPcmVnb25aLyItd2ViIGRlc2lnbiBhbmQgZGlnaXRhbCBtYXJrZXRpbmcgc2FsZW0gb3JlZ29ukgEQd2Vic2l0ZV9kZXNpZ25lcpoBI0NoWkRTVWhOTUc5blMwVkpRMEZuVFVOSk9YSjJjMVpSRUFF4AEA-gEECCgQRA!16s%2Fg%2F11rwqn5p51?entry=ttu&g_ep=EgoyMDI2MDQyOS4wIKXMDSoASAFQAw%3D%3D","http://saffeelssocial.online/","(503) 5083113","Website designer","salem__business-professional-services","saffeels-social-media","/city/salem/business-professional-services/saffeels-social-media/",""
"The Small Business Guru","https://www.google.com/maps/place/The+Small+Business+Guru/@46.423669,-129.9427085,3z/data=!4m10!1m2!2m1!1sWeb+Design+and+Digital+Marketing+Salem+Oregon!3m6!1s0x54bfff89825935ef:0x4e1abcb2e87cb0cf!8m2!3d44.820183!4d-122.5347504!15sCi1XZWIgRGVzaWduIGFuZCBEaWdpdGFsIE1hcmtldGluZyBTYWxlbSBPcmVnb25aLyItd2ViIGRlc2lnbiBhbmQgZGlnaXRhbCBtYXJrZXRpbmcgc2FsZW0gb3JlZ29ukgEaaW50ZXJuZXRfbWFya2V0aW5nX3NlcnZpY2WaASNDaFpEU1VoTk1HOW5TMFZKUTBGblNVTTFORGszWjFKUkVBReABAPoBBAgAEDw!16s%2Fg%2F11fjmtn73l?entry=ttu&g_ep=EgoyMDI2MDQyOS4wIKXMDSoASAFQAw%3D%3D","http://www.thesmallbusinessguru.com/","(971) 5632007","Internet marketing service","salem__business-professional-services","the-small-business-guru","/city/salem/business-professional-services/the-small-business-guru/",""
"Abiqua Irrigation Backflow Testing & Repair","https://www.google.com/maps/place/Abiqua+Irrigation+-+Backflow+Testing+%26+Repair/@44.9168743,-132.7726043,6z/data=!4m10!1m2!2m1!1sPlumbers+Salem+Oregon!3m6!1s0x54bfff1f2b6bffff:0x10b1e66fec32b836!8m2!3d45.0650501!4d-122.930516!15sChVQbHVtYmVycyBTYWxlbSBPcmVnb25aFyIVcGx1bWJlcnMgc2FsZW0gb3JlZ29ukgEgbGF3bl9zcHJpbmtsZXJfc3lzdGVtX2NvbnRyYWN0b3KaAURDaTlEUVVsUlFVTnZaRU5vZEhsalJqbHZUMnM1VmxKck9XbGpNRVpWVWxWb2FsZEVXblJWV0ZKTFVWVjBjbE5yUlJBQuABAPoBBAgAED4!16s%2Fg%2F11hcyhgwbr?entry=ttu&g_ep=EgoyMDI2MDQyOS4wIKXMDSoASAFQAw%3D%3D","http://abiquairrigation.com/","(971) 5995261","Lawn sprinkler system contractor","salem__construction-home-services","abiqua-irrigation-backflow-testing-repair","/city/salem/construction-home-services/abiqua-irrigation-backflow-testing-repair/",""
"Affordable Construction LLC","https://www.google.com/maps/place/Affordable+Construction+LLC/@44.9711734,-125.4299418,8z/data=!4m10!1m2!2m1!1sConcrete+Contractors+Salem+Oregon!3m6!1s0x54bfff9d296945e7:0x6dfe27645575d438!8m2!3d45.0070286!4d-123.0856194!15sCiFDb25jcmV0ZSBDb250cmFjdG9ycyBTYWxlbSBPcmVnb25aIyIhY29uY3JldGUgY29udHJhY3RvcnMgc2FsZW0gb3JlZ29ukgESZ2VuZXJhbF9jb250cmFjdG9ymgEkQ2hkRFNVaE5NRzluUzBWSlEwRm5TVVI2YUVsSU9ERkJSUkFC4AEA-gEFCOEBEEw!16s%2Fg%2F11gjhkrfdh?entry=ttu&g_ep=EgoyMDI2MDQyOS4wIKXMDSoASAFQAw%3D%3D","http://affordableconstructionoregon.com/","(971) 7209129","General contractor","salem__construction-home-services","affordable-construction-llc","/city/salem/construction-home-services/affordable-construction-llc/",""
"Assured Electric LLC Commercial & Residential Electrician, Electrical Service Contractor","https://www.google.com/maps/place/Assured+Electric+LLC+-+Commercial+%26+Residential+Electrician,+Electrical+Service+Contractor/@44.9336295,-123.4348107,11z/data=!4m10!1m2!2m1!1sElectricians+Salem+Oregon!3m6!1s0x54c0065e0a9beb1d:0x15450c86f97d8d4!8m2!3d44.933908!4d-123.0290631!15sChlFbGVjdHJpY2lhbnMgU2FsZW0gT3JlZ29uWhsiGWVsZWN0cmljaWFucyBzYWxlbSBvcmVnb26SAQtlbGVjdHJpY2lhbpoBRENpOURRVWxSUVVOdlpFTm9kSGxqUmpsdlQydEtNV1ZIT1daVFJVMHdZbFpvYVU1dFNsRmxTRTV3V1ZjMWNsUnJSUkFC4AEA-gEFCMMEEEk!16s%2Fg%2F1v6qhbqj?entry=ttu&g_ep=EgoyMDI2MDQyOS4wIKXMDSoASAFQAw%3D%3D","https://assuredelectric-llc.com/","(503) 8714637","Electrician","salem__construction-home-services","assured-electric-llc-commercial-residential-electrician-electrical-service-contractor","/city/salem/construction-home-services/assured-electric-llc-commercial-residential-electrician-electrical-service-contractor/",""
"Bell Gardens Landscape","https://www.google.com/maps/place/Bell+Gardens+Landscape/@44.9322021,-122.9674149,9z/data=!4m10!1m2!2m1!1sLandscaping+Salem+Oregon!3m6!1s0x54c0075a07129f33:0x720d5fc89ecec238!8m2!3d44.868693!4d-122.9674149!15sChhMYW5kc2NhcGluZyBTYWxlbSBPcmVnb25aGiIYbGFuZHNjYXBpbmcgc2FsZW0gb3JlZ29ukgEKbGFuZHNjYXBlcpoBI0NoWkRTVWhOTUc5blMwVkpRMEZuU1VOWWVUbHhkVnAzRUFF4AEA-gEECAAQQw!16s%2Fg%2F11bthvwx0q?entry=ttu&g_ep=EgoyMDI2MDQyOS4wIKXMDSoASAFQAw%3D%3D","https://bellgardenslandscape.com/","(503) 6891798","Landscaper","salem__construction-home-services","bell-gardens-landscape","/city/salem/construction-home-services/bell-gardens-landscape/",""
"Blakely Plumbing, Inc.","https://www.google.com/maps/place/Blakely+Plumbing,+Inc./@44.9168743,-132.7726043,6z/data=!4m10!1m2!2m1!1sPlumbers+Salem+Oregon!3m6!1s0x54bffe192f0a4d61:0x74d1a30dbb3272de!8m2!3d44.816922!4d-122.7594175!15sChVQbHVtYmVycyBTYWxlbSBPcmVnb25aFyIVcGx1bWJlcnMgc2FsZW0gb3JlZ29ukgEHcGx1bWJlcpoBI0NoWkRTVWhOTUc5blMwVkpRMEZuVFVOblgzRjZlV05CRUFF4AEA-gEFCIgBEDU!16s%2Fg%2F1vzn58q_?entry=ttu&g_ep=EgoyMDI2MDQyOS4wIKXMDSoASAFQAw%3D%3D","https://salemplumbingcompany.com/","(503) 3999348","Plumber","salem__construction-home-services","blakely-plumbing-inc","/city/salem/construction-home-services/blakely-plumbing-inc/",""
"BNO Electrical Solutions","https://www.google.com/maps/place/BNO+Electrical+Solutions/@45.0214017,-123.0751656,11z/data=!4m10!1m2!2m1!1sElectricians+Salem+Oregon!3m6!1s0x2a096933e1f5dfc7:0x170618e623b414ae!8m2!3d44.933908!4d-123.0290631!15sChlFbGVjdHJpY2lhbnMgU2FsZW0gT3JlZ29uWhsiGWVsZWN0cmljaWFucyBzYWxlbSBvcmVnb26SAQtlbGVjdHJpY2lhbpoBI0NoWkRTVWhOTUc5blMwVkpRMEZuU1VOb01tRkxiRkozRUFF4AEA-gEECAAQQQ!16s%2Fg%2F11tk95106_?entry=ttu&g_ep=EgoyMDI2MDQyOS4wIKXMDSoASAFQAw%3D%3D","","(971) 9002672","Electrician","salem__construction-home-services","bno-electrical-solutions","/city/salem/construction-home-services/bno-electrical-solutions/",""
"C&A concrete.construction llc","https://www.google.com/maps/place/C%26A+concrete.construction+llc/@44.9711734,-125.4299418,8z/data=!4m10!1m2!2m1!1sConcrete+Contractors+Salem+Oregon!3m6!1s0xb476f3169c4804b:0x4c02637b4dcfcbb!8m2!3d44.7328625!4d-123.2988204!15sCiFDb25jcmV0ZSBDb250cmFjdG9ycyBTYWxlbSBPcmVnb25aIyIhY29uY3JldGUgY29udHJhY3RvcnMgc2FsZW0gb3JlZ29ukgEKY29udHJhY3RvcpoBRENpOURRVWxSUVVOdlpFTm9kSGxqUmpsdlQyMDRNR1ZxWkVWVlZ6bElXVzFTYlZOWWNIZGtlbHBPVTBaa01GbHJSUkFC4AEA-gEECAAQSQ!16s%2Fg%2F11k9nvhtzz?entry=ttu&g_ep=EgoyMDI2MDQyOS4wIKXMDSoASAFQAw%3D%3D","http://caconcreteconstruction.com/","(971) 7199271","Contractor","salem__construction-home-services","c-a-concrete-construction-llc","/city/salem/construction-home-services/c-a-concrete-construction-llc/",""
"Calderon Concrete LLC","https://www.google.com/maps/place/Calderon+Concrete+LLC/@44.9711734,-125.4299418,8z/data=!4m10!1m2!2m1!1sConcrete+Contractors+Salem+Oregon!3m6!1s0x54bfff361d4cc491:0x76d1953019dbd7dd!8m2!3d45.077245!4d-122.944836!15sCiFDb25jcmV0ZSBDb250cmFjdG9ycyBTYWxlbSBPcmVnb25aIyIhY29uY3JldGUgY29udHJhY3RvcnMgc2FsZW0gb3JlZ29ukgETY29uY3JldGVfY29udHJhY3RvcpoBJENoZERTVWhOTUc5blMwVkpRMEZuU1VSd09FOVBlVGxCUlJBQuABAPoBBQiBARBL!16s%2Fg%2F11kgg3f6yq?entry=ttu&g_ep=EgoyMDI2MDQyOS4wIKXMDSoASAFQAw%3D%3D","https://calderonconcretellc.com/","(971) 2185021","Concrete contractor","salem__construction-home-services","calderon-concrete-llc","/city/salem/construction-home-services/calderon-concrete-llc/",""
"Dan's Leak Detection LLC","https://www.google.com/maps/place/Dan's+Leak+Detection+LLC/@44.9168743,-132.7726043,6z/data=!4m10!1m2!2m1!1sPlumbers+Salem+Oregon!3m6!1s0x54bffde78c1be63b:0x7caf487925e17e47!8m2!3d44.1455904!4d-120.5834015!15sChVQbHVtYmVycyBTYWxlbSBPcmVnb25aFyIVcGx1bWJlcnMgc2FsZW0gb3JlZ29ukgEHcGx1bWJlcpoBJENoZERTVWhOTUc5blMwVkpRMEZuU1VSR05YVkVhR3RuUlJBQuABAPoBBAgAEDs!16s%2Fg%2F11cr_169gg?entry=ttu&g_ep=EgoyMDI2MDQyOS4wIKXMDSoASAFQAw%3D%3D","http://www.dansleakdetection.com/","(503) 5695560","Plumber","salem__construction-home-services","dan-s-leak-detection-llc","/city/salem/construction-home-services/dan-s-leak-detection-llc/",""
"Distinct Electric Inc","https://www.google.com/maps/place/Distinct+Electric+Inc/@44.9362085,-123.0271864,11z/data=!4m10!1m2!2m1!1sElectricians+Salem+Oregon!3m6!1s0x54c0076c878673bf:0x5ad160deb671b7d0!8m2!3d44.933908!4d-123.0290631!15sChlFbGVjdHJpY2lhbnMgU2FsZW0gT3JlZ29uWhsiGWVsZWN0cmljaWFucyBzYWxlbSBvcmVnb26SAQtlbGVjdHJpY2lhbpoBRENpOURRVWxSUVVOdlpFTm9kSGxqUmpsdlQycE5NbE5WTVZSV2Vsb3pWMWh3TW1Kc1pIbFZhM0I2WkRKMFVGcEhZeEFC4AEA-gEECEUQRw!16s%2Fg%2F11kp7t9zzw?entry=ttu&g_ep=EgoyMDI2MDQyOS4wIKXMDSoASAFQAw%3D%3D","http://distinctelectricsalem.com/","(503) 9109216","Electrician","salem__construction-home-services","distinct-electric-inc","/city/salem/construction-home-services/distinct-electric-inc/",""
"Dynamic Concrete Coatings & Polishing","https://www.google.com/maps/place/Dynamic+Concrete+Coatings+%26+Polishing/@44.9711734,-125.4299418,8z/data=!4m10!1m2!2m1!1sConcrete+Contractors+Salem+Oregon!3m6!1s0xae308e1b94bdae9f:0xe819e5b69aa76cda!8m2!3d44.6659946!4d-123.0051029!15sCiFDb25jcmV0ZSBDb250cmFjdG9ycyBTYWxlbSBPcmVnb25aIyIhY29uY3JldGUgY29udHJhY3RvcnMgc2FsZW0gb3JlZ29ukgEZZmxvb3JfcmVmaW5pc2hpbmdfc2VydmljZZoBI0NoWkRTVWhOTUc5blMwVkpRMEZuU1VOc09WcFVXRXhSRUFF4AEA-gEFCOgBED8!16s%2Fg%2F11vcvmv_s2?entry=ttu&g_ep=EgoyMDI2MDQyOS4wIKXMDSoASAFQAw%3D%3D","https://oregondynamiccoatings.com/","(503) 8096061","Floor refinishing service","salem__construction-home-services","dynamic-concrete-coatings-polishing","/city/salem/construction-home-services/dynamic-concrete-coatings-polishing/",""
"Dynasty Roofing LLC","https://www.google.com/maps/place/Dynasty+Roofing+LLC/@44.1455904,-120.7358368,12z/data=!4m10!1m2!2m1!1sRoofing+Contractor+Salem+Oregon!3m6!1s0x54bffe6649940001:0xb2d8f0c828960bfe!8m2!3d44.1455904!4d-120.5834015!15sCh9Sb29maW5nIENvbnRyYWN0b3IgU2FsZW0gT3JlZ29uWiEiH3Jvb2ZpbmcgY29udHJhY3RvciBzYWxlbSBvcmVnb26SARJyb29maW5nX2NvbnRyYWN0b3KaASNDaFpEU1VoTk1HOW5TMFZKUTBGblNVUk1ha3BUUm1OM0VBReABAPoBBAgsEDU!16s%2Fg%2F11h3vbv65w?entry=ttu&g_ep=EgoyMDI2MDQyOS4wIKXMDSoASAFQAw%3D%3D","https://www.oregondynastyroofingllc.com/","(503) 8515691","Roofing contractor","salem__construction-home-services","dynasty-roofing-llc","/city/salem/construction-home-services/dynasty-roofing-llc/",""
"Eckhart Plumbing LLC","https://www.google.com/maps/place/Eckhart+Plumbing+LLC/@44.9168743,-132.7726043,6z/data=!4m10!1m2!2m1!1sPlumbers+Salem+Oregon!3m6!1s0x54c007c029357a19:0xf4b8ba5c5b1dcf16!8m2!3d45.0863905!4d-122.9105339!15sChVQbHVtYmVycyBTYWxlbSBPcmVnb25aFyIVcGx1bWJlcnMgc2FsZW0gb3JlZ29ukgEHcGx1bWJlcpoBI0NoWkRTVWhOTUc5blMwVkpRMEZuVFVObk1qVnRVVTkzRUFF4AEA-gEECEQQOA!16s%2Fg%2F11hfjxs_3s?entry=ttu&g_ep=EgoyMDI2MDQyOS4wIKXMDSoASAFQAw%3D%3D","http://facebook.com/eckhartplumbing","(971) 7010995","Plumber","salem__construction-home-services","eckhart-plumbing-llc","/city/salem/construction-home-services/eckhart-plumbing-llc/",""
"Fast Finish LLC","https://www.google.com/maps/place/Fast+Finish+LLC/@44.9711734,-125.4299418,8z/data=!4m10!1m2!2m1!1sConcrete+Contractors+Salem+Oregon!3m6!1s0x54bfffc5bb16efd9:0x450e2cddc211250e!8m2!3d45.0161625!4d-123.1113815!15sCiFDb25jcmV0ZSBDb250cmFjdG9ycyBTYWxlbSBPcmVnb25aIyIhY29uY3JldGUgY29udHJhY3RvcnMgc2FsZW0gb3JlZ29ukgETY29uY3JldGVfY29udHJhY3RvcpoBJENoZERTVWhOTUc5blMwVkpRMEZuU1VOMWVrOHRXREZuUlJBQuABAPoBBAgAECs!16s%2Fg%2F11sg336rh2?entry=ttu&g_ep=EgoyMDI2MDQyOS4wIKXMDSoASAFQAw%3D%3D","http://www.fastfinishor.com/","(503) 7495001","Concrete contractor","salem__construction-home-services","fast-finish-llc","/city/salem/construction-home-services/fast-finish-llc/",""
"Focus Landscaping Pros","https://www.google.com/maps/place/Focus+Landscaping+Pros/@44.8441158,-124.4117933,9z/data=!4m10!1m2!2m1!1sLandscaping+Salem+Oregon!3m6!1s0x26bfc35ecc94da4f:0xb7ec8afc15820df1!8m2!3d45.2520596!4d-122.760529!15sChhMYW5kc2NhcGluZyBTYWxlbSBPcmVnb25aGiIYbGFuZHNjYXBpbmcgc2FsZW0gb3JlZ29ukgEKbGFuZHNjYXBlcpoBRENpOURRVWxSUVVOdlpFTm9kSGxqUmpsdlQydG9RbU5xUWpKWFJXOHdVa1JXVVZveVVUQlViVTVtVTBaRk1VMXJSUkFC4AEA-gEECEoQRg!16s%2Fg%2F11wqwgpns6?entry=ttu&g_ep=EgoyMDI2MDQyOS4wIKXMDSoASAFQAw%3D%3D","https://focuslandscapingpros.com/","(503) 9060044","Landscaper","salem__construction-home-services","focus-landscaping-pros","/city/salem/construction-home-services/focus-landscaping-pros/",""
"Garcia Plumbing","https://www.google.com/maps/place/Garcia+Plumbing/@44.9168743,-132.7726043,6z/data=!4m10!1m2!2m1!1sPlumbers+Salem+Oregon!3m6!1s0x54c0049aa3686849:0xfcb70ed66dbc44b0!8m2!3d46.423669!4d-129.9427086!15sChVQbHVtYmVycyBTYWxlbSBPcmVnb25aFyIVcGx1bWJlcnMgc2FsZW0gb3JlZ29ukgEHcGx1bWJlcpoBJENoZERTVWhOTUc5blMwVkpRMEZuU1VNNWFITlhaSE5SUlJBQuABAPoBBAgAEDQ!16s%2Fg%2F1thmf3gk?entry=ttu&g_ep=EgoyMDI2MDQyOS4wIKXMDSoASAFQAw%3D%3D","http://www.garciaplumbing.net/","(503) 3394085","Plumber","salem__construction-home-services","garcia-plumbing","/city/salem/construction-home-services/garcia-plumbing/",""
"Gardner Landscape Salem Inc.","https://www.google.com/maps/place/Gardner+Landscape+Salem+Inc./@44.9322021,-122.9674149,9z/data=!4m10!1m2!2m1!1sLandscaping+Salem+Oregon!3m6!1s0x54c000ab3e00c5d5:0x940b93468a5dab69!8m2!3d44.79698!4d-123.0563749!15sChhMYW5kc2NhcGluZyBTYWxlbSBPcmVnb26SAQpsYW5kc2NhcGVy4AEA!16s%2Fg%2F1tkb4vb6?entry=ttu&g_ep=EgoyMDI2MDQyOS4wIKXMDSoASAFQAw%3D%3D","https://www.gardnerlandscapesalem.com/","(971) 3753602","Landscaper","salem__construction-home-services","gardner-landscape-salem-inc","/city/salem/construction-home-services/gardner-landscape-salem-inc/",""
"GemCast Concrete Construction, LLC","https://www.google.com/maps/place/Gem-Cast+Concrete+Construction,+LLC/@44.9711734,-125.4299418,8z/data=!4m10!1m2!2m1!1sConcrete+Contractors+Salem+Oregon!3m6!1s0x54eaa910647b7819:0x51d9140afc274384!8m2!3d44.917709!4d-123.363848!15sCiFDb25jcmV0ZSBDb250cmFjdG9ycyBTYWxlbSBPcmVnb25aIyIhY29uY3JldGUgY29udHJhY3RvcnMgc2FsZW0gb3JlZ29ukgETY29uY3JldGVfY29udHJhY3RvcpoBRENpOURRVWxSUVVOdlpFTm9kSGxqUmpsdlQyeG9WMUZYY0RaVk1XaFRUbGhPYWs0eFVuTlVhVEZ1VTJwS1EwOVlZeEFC4AEA-gEFCLMCEEQ!16s%2Fg%2F11htq2t7r1?entry=ttu&g_ep=EgoyMDI2MDQyOS4wIKXMDSoASAFQAw%3D%3D","https://www.gemcastconcrete.com/","(503) 9491841","Concrete contractor","salem__construction-home-services","gemcast-concrete-construction-llc","/city/salem/construction-home-services/gemcast-concrete-construction-llc/",""
"Great Yards Landscape Maintenance","https://www.google.com/maps/place/Great+Yards+Landscape+Maintenance/@44.8441158,-124.4117933,9z/data=!4m10!1m2!2m1!1sLandscaping+Salem+Oregon!3m6!1s0x549557977883f5b7:0x9a1b9c001e140967!8m2!3d44.933908!4d-123.0290631!15sChhMYW5kc2NhcGluZyBTYWxlbSBPcmVnb25aGiIYbGFuZHNjYXBpbmcgc2FsZW0gb3JlZ29ukgESbGFuZHNjYXBlX2Rlc2lnbmVymgEkQ2hkRFNVaE5NRzluUzBWSlEwRm5TVVJRWjNaTFdYTkJSUkFC4AEA-gEFCOkBEA0!16s%2Fg%2F11bxd88sr2?entry=ttu&g_ep=EgoyMDI2MDQyOS4wIKXMDSoASAFQAw%3D%3D","https://greatyardslandscape.com/","(503) 9907597","Landscape designer","salem__construction-home-services","great-yards-landscape-maintenance","/city/salem/construction-home-services/great-yards-landscape-maintenance/",""
"J.A. Holland Construction LLC","https://www.google.com/maps/place/J.A.+Holland+Construction+LLC/@44.9711734,-125.4299418,8z/data=!4m10!1m2!2m1!1sConcrete+Contractors+Salem+Oregon!3m6!1s0x54bff9e794cf8d29:0x9b560a6f5ac31ce7!8m2!3d44.820183!4d-122.961293!15sCiFDb25jcmV0ZSBDb250cmFjdG9ycyBTYWxlbSBPcmVnb25aIyIhY29uY3JldGUgY29udHJhY3RvcnMgc2FsZW0gb3JlZ29ukgETY29uY3JldGVfY29udHJhY3RvcpoBJENoZERTVWhOTUc5blMwVkpRMEZuU1VSU2FFd3RXWFYzUlJBQuABAPoBBAgAEEQ!16s%2Fg%2F11nftj0ncz?entry=ttu&g_ep=EgoyMDI2MDQyOS4wIKXMDSoASAFQAw%3D%3D","https://jahollandconstructionllc.com/","(541) 3785811","Concrete contractor","salem__construction-home-services","j-a-holland-construction-llc","/city/salem/construction-home-services/j-a-holland-construction-llc/",""
"Just Send It Drain Cleaning","https://www.google.com/maps/place/Just+Send+It+Drain+Cleaning/@44.9168743,-132.7726043,6z/data=!4m10!1m2!2m1!1sPlumbers+Salem+Oregon!3m6!1s0x54bff979465cd7c1:0xd4f338298fc0e3bd!8m2!3d45.0196545!4d-123.0498005!15sChVQbHVtYmVycyBTYWxlbSBPcmVnb25aFyIVcGx1bWJlcnMgc2FsZW0gb3JlZ29ukgEQZHJhaW5hZ2Vfc2VydmljZZoBIENoUkRTVWhOTUc5blMwVkpRMEZuU1VST2NtRXhaQkFC4AEA-gEFCLcCEEg!16s%2Fg%2F11j4j_r23j?entry=ttu&g_ep=EgoyMDI2MDQyOS4wIKXMDSoASAFQAw%3D%3D","http://senditdraincleaning.com/?utm_source=omg-gbp&utm_medium=webclick","(971) 2181068","Drainage service","salem__construction-home-services","just-send-it-drain-cleaning","/city/salem/construction-home-services/just-send-it-drain-cleaning/",""
"Lane Landscape Design LLC","https://www.google.com/maps/place/Lane+Landscape+Design+LLC/@44.8441158,-124.4117933,9z/data=!4m10!1m2!2m1!1sLandscaping+Salem+Oregon!3m6!1s0xae3b762ab3467b67:0xf2ec3f37d26b2738!8m2!3d44.9114125!4d-123.0498005!15sChhMYW5kc2NhcGluZyBTYWxlbSBPcmVnb25aGiIYbGFuZHNjYXBpbmcgc2FsZW0gb3JlZ29ukgESbGFuZHNjYXBlX2Rlc2lnbmVymgEjQ2haRFNVaE5NRzluUzBWSlEwRm5UVU4zY25BM2VsRm5FQUXgAQD6AQUImAIQQw!16s%2Fg%2F11ybwc77j4?entry=ttu&g_ep=EgoyMDI2MDQyOS4wIKXMDSoASAFQAw%3D%3D","https://lanelandscapedesign.com/","(503) 9311304","Landscape designer","salem__construction-home-services","lane-landscape-design-llc","/city/salem/construction-home-services/lane-landscape-design-llc/",""
"LME CONCRETE","https://www.google.com/maps/place/LME+CONCRETE/@44.9711734,-125.4299418,8z/data=!4m10!1m2!2m1!1sConcrete+Contractors+Salem+Oregon!3m6!1s0x54bfff7d904dbb5d:0x630cbe1820769507!8m2!3d44.8569914!4d-122.6635409!15sCiFDb25jcmV0ZSBDb250cmFjdG9ycyBTYWxlbSBPcmVnb25aIyIhY29uY3JldGUgY29udHJhY3RvcnMgc2FsZW0gb3JlZ29ukgETY29uY3JldGVfY29udHJhY3RvcpoBJENoZERTVWhOTUc5blMwVkpRMEZuU1VSUE0wcHBUVzVSUlJBQuABAPoBBQinARBA!16s%2Fg%2F11q1j66p_b?entry=ttu&g_ep=EgoyMDI2MDQyOS4wIKXMDSoASAFQAw%3D%3D","https://lmeconcretellc.com/","(503) 2701575","Concrete contractor","salem__construction-home-services","lme-concrete","/city/salem/construction-home-services/lme-concrete/",""
"MidWillamette Electric Inc","https://www.google.com/maps/place/Mid-Willamette+Electric+Inc/@44.1455904,-120.8882721,11z/data=!4m10!1m2!2m1!1sElectricians+Salem+Oregon!3m6!1s0x332884e389b2393:0x9c31d02f1f11212e!8m2!3d44.1455904!4d-120.5834015!15sChlFbGVjdHJpY2lhbnMgU2FsZW0gT3JlZ29uWhsiGWVsZWN0cmljaWFucyBzYWxlbSBvcmVnb26SAR9lbGVjdHJpY2FsX2luc3RhbGxhdGlvbl9zZXJ2aWNlmgEjQ2haRFNVaE5NRzluUzBWSlEwRm5TVVJtTlU1SVJWRlJFQUXgAQD6AQQIVhA-!16s%2Fg%2F11vk7h_7z1?entry=ttu&g_ep=EgoyMDI2MDQyOS4wIKXMDSoASAFQAw%3D%3D","https://www.midwillametteelectric.com/?utm_source=google&utm_medium=wix_google_business_profile&utm_campaign=1137362540252684074","(503) 8513442","Electrical installation service","salem__construction-home-services","midwillamette-electric-inc","/city/salem/construction-home-services/midwillamette-electric-inc/",""
"Moxie Construction LLC","https://www.google.com/maps/place/Moxie+Construction+LLC/@44.9711734,-125.4299418,8z/data=!4m10!1m2!2m1!1sConcrete+Contractors+Salem+Oregon!3m6!1s0x67afad14d1707cf9:0xcab2c080484953!8m2!3d44.820183!4d-122.634594!15sCiFDb25jcmV0ZSBDb250cmFjdG9ycyBTYWxlbSBPcmVnb25aIyIhY29uY3JldGUgY29udHJhY3RvcnMgc2FsZW0gb3JlZ29ukgEKbGFuZHNjYXBlcpoBRENpOURRVWxSUVVOdlpFTm9kSGxqUmpsdlQycEJNbE50Y0RSV2VrWlJWbTVvU1UxV1pFeFllbWcyV210ek5WUlhZeEFC4AEA-gEECHAQSw!16s%2Fg%2F11vjgqypnw?entry=ttu&g_ep=EgoyMDI2MDQyOS4wIKXMDSoASAFQAw%3D%3D","https://moxielandscapeconstruction.com/","(503) 5629013","Landscaper","salem__construction-home-services","moxie-construction-llc","/city/salem/construction-home-services/moxie-construction-llc/",""
"RT CONCRETE & CONSTRUCTION","https://www.google.com/maps/place/RT+CONCRETE+%26+CONSTRUCTION/@44.9711734,-125.4299418,8z/data=!4m10!1m2!2m1!1sConcrete+Contractors+Salem+Oregon!3m6!1s0x54bffb87f2ab9e25:0x592a4888b41fc2db!8m2!3d44.933908!4d-123.0290631!15sCiFDb25jcmV0ZSBDb250cmFjdG9ycyBTYWxlbSBPcmVnb25aIyIhY29uY3JldGUgY29udHJhY3RvcnMgc2FsZW0gb3JlZ29ukgETY29uY3JldGVfY29udHJhY3RvcpoBI0NoWkRTVWhOTUc5blMwVkpRMEZuU1VORVgweERWa1ZSRUFF4AEA-gEFCOwBEDk!16s%2Fg%2F11pd13kqqg?entry=ttu&g_ep=EgoyMDI2MDQyOS4wIKXMDSoASAFQAw%3D%3D","http://rtconcretesalem.com/","(971) 3383458","Concrete contractor","salem__construction-home-services","rt-concrete-construction","/city/salem/construction-home-services/rt-concrete-construction/",""
"Superior Roof, Gutter and Contracting LLC","https://www.google.com/maps/place/Superior+Roof,+Gutter+and+Contracting+LLC/@44.9498261,-123.2273446,12z/data=!4m10!1m2!2m1!1sRoofing+Contractor+Salem+Oregon!3m6!1s0x4d40ffab02e0fb31:0x4c55140c1b0b52fb!8m2!3d44.820183!4d-122.8403024!15sCh9Sb29maW5nIENvbnRyYWN0b3IgU2FsZW0gT3JlZ29uWiEiH3Jvb2ZpbmcgY29udHJhY3RvciBzYWxlbSBvcmVnb26SAQ5ndXR0ZXJfc2VydmljZZoBJENoZERTVWhOTUc5blMwVkpRMEZuU1VSS09WQk1iVEZSUlJBQuABAPoBBAgAEEs!16s%2Fg%2F11kqdzkgh7?entry=ttu&g_ep=EgoyMDI2MDQyOS4wIKXMDSoASAFQAw%3D%3D","http://superiorrgw.com/","(971) 4460873","Gutter service","salem__construction-home-services","superior-roof-gutter-and-contracting-llc","/city/salem/construction-home-services/superior-roof-gutter-and-contracting-llc/",""
"Thrasher Plumbing LLC","https://www.google.com/maps/place/Thrasher+Plumbing+LLC/@44.9168743,-132.7726043,6z/data=!4m10!1m2!2m1!1sPlumbers+Salem+Oregon!3m6!1s0x54c0070e0e8fd27f:0xd814c7eb5abffc89!8m2!3d44.816922!4d-122.7750505!15sChVQbHVtYmVycyBTYWxlbSBPcmVnb25aFyIVcGx1bWJlcnMgc2FsZW0gb3JlZ29ukgEHcGx1bWJlcpoBJENoZERTVWhOTUc5blMwVkpRMEZuVFVSSmRVMUljR3AzUlJBQuABAPoBBAgAEDs!16s%2Fg%2F11cp5rwxx6?entry=ttu&g_ep=EgoyMDI2MDQyOS4wIKXMDSoASAFQAw%3D%3D","https://thrasherplumbingsalem.com/","(971) 3756336","Plumber","salem__construction-home-services","thrasher-plumbing-llc","/city/salem/construction-home-services/thrasher-plumbing-llc/",""
"Town & Country Plumbing","https://www.google.com/maps/place/Town+%26+Country+Plumbing/@44.9168743,-132.7726043,6z/data=!4m10!1m2!2m1!1sPlumbers+Salem+Oregon!3m6!1s0x54c003a312baae6b:0xd37521a96050a640!8m2!3d44.9511864!4d-122.7295195!15sChVQbHVtYmVycyBTYWxlbSBPcmVnb25aFyIVcGx1bWJlcnMgc2FsZW0gb3JlZ29ukgEHcGx1bWJlcpoBJENoZERTVWhOTUc5blMwVkpRMEZuU1VNMWQzWm1SMmgzUlJBQuABAPoBBAgcED8!16s%2Fg%2F1tg8jg94?entry=ttu&g_ep=EgoyMDI2MDQyOS4wIKXMDSoASAFQAw%3D%3D","https://www.facebook.com/profile.php?id=100063506735268","(503) 3628008","Plumber","salem__construction-home-services","town-country-plumbing","/city/salem/construction-home-services/town-country-plumbing/",""
"United Plumbing Salem","https://www.google.com/maps/place/United+Plumbing+Salem/@44.9168743,-132.7726043,6z/data=!4m10!1m2!2m1!1sPlumbers+Salem+Oregon!3m6!1s0x54955774b7ed4c83:0x7a3ad94140d7872f!8m2!3d44.8413595!4d-123.0792125!15sChVQbHVtYmVycyBTYWxlbSBPcmVnb25aFyIVcGx1bWJlcnMgc2FsZW0gb3JlZ29ukgEHcGx1bWJlcuABAA!16s%2Fg%2F11ndzl5xsn?entry=ttu&g_ep=EgoyMDI2MDQyOS4wIKXMDSoASAFQAw%3D%3D","https://plumberssalemoregon.com/","(503) 3028549","Plumber","salem__construction-home-services","united-plumbing-salem","/city/salem/construction-home-services/united-plumbing-salem/",""
"Willamette Concrete LLC","https://www.google.com/maps/place/Willamette+Concrete+LLC/@44.9711734,-125.4299418,8z/data=!4m10!1m2!2m1!1sConcrete+Contractors+Salem+Oregon!3m6!1s0x54bff92543ee4da7:0x1da3d2df193a2e21!8m2!3d44.933908!4d-123.0290631!15sCiFDb25jcmV0ZSBDb250cmFjdG9ycyBTYWxlbSBPcmVnb25aIyIhY29uY3JldGUgY29udHJhY3RvcnMgc2FsZW0gb3JlZ29ukgETY29uY3JldGVfY29udHJhY3RvcpoBI0NoWkRTVWhOTUc5blMwVkpRMEZuU1VOd2NFNHlWVVJSRUFF4AEA-gEECEkQNg!16s%2Fg%2F11jdmrh42l?entry=ttu&g_ep=EgoyMDI2MDQyOS4wIKXMDSoASAFQAw%3D%3D","https://www.willametteconcretellc.com/","(503) 4096457","Concrete contractor","salem__construction-home-services","willamette-concrete-llc","/city/salem/construction-home-services/willamette-concrete-llc/",""
"Willamette Valley Landscape","https://www.google.com/maps/place/Willamette+Valley+Landscape/@44.9322021,-122.9674149,9z/data=!4m10!1m2!2m1!1sLandscaping+Salem+Oregon!3m6!1s0x2feae89ae063442f:0xaded8e5d76c29356!8m2!3d44.88241!4d-123.0563749!15sChhMYW5kc2NhcGluZyBTYWxlbSBPcmVnb25aGiIYbGFuZHNjYXBpbmcgc2FsZW0gb3JlZ29ukgESbGFuZHNjYXBlX2Rlc2lnbmVymgEjQ2haRFNVaE5NRzluUzBWSlEwRm5TVVJTY0U5eWNsaFJFQUXgAQD6AQQIABBH!16s%2Fg%2F11txq8pfjp?entry=ttu&g_ep=EgoyMDI2MDQyOS4wIKXMDSoASAFQAw%3D%3D","https://wvlandscapes.com/","(503) 8772309","Landscape designer","salem__construction-home-services","willamette-valley-landscape","/city/salem/construction-home-services/willamette-valley-landscape/",""
"Wolf Pack Plumbing","https://www.google.com/maps/place/Wolf+Pack+Plumbing/@44.9168743,-132.7726043,6z/data=!4m10!1m2!2m1!1sPlumbers+Salem+Oregon!3m6!1s0x466787e26701acb1:0xa4194738a55ddb74!8m2!3d45.0070286!4d-122.9725546!15sChVQbHVtYmVycyBTYWxlbSBPcmVnb25aFyIVcGx1bWJlcnMgc2FsZW0gb3JlZ29ukgEHcGx1bWJlcpoBRENpOURRVWxSUVVOdlpFTm9kSGxqUmpsdlQyeFJNVk5YYnpOVVJsSkZXa1Z3Tms5R1JqSlZWV1IwV1ROd1VWVkZSUkFC4AEA-gEECAAQRQ!16s%2Fg%2F11kc8hdp22?entry=ttu&g_ep=EgoyMDI2MDQyOS4wIKXMDSoASAFQAw%3D%3D","https://www.wolfpackplumbingor.com/","(503) 8782524","Plumber","salem__construction-home-services","wolf-pack-plumbing","/city/salem/construction-home-services/wolf-pack-plumbing/",""
"Bliss By Jami Sautner","https://www.google.com/maps/place/Bliss+By+Jami+Sautner/@46.423669,-132.3816734,8z/data=!4m11!1m3!2m2!1sHair+and+Nail+Salons+Springfield+Oregon!6e1!3m6!1s0x54c11e143fd4e7df:0x3672d8ea531e2d99!8m2!3d46.423669!4d-129.9427086!15sCidIYWlyIGFuZCBOYWlsIFNhbG9ucyBTcHJpbmdmaWVsZCBPcmVnb25aKSInaGFpciBhbmQgbmFpbCBzYWxvbnMgc3ByaW5nZmllbGQgb3JlZ29ukgENZXllbGFzaF9zYWxvbpoBJENoZERTVWhOTUc5blMwVkpRMEZuU1VSbE1uVkxiR2QzUlJBQuABAPoBBAhpEC4!16s%2Fg%2F11f126mqxy?entry=ttu&g_ep=EgoyMDI2MDQyOS4wIKXMDSoASAFQAw%3D%3D","http://www.vagaro.com/blissbyjami","(541) 9999254","Eyelash salon","springfield__beauty-personal-care","bliss-by-jami-sautner","/city/springfield/beauty-personal-care/bliss-by-jami-sautner/",""
"Best SEO Company for Real Estate","https://www.google.com/maps/place/Best+SEO+Company+for+Real+Estate/@44.049719,-127.9711028,7z/data=!4m10!1m2!2m1!1sWeb+Design+and+Digital+Marketing+Springfield+Oregon!3m6!1s0x42c51bca5dab044b:0x19133aa548487224!8m2!3d46.423669!4d-129.9427086!15sCjNXZWIgRGVzaWduIGFuZCBEaWdpdGFsIE1hcmtldGluZyBTcHJpbmdmaWVsZCBPcmVnb25aNSIzd2ViIGRlc2lnbiBhbmQgZGlnaXRhbCBtYXJrZXRpbmcgc3ByaW5nZmllbGQgb3JlZ29ukgEQd2Vic2l0ZV9kZXNpZ25lcpoBJENoZERTVWhOTUc5blMwVkpRMEZuU1VOdWVFOUxMVEpSUlJBQuABAPoBBAgAEEw!16s%2Fg%2F11lnt_wg10?entry=ttu&g_ep=EgoyMDI2MDQyOS4wIKXMDSoASAFQAw%3D%3D","http://bestseocompanyforrealestate.com/","(541) 5549757","Website designer","springfield__business-professional-services","best-seo-company-for-real-estate","/city/springfield/business-professional-services/best-seo-company-for-real-estate/",""
"Alfa & Omega Construction LLC Residential Painting Service Commercial Exterior House Painting Company in Springfield OR","https://www.google.com/maps/place/Alfa+%26+Omega+Construction+LLC+-+Residential+Painting+Service+Commercial+Exterior+House+Painting+Company+in+Springfield+OR/@43.0775284,-126.8550176,8z/data=!4m10!1m2!2m1!1sConcrete+Contractors+Springfield+Oregon!3m6!1s0x54c0e18f82fecc39:0xc6683fbb84a29a48!8m2!3d44.059293!4d-122.964626!15sCidDb25jcmV0ZSBDb250cmFjdG9ycyBTcHJpbmdmaWVsZCBPcmVnb25aKSInY29uY3JldGUgY29udHJhY3RvcnMgc3ByaW5nZmllbGQgb3JlZ29ukgEHcGFpbnRlcpoBI0NoWkRTVWhOTUc5blMwVkpRMEZuU1VST09UZFhOMlozRUFF4AEA-gEECAAQNw!16s%2Fg%2F11nmfqyt8r?entry=ttu&g_ep=EgoyMDI2MDQyOS4wIKXMDSoASAFQAw%3D%3D","https://alfaomegaconstructionor.com/","","Painter","springfield__construction-home-services","alfa-omega-construction-llc-residential-painting-service-commercial-exterior-house-painting-company-in-springfield-or","/city/springfield/construction-home-services/alfa-omega-construction-llc-residential-painting-service-commercial-exterior-house-painting-company-in-springfield-or/",""
"American Concrete Company","https://www.google.com/maps/place/American+Concrete+Company/@43.0775284,-126.8550176,8z/data=!4m10!1m2!2m1!1sConcrete+Contractors+Springfield+Oregon!3m6!1s0x54c0e312abd74771:0x7850f546d45feb2f!8m2!3d46.423669!4d-129.9427086!15sCidDb25jcmV0ZSBDb250cmFjdG9ycyBTcHJpbmdmaWVsZCBPcmVnb26SARNjb25jcmV0ZV9jb250cmFjdG9y4AEA!16s%2Fg%2F1td12_m2?entry=ttu&g_ep=EgoyMDI2MDQyOS4wIKXMDSoASAFQAw%3D%3D","http://americanconco.com/","(541) 7268597","Concrete contractor","springfield__construction-home-services","american-concrete-company","/city/springfield/construction-home-services/american-concrete-company/",""
"Bates Construction and Excavation, LLC","https://www.google.com/maps/place/Bates+Construction+and+Excavation,+LLC/@44.1455904,-123.0223663,8z/data=!4m10!1m2!2m1!1sConcrete+Contractors+Springfield+Oregon!3m6!1s0x54c12560e381140d:0x4587f24167bf5c06!8m2!3d44.0793324!4d-122.9990969!15sCidDb25jcmV0ZSBDb250cmFjdG9ycyBTcHJpbmdmaWVsZCBPcmVnb25aKSInY29uY3JldGUgY29udHJhY3RvcnMgc3ByaW5nZmllbGQgb3JlZ29ukgETY29uY3JldGVfY29udHJhY3RvcpoBJENoZERTVWhOTUc5blMwVkpRMEZuU1VNdGVpMWZRbmgzUlJBQuABAPoBBQjMARBF!16s%2Fg%2F11gk4j_j2y?entry=ttu&g_ep=EgoyMDI2MDQyOS4wIKXMDSoASAFQAw%3D%3D","","(541) 5254721","Concrete contractor","springfield__construction-home-services","bates-construction-and-excavation-llc","/city/springfield/construction-home-services/bates-construction-and-excavation-llc/",""
"CHOICE ELECTRIC","https://www.google.com/maps/place/CHOICE+ELECTRIC/@46.423669,-129.9427085,3z/data=!4m10!1m2!2m1!1sElectricians+Springfield+Oregon!3m6!1s0x81f7c5bd8de66c41:0xe5f7a26930ec632b!8m2!3d44.005187!4d-123.07137!15sCh9FbGVjdHJpY2lhbnMgU3ByaW5nZmllbGQgT3JlZ29uWiEiH2VsZWN0cmljaWFucyBzcHJpbmdmaWVsZCBvcmVnb26SAQtlbGVjdHJpY2lhbpoBRENpOURRVWxSUVVOdlpFTm9kSGxqUmpsdlQydG9kVlZHT1ZGT01EUTFWMVpPTms5V1VsRlRNakYxWXpCd1IweFlZeEFC4AEA-gEFCMcBEDQ!16s%2Fg%2F11ylc09p43?entry=ttu&g_ep=EgoyMDI2MDQyOS4wIKXMDSoASAFQAw%3D%3D","https://choiceelectricoregon.com/","(541) 5201818","Electrician","springfield__construction-home-services","choice-electric","/city/springfield/construction-home-services/choice-electric/",""
"Combs Construction","https://www.google.com/maps/place/Combs+Construction/@43.9334054,-125.9452094,8z/data=!4m10!1m2!2m1!1sConcrete+Contractors+Springfield+Oregon!3m6!1s0x8f19c143c0989e05:0xeb182b0dda4803f0!8m2!3d43.863966!4d-122.9990969!15sCidDb25jcmV0ZSBDb250cmFjdG9ycyBTcHJpbmdmaWVsZCBPcmVnb25aKSInY29uY3JldGUgY29udHJhY3RvcnMgc3ByaW5nZmllbGQgb3JlZ29ukgEUY29uc3RydWN0aW9uX2NvbXBhbnmaASNDaFpEU1VoTk1HOW5TMFZKUTBGblNVUkNNRmt0WDA5QkVBReABAPoBBQimAhBC!16s%2Fg%2F11qh06llm5?entry=ttu&g_ep=EgoyMDI2MDQyOS4wIKXMDSoASAFQAw%3D%3D","https://www.combsconstructionllc.com/","(541) 5205732","Construction company","springfield__construction-home-services","combs-construction","/city/springfield/construction-home-services/combs-construction/",""
"Eugene Concrete","https://www.google.com/maps/place/Eugene+Concrete/@44.1455904,-123.0223663,8z/data=!4m10!1m2!2m1!1sConcrete+Contractors+Springfield+Oregon!3m6!1s0xa46f195428a5b3a1:0xec94a4b31bd5557d!8m2!3d44.0712379!4d-123.1255575!15sCidDb25jcmV0ZSBDb250cmFjdG9ycyBTcHJpbmdmaWVsZCBPcmVnb25aKSInY29uY3JldGUgY29udHJhY3RvcnMgc3ByaW5nZmllbGQgb3JlZ29ukgETY29uY3JldGVfY29udHJhY3RvcuABAA!16s%2Fg%2F11z6c1xs6z?entry=ttu&g_ep=EgoyMDI2MDQyOS4wIKXMDSoASAFQAw%3D%3D","https://eugeneconcreteco.com/","(541) 6583425","Concrete contractor","springfield__construction-home-services","eugene-concrete","/city/springfield/construction-home-services/eugene-concrete/",""
"Eugene Garden Coach","https://www.google.com/maps/place/Eugene+Garden+Coach/@44.0321785,-124.3450399,9z/data=!4m10!1m2!2m1!1sLandscaping+Springfield+Oregon!3m6!1s0x54c11fd39e8be44f:0x477bb69b58d7a6dd!8m2!3d43.863966!4d-122.9990969!15sCh5MYW5kc2NhcGluZyBTcHJpbmdmaWVsZCBPcmVnb25aICIebGFuZHNjYXBpbmcgc3ByaW5nZmllbGQgb3JlZ29ukgESbGFuZHNjYXBlX2Rlc2lnbmVymgEjQ2haRFNVaE5NRzluUzBWSlEwRm5TVVF0ZFV4WU5VNW5FQUXgAQD6AQUIgwEQPw!16s%2Fg%2F11j90v6d69?entry=ttu&g_ep=EgoyMDI2MDQyOS4wIKXMDSoASAFQAw%3D%3D","https://www.eugenegardencoach.com/","(541) 5798664","Landscape designer","springfield__construction-home-services","eugene-garden-coach","/city/springfield/construction-home-services/eugene-garden-coach/",""
"Eugene Sod Company LLC","https://www.google.com/maps/place/Eugene+Sod+Company+LLC/@44.0321785,-124.3450399,9z/data=!4m10!1m2!2m1!1sLandscaping+Springfield+Oregon!3m6!1s0x4d616085b2b0005d:0x3cff8662c55d95f1!8m2!3d43.863845!4d-122.9630172!15sCh5MYW5kc2NhcGluZyBTcHJpbmdmaWVsZCBPcmVnb25aICIebGFuZHNjYXBpbmcgc3ByaW5nZmllbGQgb3JlZ29ukgEYbGFuZHNjYXBpbmdfc3VwcGx5X3N0b3JlmgEkQ2hkRFNVaE5NRzluUzBWSlEwRm5UVU4zZG1aeWJDMTNSUkFC4AEA-gEECDAQKA!16s%2Fg%2F11wq961173?entry=ttu&g_ep=EgoyMDI2MDQyOS4wIKXMDSoASAFQAw%3D%3D","https://eugenesodcompany.com/","(541) 3374931","Landscaping supply store","springfield__construction-home-services","eugene-sod-company-llc","/city/springfield/construction-home-services/eugene-sod-company-llc/",""
"Finish Pro Concrete","https://www.google.com/maps/place/Finish+Pro+Concrete/@43.9334054,-125.9452094,8z/data=!4m10!1m2!2m1!1sConcrete+Contractors+Springfield+Oregon!3m6!1s0xaa72c9e57003b64d:0x9db514138f7c6c28!8m2!3d44.005187!4d-123.07137!15sCidDb25jcmV0ZSBDb250cmFjdG9ycyBTcHJpbmdmaWVsZCBPcmVnb25aKSInY29uY3JldGUgY29udHJhY3RvcnMgc3ByaW5nZmllbGQgb3JlZ29ukgETY29uY3JldGVfY29udHJhY3RvcpoBRENpOURRVWxSUVVOdlpFTm9kSGxqUmpsdlQyNVNWMUZ0V25aVlJWWjRXREJOZUdWVmFHdGpiWGh4WXpCT1dXTkZSUkFC4AEA-gEECAAQPw!16s%2Fg%2F11ydck3kcd?entry=ttu&g_ep=EgoyMDI2MDQyOS4wIKXMDSoASAFQAw%3D%3D","https://www.finishproconcrete.com/","(541) 2154345","Concrete contractor","springfield__construction-home-services","finish-pro-concrete","/city/springfield/construction-home-services/finish-pro-concrete/",""
"JLN Roofing and Construction , LLC","https://www.google.com/maps/place/JLN+Roofing+and+Construction+,+LLC/@44.2378674,-122.981723,8z/data=!4m10!1m2!2m1!1sRoofing+Contractor+Springfield+Oregon!3m6!1s0xab3d6ac7821bfd63:0x4a149edb94619bc!8m2!3d44.2378674!4d-122.981723!15sCiVSb29maW5nIENvbnRyYWN0b3IgU3ByaW5nZmllbGQgT3JlZ29uWiciJXJvb2ZpbmcgY29udHJhY3RvciBzcHJpbmdmaWVsZCBvcmVnb26SARJyb29maW5nX2NvbnRyYWN0b3KaAURDaTlEUVVsUlFVTnZaRU5vZEhsalJqbHZUMnBDUms1c2J6SlhWbHAwWWpKd1NtRkVTazVTTTNCNVRWZDRhMDB3UlJBQuABAPoBBQjmBRBL!16s%2Fg%2F11rc__5371?entry=ttu&g_ep=EgoyMDI2MDQyOS4wIKXMDSoASAFQAw%3D%3D","https://www.jlnroofingoregon.com/","(541) 2378311","Roofing contractor","springfield__construction-home-services","jln-roofing-and-construction-llc","/city/springfield/construction-home-services/jln-roofing-and-construction-llc/",""
"New View Yard Maintenance","https://www.google.com/maps/place/New+View+Yard+Maintenance/@44.0321785,-124.3450399,9z/data=!4m10!1m2!2m1!1sLandscaping+Springfield+Oregon!3m6!1s0x46de762f70dc41e7:0xd960552c37e54667!8m2!3d44.071441!4d-123.0438149!15sCh5MYW5kc2NhcGluZyBTcHJpbmdmaWVsZCBPcmVnb25aICIebGFuZHNjYXBpbmcgc3ByaW5nZmllbGQgb3JlZ29ukgEKbGFuZHNjYXBlcpoBRENpOURRVWxSUVVOdlpFTm9kSGxqUmpsdlQydFdSR0ZXUWpCV1JUVk1WVEpTZEdOSGFGRlNSbEl6VTFoUmRGb3pZeEFC4AEA-gEECCEQHw!16s%2Fg%2F11v_5ylplf?entry=ttu&g_ep=EgoyMDI2MDQyOS4wIKXMDSoASAFQAw%3D%3D","https://www.newviewyardmaintenance.com/","(541) 3374931","Landscaper","springfield__construction-home-services","new-view-yard-maintenance","/city/springfield/construction-home-services/new-view-yard-maintenance/",""
"On the Spot Concrete Inc","https://www.google.com/maps/place/On+the+Spot+Concrete+Inc/@43.9334054,-125.9452094,8z/data=!4m10!1m2!2m1!1sConcrete+Contractors+Springfield+Oregon!3m6!1s0x54c0e1a555555555:0x249e508e5d4b2cc5!8m2!3d44.115921!4d-122.9990969!15sCidDb25jcmV0ZSBDb250cmFjdG9ycyBTcHJpbmdmaWVsZCBPcmVnb26SARtyZWFkeV9taXhfY29uY3JldGVfc3VwcGxpZXLgAQA!16s%2Fg%2F1v16q0l2?entry=ttu&g_ep=EgoyMDI2MDQyOS4wIKXMDSoASAFQAw%3D%3D","","(541) 7479787","Ready mix concrete supplier","springfield__construction-home-services","on-the-spot-concrete-inc","/city/springfield/construction-home-services/on-the-spot-concrete-inc/",""
"Pinnacle Plumbing and Drains Inc.","https://www.google.com/maps/place/Pinnacle+Plumbing+and+Drains+Inc./@44.0571469,-124.3350984,9z/data=!4m10!1m2!2m1!1sPlumbers+Springfield+Oregon!3m6!1s0x818bd1661441ae15:0x995d4cc2608dff8a!8m2!3d44.115921!4d-122.9990969!15sChtQbHVtYmVycyBTcHJpbmdmaWVsZCBPcmVnb25aHSIbcGx1bWJlcnMgc3ByaW5nZmllbGQgb3JlZ29ukgEHcGx1bWJlcpoBI0NoWkRTVWhOTUc5blMwVkpRMEZuU1VRNWIyOXRlbEpCRUFF4AEA-gEECDMQMQ!16s%2Fg%2F11sk1jyn16?entry=ttu&g_ep=EgoyMDI2MDQyOS4wIKXMDSoASAFQAw%3D%3D","http://www.pinnaclepnd.com/","(541) 7805339","Plumber","springfield__construction-home-services","pinnacle-plumbing-and-drains-inc","/city/springfield/construction-home-services/pinnacle-plumbing-and-drains-inc/",""
"Precision Sewer and Drain","https://www.google.com/maps/place/Precision+Sewer+and+Drain/@44.1455904,-121.8028839,9z/data=!4m10!1m2!2m1!1sPlumbers+Springfield+Oregon!3m6!1s0x211285984a1980dd:0x1fe16deef89a8c02!8m2!3d44.1455904!4d-120.5834015!15sChtQbHVtYmVycyBTcHJpbmdmaWVsZCBPcmVnb25aHSIbcGx1bWJlcnMgc3ByaW5nZmllbGQgb3JlZ29ukgEHcGx1bWJlcpoBJENoZERTVWhOTUc5blMwVkpRMEZuU1VNMWJXTXpUamhCUlJBQuABAPoBBQj0ARBF!16s%2Fg%2F11v69tkl3y?entry=ttu&g_ep=EgoyMDI2MDQyOS4wIKXMDSoASAFQAw%3D%3D","https://precisionsewerdrain.com/","(541) 6364725","Plumber","springfield__construction-home-services","precision-sewer-and-drain","/city/springfield/construction-home-services/precision-sewer-and-drain/",""
"Rain or Shine Roofing","https://www.google.com/maps/place/Rain+or+Shine+Roofing/@44.1797915,-126.0237018,8z/data=!4m10!1m2!2m1!1sRoofing+Contractor+Springfield+Oregon!3m6!1s0x22aa6d5f3923a465:0xbe696485c06e46f!8m2!3d44.1797915!4d-123.584737!15sCiVSb29maW5nIENvbnRyYWN0b3IgU3ByaW5nZmllbGQgT3JlZ29ukgEScm9vZmluZ19jb250cmFjdG9y4AEA!16s%2Fg%2F11v3n1gqt1?entry=ttu&g_ep=EgoyMDI2MDQyOS4wIKXMDSoASAFQAw%3D%3D","http://expertroofer.net/","(541) 6063306","Roofing contractor","springfield__construction-home-services","rain-or-shine-roofing","/city/springfield/construction-home-services/rain-or-shine-roofing/",""
"Saint Joseph Construction","https://www.google.com/maps/place/Saint+Joseph+Construction/@43.9334054,-125.9452094,8z/data=!4m10!1m2!2m1!1sConcrete+Contractors+Springfield+Oregon!3m6!1s0x497ba9eab7e0505f:0xbd287de68e5b9b53!8m2!3d44.059293!4d-122.964626!15sCidDb25jcmV0ZSBDb250cmFjdG9ycyBTcHJpbmdmaWVsZCBPcmVnb25aKSInY29uY3JldGUgY29udHJhY3RvcnMgc3ByaW5nZmllbGQgb3JlZ29ukgESZ2VuZXJhbF9jb250cmFjdG9ymgEjQ2haRFNVaE5NRzluUzBWSlEwRm5TVVE1ZWt4TVpGRm5FQUXgAQD6AQQIdhA8!16s%2Fg%2F11vpz5v180?entry=ttu&g_ep=EgoyMDI2MDQyOS4wIKXMDSoASAFQAw%3D%3D","https://saintjosephconstructionllc.us/","","General contractor","springfield__construction-home-services","saint-joseph-construction","/city/springfield/construction-home-services/saint-joseph-construction/",""
"Witcraft Pressure Washing & Landscaping","https://www.google.com/maps/place/Witcraft+Pressure+Washing+%26+Landscaping/@44.0321785,-124.3450399,9z/data=!4m10!1m2!2m1!1sLandscaping+Springfield+Oregon!3m6!1s0x8b7c3f66b5e40f5d:0xfc063ee37b5b028d!8m2!3d44.0599225!4d-123.0438149!15sCh5MYW5kc2NhcGluZyBTcHJpbmdmaWVsZCBPcmVnb25aICIebGFuZHNjYXBpbmcgc3ByaW5nZmllbGQgb3JlZ29ukgEYcHJlc3N1cmVfd2FzaGluZ19zZXJ2aWNlmgEjQ2haRFNVaE5NRzluUzBWSlEwRm5TVU5ZY0dGSU4wVjNFQUXgAQD6AQQIABA8!16s%2Fg%2F11sr6tcr5w?entry=ttu&g_ep=EgoyMDI2MDQyOS4wIKXMDSoASAFQAw%3D%3D","http://witcraftpw.com/","","Pressure washing service","springfield__construction-home-services","witcraft-pressure-washing-landscaping","/city/springfield/construction-home-services/witcraft-pressure-washing-landscaping/",""
"Britt Brown Mobile LMT","https://www.google.com/maps/place/Britt+Brown+Mobile+LMT/@43.2540775,-123.1279079,8z/data=!4m11!1m3!2m2!1sMassage+Therapists+Springfield+Oregon!6e1!3m6!1s0x80a8f7d2c5538313:0x8e06b7384f74c8db!8m2!3d44.0599225!4d-123.0438149!15sCiVNYXNzYWdlIFRoZXJhcGlzdHMgU3ByaW5nZmllbGQgT3JlZ29uWiciJW1hc3NhZ2UgdGhlcmFwaXN0cyBzcHJpbmdmaWVsZCBvcmVnb26SARFtYXNzYWdlX3RoZXJhcGlzdJoBI0NoWkRTVWhOTUc5blMwVkpRMEZuU1VOcU1GbFVVVkJSRUFF4AEA-gEECH4QPw!16s%2Fg%2F11pkfc23n4?entry=ttu&g_ep=EgoyMDI2MDQyOS4wIKXMDSoASAFQAw%3D%3D","http://brittbrownmobilelmt.com/","(971) 7202584","Massage therapist","springfield__health-wellness","britt-brown-mobile-lmt","/city/springfield/health-wellness/britt-brown-mobile-lmt/",""
"Jackson Law","https://www.google.com/maps/place/Jackson+Law/@46.423669,-130.0951439,12z/data=!4m10!1m2!2m1!1sLaw+Firms+Springfield+Oregon!3m6!1s0x54c11f186a005c87:0xc8a56cb7e8b4d642!8m2!3d46.423669!4d-129.9427086!15sChxMYXcgRmlybXMgU3ByaW5nZmllbGQgT3JlZ29uWh4iHGxhdyBmaXJtcyBzcHJpbmdmaWVsZCBvcmVnb26SAQhsYXdfZmlybZoBRENpOURRVWxSUVVOdlpFTm9kSGxqUmpsdlQydG9VRTB6VGtkVWEzQkVVbTB4ZWs5SE1YbFdSR2Q0WlZod1QxbFhZeEFC4AEA-gEFCLQBED0!16s%2Fg%2F11ympryf8v?entry=ttu&g_ep=EgoyMDI2MDQyOS4wIKXMDSoASAFQAw%3D%3D","https://www.rjacksonlawfirm.com/","(503) 4000532","Law firm","springfield__legal-services","jackson-law","/city/springfield/legal-services/jackson-law/",""
